,日期,最高气温,最低气温,天气,风向,风力
0,2011-01-01,6,2,多云~雨夹雪,北风,4-5级
1,2011-01-02,6,2,多云,北风,4-5级
2,2011-01-03,7,2,多云~阴,东北风,3-4级
3,2011-01-04,6,1,小雨,北风,4-5级
4,2011-01-05,5,0,阴~多云,北风,4-5级
5,2011-01-06,6,0,多云,北风,3-4级
6,2011-01-07,7,2,多云,北风,4-5级
7,2011-01-08,7,4,多云~阴,东北风,3-4级
8,2011-01-09,7,0,阴~多云,北风,3-4级
9,2011-01-10,5,0,多云~阴,东北风~东风,4-5级~3-4级
10,2011-01-11,6,2,多云,东风,3-4级
11,2011-01-12,7,3,多云~阴,东北风,3-4级
12,2011-01-13,6,0,阴~多云,东北风,4-5级
13,2011-01-14,5,-2,多云,北风,4-5级
14,2011-01-15,3,-1,多云,北风~东北风,4-5级
15,2011-01-16,4,0,多云~阴,东北风,4-5级~3-4级
16,2011-01-26,7,2,阴,东北风,3-4级
17,2011-01-29,4,-2,晴~多云,北风,4-5级
18,2011-01-30,4,-3,多云~晴,西北风,4-5级~3-4级
19,2011-01-31,7,-2,晴,西北风,微风~3-4级
20,2011-02-01,9,1,多云,西南风,3-4级
21,2011-02-02,11,2,晴,西南风,微风
22,2011-02-03,13,3,晴~多云,南风,微风~3-4级
23,2011-02-04,14,4,晴,南风~北风,3-4级
24,2011-02-05,15,5,晴~多云,北风~东南风,3-4级
25,2011-02-06,16,5,多云~晴,南风~北风,3-4级
26,2011-02-07,15,10,多云~阴,东风~东南风,3-4级
27,2011-02-08,19,6,多云,东北风,3-4级
28,2011-02-09,9,4,阴~小雨,北风,4-5级
29,2011-02-10,5,1,小雨~雨夹雪,东北风,4-5级
30,2011-02-11,6,-1,多云,北风,4-5级
31,2011-02-12,5,0,多云~阴,北风~东北风,4-5级~3-4级
32,2011-02-13,4,0,阴,东北风,3-4级
33,2011-02-14,4,-1,多云,北风,4-5级~3-4级
34,2011-02-15,6,3,晴~多云,东北风~东风,3-4级
35,2011-02-16,9,5,小雨,东南风~东北风,3-4级
36,2011-02-17,5,3,阴~多云,东北风,4-5级
37,2011-02-18,6,2,多云~阴,北风~东北风,4-5级~3-4级
38,2011-02-19,8,3,阴~多云,北风~东北风,3-4级
39,2011-02-20,11,2,多云~晴,东北风,3-4级
40,2011-02-21,12,5,晴,北风~东北风,3-4级
41,2011-02-22,13,7,晴~多云,东风~东南风,3-4级
42,2011-02-23,16,8,晴,东南风,3-4级
43,2011-02-24,18,9,晴~多云,东南风~东风,3-4级
44,2011-02-25,13,9,多云~阴,东北风~东南风,4-5级
45,2011-02-26,15,11,小雨~阴,东南风,3-4级~4-5级
46,2011-02-27,20,7,多云~阵雨,西北风~北风,3-4级~4-5级
47,2011-02-28,7,4,小雨,北风,4-5级
48,2011-03-01,6,0,阴~多云,北风,4-5级~3-4级
49,2011-03-02,8,1,晴,北风,3-4级
50,2011-03-03,9,1,阴~多云,北风,3-4级
51,2011-03-04,9,4,晴~多云,东北风~东南风,3-4级
52,2011-03-05,13,7,多云~小雨,东南风~南风,4-5级~3-4级
53,2011-03-06,10,4,小雨~阴,北风,3-4级~4-5级
54,2011-03-07,10,2,晴,北风,3-4级
55,2011-03-08,15,5,晴~多云,西南风,3-4级
56,2011-03-09,14,3,多云,北风,4-5级~3-4级
57,2011-03-10,13,6,晴~多云,东南风,3-4级
58,2011-03-11,17,9,晴~多云,南风,3-4级~4-5级
59,2011-03-12,17,10,多云,南风~东南风,4-5级
60,2011-03-13,18,8,多云~阵雨,东南风,4-5级~3-4级
61,2011-03-14,14,4,小雨,北风,4-5级
62,2011-03-15,9,2,阴~多云,北风,4-5级
63,2011-03-16,12,4,多云~晴,西北风~东北风,3-4级
64,2011-03-17,16,6,晴~多云,东南风~南风,3-4级~4-5级
65,2011-03-18,15,9,阴,东南风~南风,4-5级~3-4级
66,2011-03-19,16,12,阵雨,南风,4-5级
67,2011-03-20,16,7,阵雨~中雨,东北风,4-5级
68,2011-03-21,8,5,中雨~小雨,北风,4-5级
69,2011-03-22,9,3,小雨~多云,北风,4-5级~3-4级
70,2011-03-23,13,6,晴~多云,东风,3-4级
71,2011-03-24,16,5,多云,南风~北风,3-4级~4-5级
72,2011-03-25,13,5,晴~多云,东北风~东南风,3-4级
73,2011-03-26,15,7,晴~多云,西南风~南风,3-4级
74,2011-03-27,17,8,晴~多云,南风,3-4级
75,2011-03-28,19,9,晴~多云,西南风~北风,3-4级~4-5级
76,2011-03-29,14,6,多云~晴,东北风,4-5级~3-4级
77,2011-03-30,16,7,晴~多云,南风~东南风,3-4级~4-5级
78,2011-03-31,19,9,晴~多云,东南风,3-4级
79,2011-04-01,21,10,多云~阴,东南风~东风,4-5级
80,2011-04-02,16,7,阴~小雨,东北风,4-5级
81,2011-04-03,9,6,小雨~阴,东北风,4-5级
82,2011-04-04,14,7,晴,东北风~东南风,3-4级
83,2011-04-05,16,9,晴~多云,东北风~东风,3-4级~4-5级
84,2011-04-06,18,12,多云~小雨,东南风,4-5级
85,2011-04-07,15,11,小雨~阴,北风,3-4级
86,2011-04-08,19,9,多云,东风,3-4级
87,2011-04-09,21,12,多云,东南风,3-4级
88,2011-04-10,23,12,多云~阴,东南风~东北风,3-4级~4-5级
89,2011-04-11,17,9,多云,东北风,3-4级
90,2011-04-12,21,12,晴~多云,东南风~南风,3-4级
91,2011-04-13,21,14,多云,南风,4-5级
92,2011-04-14,27,17,多云~阴,南风,3-4级
93,2011-04-15,27,13,雷阵雨,南风~东北风,3-4级~4-5级
94,2011-04-16,18,11,阴~多云,东北风,4-5级~3-4级
95,2011-04-17,21,13,多云~阴,南风,3-4级
96,2011-04-18,20,10,晴,西北风,4-5级
97,2011-04-19,20,10,晴,北风~南风,4-5级~3-4级
98,2011-04-20,22,14,晴~多云,南风,4-5级
99,2011-04-21,20,13,阵雨~雷阵雨,南风,4-5级
100,2011-04-22,17,10,阴~多云,北风,4-5级~3-4级
101,2011-04-23,22,12,晴~多云,西南风~南风,3-4级~4-5级
102,2011-04-24,23,14,多云~晴,西北风~南风,3-4级~4-5级
103,2011-04-25,27,17,晴,南风~西南风,4-5级
104,2011-04-26,33,16,多云~雷阵雨,西南风~北风,4-5级
105,2011-04-27,23,11,阴~多云,北风,4-5级~3-4级
106,2011-04-28,22,14,晴~多云,东南风~南风,3-4级~4-5级
107,2011-04-29,27,19,晴~阴,南风,5-6级
108,2011-04-30,29,17,雷阵雨,南风~北风,4-5级~3-4级
109,2011-05-01,27,14,多云,东北风~东风,3-4级
110,2011-05-02,23,13,多云~雷阵雨,东南风,3-4级~4-5级
111,2011-05-03,18,13,阵雨~阴,东北风~东南风,3-4级
112,2011-05-04,21,14,阴~多云,东南风,3-4级
113,2011-05-05,25,17,多云,东南风,4-5级
114,2011-05-06,28,19,多云,南风,3-4级
115,2011-05-07,33,19,多云,南风,3-4级
116,2011-05-08,33,22,多云,东南风~南风,4-5级
117,2011-05-09,33,24,多云,南风,4-5级
118,2011-05-10,34,19,雷阵雨,南风,3-4级
119,2011-05-11,23,17,阵雨~阴,北风,3-4级
120,2011-05-12,25,16,阴~多云,西北风,3-4级
121,2011-05-13,28,18,晴,西风,3-4级
122,2011-05-14,28,19,多云,西风~南风,3-4级
123,2011-05-15,29,19,多云~阴,南风,3-4级
124,2011-05-16,29,18,多云,南风,3-4级
125,2011-05-17,31,20,晴~多云,南风,3-4级~4-5级
126,2011-05-18,32,21,多云~晴,南风,5-6级~4-5级
127,2011-05-19,33,22,晴,南风,4-5级
128,2011-05-20,34,22,晴~多云,东南风,3-4级
129,2011-05-21,26,18,阴~阵雨,西北风~东北风,3-4级
130,2011-05-22,20,16,阵雨~中雨,东北风,4-5级
131,2011-05-23,18,16,小雨~阴,东北风,4-5级
132,2011-05-24,24,16,多云,东风,3-4级
133,2011-05-25,24,18,多云~阴,北风,3-4级
134,2011-05-26,25,18,多云,西北风~北风,3-4级
135,2011-05-27,26,18,多云,北风~东北风,3-4级
136,2011-05-28,21,18,阴~多云,东北风,3-4级~4-5级
137,2011-05-29,27,18,晴,北风~西北风,4-5级~3-4级
138,2011-05-30,31,20,多云,南风,4-5级
139,2011-05-31,31,21,阴~阵雨,南风,3-4级
140,2011-06-01,29,20,多云,南风,3-4级
141,2011-06-02,32,21,多云,东南风,3-4级
142,2011-06-03,31,21,多云~阴,南风~东南风,3-4级
143,2011-06-04,24,20,中到大雨,东南风~南风,3-4级
144,2011-06-05,24,20,小雨,东北风~东风,4-5级~3-4级
145,2011-06-06,21,19,中雨,东风,3-4级
146,2011-06-07,26,20,小雨~多云,东风~东南风,3-4级
147,2011-06-08,31,23,多云,南风,3-4级~4-5级
148,2011-06-09,36,23,多云~雷阵雨,南风,3-4级
149,2011-06-10,27,22,大雨,西南风,3-4级
150,2011-06-11,24,21,中雨~大雨,东北风,3-4级
151,2011-06-12,27,21,阴~多云,东北风~东南风,3-4级
152,2011-06-13,28,21,阵雨,东风,3-4级
153,2011-06-14,24,20,阵雨~大雨,东风~东南风,3-4级~4-5级
154,2011-06-15,21,19,大到暴雨~小到中雨,东风~东北风,4-5级
155,2011-06-16,25,20,阴~阵雨,北风~东风,3-4级
156,2011-06-17,24,21,中雨,东南风~东风,3-4级
157,2011-06-18,25,21,大到暴雨,东北风,3-4级
158,2011-06-19,23,20,小到中雨~阴,东风~东北风,4-5级~3-4级
159,2011-06-20,28,22,多云~阵雨,东风~东南风,3-4级
160,2011-06-21,26,23,雷阵雨~阵雨,东南风~南风,4-5级
161,2011-06-22,32,25,雷阵雨,东南风,4-5级
162,2011-06-23,33,24,多云~阴,南风~西南风,4-5级
163,2011-06-24,34,25,雷阵雨,南风,3-4级
164,2011-06-25,30,23,大到暴雨,北风~西北风,5-6级~6-7级
165,2011-06-26,29,23,阴~多云,西风~西南风,6-7级~4-5级
166,2011-06-27,32,24,多云~阴,西南风~南风,4-5级~3-4级
167,2011-06-28,33,25,多云,东南风,4-5级
168,2011-06-29,32,26,雷阵雨~阵雨,南风,4-5级
169,2011-06-30,32,26,雷阵雨~多云,南风,4-5级~3-4级
170,2011-07-01,33,26,阵雨~多云,南风,3-4级
171,2011-07-02,36,28,雷阵雨~多云,西南风,3-4级
172,2011-07-03,37,29,多云,西南风,3-4级
173,2011-07-04,36,27,雷阵雨,西风~东风,3-4级
174,2011-07-05,31,27,雷阵雨~阵雨,东南风~南风,3-4级
175,2011-07-06,36,29,多云,西南风,3-4级
176,2011-07-07,37,27,多云,西南风,3-4级
177,2011-07-08,33,26,雷阵雨,南风,3-4级
178,2011-07-09,31,26,阵雨~多云,东风~东南风,3-4级
179,2011-07-10,32,26,阵雨~多云,东南风,4-5级
180,2011-07-11,32,26,阴,东南风,4-5级
181,2011-07-12,31,26,阵雨,东南风,4-5级
182,2011-07-13,32,27,阵雨,东南风,4-5级
183,2011-07-14,32,27,阵雨~多云,南风,4-5级
184,2011-07-15,32,27,雷阵雨,北风~东南风,3-4级~4-5级
185,2011-07-16,34,27,多云,南风~东南风,4-5级
186,2011-07-17,33,27,阵雨~多云,东南风,4-5级
187,2011-07-18,33,26,多云,东风~东北风,3-4级
188,2011-07-19,33,26,多云~阵雨,北风,3-4级
189,2011-07-20,34,27,雷阵雨~多云,西北风~东南风,3-4级
190,2011-07-21,34,28,多云,东南风,3-4级
191,2011-07-22,35,27,雷阵雨~多云,东南风,3-4级
192,2011-07-23,36,28,多云,东风~东南风,3-4级
193,2011-07-24,35,28,雷阵雨~多云,东南风,3-4级
194,2011-07-25,36,28,多云,南风,3-4级
195,2011-07-26,37,28,雷阵雨~多云,南风,4-5级
196,2011-07-27,37,28,多云,南风,4-5级
197,2011-07-28,36,28,晴,南风,4-5级
198,2011-07-29,37,28,晴,南风,3-4级
199,2011-07-30,37,28,多云,南风,3-4级
200,2011-07-31,36,28,雷阵雨,南风~东南风,3-4级
201,2011-08-01,33,28,雷阵雨,东北风~东风,3-4级
202,2011-08-02,34,28,多云,东南风,3-4级
203,2011-08-03,35,27,雷阵雨,东南风,4-5级
204,2011-08-04,33,26,雷阵雨~多云,东风~东北风,3-4级
205,2011-08-05,32,25,多云,东北风,4-5级
206,2011-08-06,32,25,阵雨~暴雨,东北风,5-6级~8-9级
207,2011-08-07,28,26,中雨~阵雨,北风~西南风,8-9级~7-8级
208,2011-08-08,34,27,阵雨~多云,西南风,3-4级
209,2011-08-09,34,27,雷阵雨~多云,南风,3-4级
210,2011-08-10,36,28,多云,南风,3-4级
211,2011-08-11,34,26,雷阵雨~阵雨,西南风,3-4级
212,2011-08-12,32,26,雷阵雨~阵雨,西南风,3-4级
213,2011-08-13,35,27,雷阵雨~多云,西南风,4-5级
214,2011-08-14,32,27,雷阵雨~多云,西南风,4-5级
215,2011-08-15,34,27,雷阵雨~多云,西南风,4-5级
216,2011-08-16,35,28,雷阵雨~多云,西南风,3-4级
217,2011-08-17,30,25,大雨~雷阵雨,西风~东北风,3-4级
218,2011-08-18,33,27,雷阵雨~多云,北风~南风,3-4级
219,2011-08-19,34,27,雷阵雨~多云,东南风,3-4级
220,2011-08-20,36,27,雷阵雨~多云,东南风,3-4级
221,2011-08-21,31,26,雷阵雨,东北风,3-4级
222,2011-08-22,29,24,中到大雨,南风~北风,3-4级
223,2011-08-23,28,24,阵雨,东北风,3-4级
224,2011-08-24,26,22,阵雨,北风~东北风,3-4级
225,2011-08-25,26,23,中雨~阵雨,东北风,3-4级
226,2011-08-26,28,24,中到大雨,东北风,3-4级
227,2011-08-27,30,25,雷阵雨~多云,东风,3-4级
228,2011-08-28,31,26,阴~多云,东南风~东风,3-4级
229,2011-08-29,31,25,多云,东南风~东风,3-4级
230,2011-08-30,31,25,阵雨~多云,东风,4-5级
231,2011-08-31,32,25,多云,东风~东北风,4-5级
232,2011-09-01,32,24,晴,东北风,3-4级
233,2011-09-02,32,23,晴~多云,北风,4-5级
234,2011-09-03,31,23,晴,北风,3-4级
235,2011-09-04,30,22,晴~多云,北风,3-4级
236,2011-09-05,30,22,多云,北风,4-5级~3-4级
237,2011-09-06,28,23,多云,东北风~东风,3-4级
238,2011-09-07,29,25,多云~阴,东风~东南风,3-4级
239,2011-09-08,33,25,多云,西南风~南风,3-4级
240,2011-09-09,27,24,阵雨,东北风~东风,3-4级
241,2011-09-10,25,23,阵雨,东北风,3-4级
242,2011-09-11,29,23,多云,东北风,3-4级
243,2011-09-12,31,24,多云,东风,3-4级
244,2011-09-13,31,25,多云,东风~东南风,3-4级
245,2011-09-14,33,25,多云,东南风,3-4级
246,2011-09-15,33,25,多云~晴,东南风~东风,3-4级
247,2011-09-16,33,24,多云~阴,东北风,3-4级
248,2011-09-17,30,22,多云~阵雨,北风,4-5级
249,2011-09-18,27,20,多云~阴,北风,4-5级
250,2011-09-19,25,19,多云~阴,北风,4-5级
251,2011-09-20,21,17,阵雨~阴,西北风,4-5级
252,2011-09-21,23,16,晴,西北风,4-5级
253,2011-09-22,24,16,多云~晴,西北风~北风,3-4级
254,2011-09-23,26,18,晴,东北风,3-4级
255,2011-09-24,27,20,晴~多云,东北风,3-4级
256,2011-09-25,27,22,多云~阴,东北风~东风,3-4级
257,2011-09-26,27,23,阵雨,东北风,3-4级
258,2011-09-27,28,23,阴~阵雨,东北风,3-4级
259,2011-09-28,28,24,阴,东风,3-4级
260,2011-09-29,30,18,中雨,东南风~北风,3-4级~4-5级
261,2011-09-30,22,18,小雨~阴,北风,4-5级
262,2011-10-01,22,18,阴~小雨,东北风,4-5级
263,2011-10-02,21,17,小雨~阴,东北风,4-5级
264,2011-10-03,21,17,阴,东北风,4-5级
265,2011-10-04,23,18,多云~阴,东北风,3-4级
266,2011-10-05,23,18,多云,东北风,3-4级
267,2011-10-06,24,17,多云,北风~东北风,3-4级
268,2011-10-07,25,17,晴,东北风~东风,3-4级
269,2011-10-08,26,18,晴,东风,3-4级
270,2011-10-09,27,20,多云,东南风~东风,3-4级
271,2011-10-10,25,21,小雨~阴,东北风,4-5级
272,2011-10-11,25,19,多云,东北风,3-4级~4-5级
273,2011-10-12,25,20,多云~小雨,东风~东南风,3-4级
274,2011-10-13,23,18,小到中雨,东风~西北风,3-4级
275,2011-10-14,22,16,阴~多云,西北风,4-5级~3-4级
276,2011-10-15,23,15,多云,西北风,4-5级
277,2011-10-16,24,15,晴,西北风~北风,3-4级
278,2011-10-17,25,16,晴~多云,北风~东北风,3-4级
279,2011-10-18,23,15,晴,东北风~东风,3-4级
280,2011-10-19,22,18,多云,东北风~东风,3-4级
281,2011-10-20,23,18,阴~小雨,东北风,3-4级
282,2011-10-21,21,18,小雨~阴,东北风,3-4级
283,2011-10-22,23,17,晴~多云,北风~东北风,3-4级
284,2011-10-23,24,17,多云~阵雨,东风,3-4级~4-5级
285,2011-10-24,20,15,中雨~小雨,北风,4-5级
286,2011-10-25,19,14,多云,北风,4-5级~3-4级
287,2011-10-26,19,16,多云,东北风,3-4级
288,2011-10-27,21,17,多云,东风,3-4级
289,2011-10-28,21,17,阴~小雨,东风,3-4级
290,2011-10-29,19,16,小雨,北风,3-4级
291,2011-10-30,21,16,多云,北风~东北风,3-4级
292,2011-10-31,22,17,多云,东北风,3-4级
293,2011-11-01,23,20,多云~阴,东风,3-4级
294,2011-11-02,21,20,阵雨,东北风,3-4级~4-5级
295,2011-11-03,24,20,多云~阵雨,东北风~东风,3-4级
296,2011-11-04,25,20,阵雨,东风~东南风,3-4级
297,2011-11-05,24,19,阵雨,东北风,3-4级
298,2011-11-06,20,16,小雨~阴,东北风,3-4级
299,2011-11-07,20,16,小雨,东北风,3-4级
300,2011-11-08,19,15,小雨~阵雨,东北风,3-4级~4-5级
301,2011-11-09,18,14,小雨,北风,3-4级
302,2011-11-10,16,10,小雨~多云,北风,4-5级
303,2011-11-11,18,10,多云,北风,3-4级
304,2011-11-12,20,11,多云,无持续风向~北风,微风~3-4级
305,2011-11-13,20,14,晴,无持续风向,微风
306,2011-11-14,19,13,多云,北风~东北风,3-4级
307,2011-11-15,20,15,多云,东风,3-4级
308,2011-11-16,21,18,多云~小雨,东风~东南风,4-5级
309,2011-11-17,23,20,阵雨,东南风,4-5级
310,2011-11-18,25,18,阵雨~中雨,南风,3-4级
311,2011-11-19,17,10,小雨~阴,北风,4-5级
312,2011-11-20,15,9,多云~晴,北风~东北风,4-5级~3-4级
313,2011-11-21,16,11,晴~多云,东北风~东风,3-4级
314,2011-11-22,18,10,多云,南风~西北风,3-4级~4-5级
315,2011-11-23,15,8,晴,西北风,4-5级~3-4级
316,2011-11-24,14,10,晴,东北风~东南风,3-4级
317,2011-11-25,18,13,多云,东南风,3-4级
318,2011-11-26,20,16,多云,东南风,4-5级
319,2011-11-27,21,15,晴~多云,南风~东南风,3-4级
320,2011-11-28,22,16,多云~阴,东风,3-4级
321,2011-11-29,21,15,阴~阵雨,东北风,3-4级
322,2011-11-30,18,9,小雨,东北风,4-5级
323,2011-12-01,11,5,阴,北风,5-6级~4-5级
324,2011-12-02,9,4,多云~晴,北风,4-5级
325,2011-12-03,10,5,晴~多云,西北风~北风,3-4级
326,2011-12-04,13,9,晴~多云,东北风,微风
327,2011-12-05,15,13,多云~小雨,东北风~东风,3-4级
328,2011-12-06,16,13,小雨,东风,3-4级
329,2011-12-07,14,10,小到中雨~小雨,东风~北风,3-4级~4-5级
330,2011-12-08,10,3,小雨~阴,北风,5-6级
331,2011-12-09,7,0,多云,北风,4-5级
332,2011-12-10,5,-1,晴,北风,4-5级~3-4级
333,2011-12-11,8,2,晴~多云,西北风~北风,3-4级
334,2011-12-12,10,6,晴~多云,东北风,3-4级
335,2011-12-13,11,6,多云,北风~东北风,3-4级
336,2011-12-14,13,5,晴~多云,西北风~北风,3-4级~4-5级
337,2011-12-15,8,3,阴~多云,北风,4-5级
338,2011-12-16,6,0,晴,北风,4-5级
339,2011-12-17,7,2,多云,东北风,3-4级
340,2011-12-18,8,4,多云,东北风,3-4级
341,2011-12-19,11,6,晴~多云,东北风,3-4级
342,2011-12-20,11,6,小雨,东风,3-4级
343,2011-12-21,11,6,阴,北风,4-5级
344,2011-12-22,7,1,晴~多云,东北风~西北风,4-5级
345,2011-12-23,7,0,晴,北风,3-4级
346,2011-12-24,7,1,晴,西北风,4-5级
347,2011-12-25,8,2,晴,西北风~北风,3-4级
348,2011-12-26,9,4,晴~多云,东北风,3-4级
349,2011-12-27,11,8,阴,东风,3-4级
350,2011-12-28,12,8,阴~多云,东风~东北风,3-4级
351,2011-12-29,12,6,多云,东北风,4-5级~3-4级
352,2011-12-30,10,5,多云,东北风,3-4级
353,2011-12-31,9,4,多云,东风~东北风,3-4级
354,2012-01-01,9,4,多云,北风~东北风,4-5级~3-4级
355,2012-01-02,8,3,多云~阴,西北风,微风~3-4级
356,2012-01-03,6,0,阴~多云,西北风,4-5级
357,2012-01-04,4,-1,晴,西北风,4-5级~3-4级
358,2012-01-05,5,1,多云~阴,北风,3-4级
359,2012-01-06,7,4,阴~多云,东北风,3-4级
360,2012-01-07,8,5,多云~阴,东北风,3-4级
361,2012-01-08,8,5,小雨,东北风,3-4级
362,2012-01-09,9,5,阴,东北风,3-4级
363,2012-01-10,9,5,阴,东北风,3-4级
364,2012-01-11,8,2,阴,北风,4-5级
365,2012-01-12,8,4,多云,东风,3-4级
366,2012-01-13,9,5,阴~小雨,东风,3-4级
367,2012-01-14,6,4,中雨,东北风,3-4级
368,2012-01-16,9,4,阴~多云,东北风~东风,3-4级
369,2012-01-17,10,5,多云~阴,东北风~东风,3-4级
370,2012-01-18,10,7,小雨,东风,3-4级
371,2012-01-19,9,6,小雨~阴,东北风,4-5级
372,2012-01-20,9,5,阴~小雨,北风,4-5级
373,2012-01-21,6,1,小雨~雨夹雪,北风,4-5级
374,2012-01-22,4,-1,小雪~阴,北风,4-5级
375,2012-01-23,4,-2,多云,北风,4-5级~3-4级
376,2012-01-24,4,-2,多云,北风,3-4级
377,2012-01-25,4,-1,晴,西北风~北风,3-4级
378,2012-01-26,7,-1,晴~多云,东南风~南风,3-4级
379,2012-01-27,9,5,小雨,东北风,3-4级
380,2012-01-28,8,4,小雨~阴,东北风,4-5级
381,2012-01-29,9,3,多云~小雨,东北风,4-5级
382,2012-01-30,8,2,多云,东北风,3-4级
383,2012-01-31,10,2,多云~晴,南风~北风,3-4级~4-5级
384,2012-02-01,8,0,阴~多云,北风,4-5级~3-4级
385,2012-02-02,3,-1,多云,北风,4-5级~3-4级
386,2012-02-03,5,-1,晴~多云,北风~南风,3-4级
387,2012-02-04,8,2,多云~小雨,东南风,3-4级
388,2012-02-05,10,7,阴~小到中雨,西风~东风,3-4级
389,2012-02-06,9,1,中雨~雨夹雪,北风,4-5级~5-6级
390,2012-02-07,3,-2,多云,北风,5-6级~4-5级
391,2012-02-08,3,-1,多云,北风,4-5级~3-4级
392,2012-02-09,5,0,多云~阴,北风~东北风,3-4级
393,2012-02-10,4,2,小雨~阴,东北风,3-4级
394,2012-02-11,7,3,阴~小雨,东北风~东风,3-4级
395,2012-02-12,8,6,小雨~小到中雨,东风~东南风,4-5级~3-4级
396,2012-02-13,10,7,小雨,西北风~北风,3-4级
397,2012-02-14,8,4,小雨~中雨,东北风,3-4级
398,2012-02-15,7,3,小雨,东北风,4-5级
399,2012-02-16,7,1,阴,北风,3-4级~4-5级
400,2012-02-17,8,4,小雨~中雨,东北风,3-4级
401,2012-02-18,6,0,晴,北风,3-4级
402,2012-02-19,8,2,晴,东北风~东风,微风
403,2012-02-20,8,4,小雨~中雨,东北风,3-4级
404,2012-02-21,11,8,小雨,东南风~东风,3-4级
405,2012-02-22,12,8,中雨~小到中雨,东南风~东北风,3-4级~4-5级
406,2012-02-23,10,5,阴~小雨,北风,4-5级
407,2012-02-24,7,4,小雨~阴,北风,3-4级
408,2012-02-25,6,2,雨夹雪~阴,东北风,4-5级
409,2012-02-26,5,2,小雪~阴,北风,4-5级
410,2012-02-27,7,4,多云~小雨,北风~东北风,3-4级
411,2012-02-28,7,3,小雨~阴,东北风~东南风,3-4级~4-5级
412,2012-02-29,10,7,小雨,东风~东南风,3-4级
413,2012-03-01,10,6,小雨~小到中雨,东南风~东北风,3-4级~4-5级
414,2012-03-02,9,5,小雨,北风~东北风,4-5级
415,2012-03-03,8,6,小到中雨~中雨,东北风~东风,3-4级
416,2012-03-04,9,7,中雨~中到大雨,东风~北风,3-4级
417,2012-03-05,8,5,小雨~阴,西北风,3-4级
418,2012-03-06,11,6,多云~小雨,西北风~东北风,3-4级
419,2012-03-07,7,5,小雨,东北风,3-4级~4-5级
420,2012-03-08,8,4,小雨~阴,东北风,4-5级
421,2012-03-09,9,3,阴~多云,北风,4-5级
422,2012-03-10,11,3,晴~多云,北风,3-4级
423,2012-03-11,11,2,多云~晴,北风,4-5级~3-4级
424,2012-03-12,9,3,晴~多云,东北风~东南风,3-4级
425,2012-03-13,11,5,晴,东南风,3-4级
426,2012-03-14,14,8,晴~多云,东南风,3-4级
427,2012-03-15,13,10,中雨,东风~东南风,4-5级
428,2012-03-16,17,11,阴~小雨,西北风,4-5级~3-4级
429,2012-03-17,15,10,小雨,东风,3-4级
430,2012-03-18,13,6,小雨,东北风,4-5级
431,2012-03-19,9,5,小雨,东北风,3-4级
432,2012-03-20,9,5,小雨~多云,东北风~东风,3-4级
433,2012-03-21,14,8,晴~多云,东风~东南风,3-4级~4-5级
434,2012-03-22,18,8,小到中雨~中雨,东南风~北风,3-4级~4-5级
435,2012-03-23,10,6,小雨~多云,西北风,4-5级
436,2012-03-24,15,6,晴,西北风,3-4级
437,2012-03-25,18,7,晴~多云,西风~东北风,3-4级
438,2012-03-26,18,9,晴~多云,东南风~南风,3-4级
439,2012-03-27,23,11,晴~多云,西南风~南风,4-5级~3-4级
440,2012-03-28,23,13,晴~多云,东风~东南风,3-4级
441,2012-03-29,23,15,多云~阵雨,南风,4-5级
442,2012-03-30,18,8,中雨~小雨,北风,4-5级
443,2012-03-31,18,8,晴,西北风,3-4级
444,2012-04-01,16,14,中雨转小雨,东北风,3-4级
445,2012-04-02,15,15,中雨转小雨,东北风,3-4级
446,2012-04-03,17,13,中雨转小雨,东北风,3-4级
447,2012-04-04,18,12,中雨转小雨,东北风,3-4级
448,2012-04-05,15,15,中雨转小雨,东北风,3-4级
449,2012-04-06,18,12,中雨转小雨,东北风,3-4级
450,2012-04-07,15,15,中雨转小雨,东北风,3-4级
451,2012-04-08,16,14,中雨转小雨,东北风,3-4级
452,2012-04-09,17,13,中雨转小雨,东北风,3-4级
453,2012-04-10,17,13,中雨转小雨,东北风,3-4级
454,2012-04-11,16,14,中雨转小雨,东北风,3-4级
455,2012-04-12,17,13,中雨转小雨,东北风,3-4级
456,2012-04-13,21,11,阴转多云,东风,3-4级
457,2012-04-14,21,14,多云转小雨,西北风,3-4级
458,2012-04-15,23,13,多云,北风,3-4级
459,2012-04-16,21,12,多云,东北风,3-4级
460,2012-04-17,19,13,多云转阵雨,北风,3-4级转4-5级
461,2012-04-18,20,14,小雨转阴,北风,4-5级转3-4级
462,2012-04-19,20,15,多云转小雨,北风,3-4级
463,2012-04-20,21,15,中雨转阵雨,西南风,3-4级转4-5级
464,2012-04-21,27,14,多云转晴,西南风,3-4级
465,2012-04-22,26,17,晴,西北风,3-4级转4-5级
466,2012-04-23,24,19,多云转阵雨,东风,4-5级
467,2012-04-24,22,17,中雨转阵雨,东北风,5-6级转4-5级
468,2012-04-25,24,13,多云转晴,西南风,4-5级转3-4级
469,2012-04-26,27,15,晴,东风,3-4级转4-5级
470,2012-04-27,27,17,晴转多云,北风,4-5级
471,2012-04-28,22,19,阵雨转雷阵雨,西北风,4-5级
472,2012-04-29,24,20,阴,北风,3-4级
473,2012-04-30,21,17,雷阵雨,东北风,3-4级
474,2012-05-01,22,17,阴,北风,4-5级
475,2012-05-02,27,16,多云转晴,西北风,3-4级
476,2012-05-03,26,18,阴转多云,东风,小于3级
477,2012-05-04,31,18,晴,东风,小于3级
478,2012-05-05,32,20,晴,西北风,小于3级转3-4级
479,2012-05-06,33,21,晴,西南风,4-5级转3-4级
480,2012-05-07,28,20,雷阵雨转阵雨,东南风,3-4级转4-5级
481,2012-05-08,26,18,阴转多云,北风,4-5级转3-4级
482,2012-05-09,27,17,多云转晴,西南风,3-4级
483,2012-05-10,27,18,晴,北风,3-4级
484,2012-05-11,26,19,多云,东风,3-4级
485,2012-05-12,22,18,中雨,东风,4-5级
486,2012-05-13,26,18,小雨,东南风,4-5级转3-4级
487,2012-05-14,28,19,小雨转多云,北风,3-4级
488,2012-05-15,30,19,多云,西南风,3-4级
489,2012-05-16,31,20,多云转晴,西风,小于3级转3-4级
490,2012-05-17,28,19,多云,东北风,3-4级
491,2012-05-18,25,18,小雨转中雨,北风,4-5级
492,2012-05-19,21,16,小雨,东北风,4-5级
493,2012-05-20,24,17,阴转多云,东北风,3-4级
494,2012-05-21,26,18,多云,北风,3-4级
495,2012-05-22,24,19,多云转阵雨,东北风,3-4级
496,2012-05-23,23,19,阵雨,东风,3-4级
497,2012-05-24,23,18,阵雨,北风,3-4级转4-5级
498,2012-05-25,25,18,阴转多云,东风,3-4级
499,2012-05-26,28,18,晴,西风,3-4级
500,2012-05-27,29,19,晴,东北风,3-4级
501,2012-05-28,28,20,晴转多云,西北风,3-4级转4-5级
502,2012-05-29,23,19,中雨转大雨,西北风,4-5级
503,2012-05-30,24,19,小雨转阴,东风,4-5级
504,2012-05-31,25,19,多云转阴,东风,4-5级转3-4级
505,2012-06-01,26,20,小雨转阴,东南风,3-4级
506,2012-06-02,27,19,多云,东风,3-4级
507,2012-06-03,25,20,多云转小雨,东南风,3-4级
508,2012-06-04,26,21,阴转多云,东北风,4-5级
509,2012-06-05,27,21,阴,东南风,3-4级
510,2012-06-06,29,22,阵雨,东南风,3-4级
511,2012-06-07,33,24,阴转多云,北风,小于3级
512,2012-06-08,33,24,多云,东风,小于3级
513,2012-06-09,32,24,多云,西风,3-4级
514,2012-06-10,28,24,小雨,东风,3-4级
515,2012-06-11,31,23,阴转多云,北风,3-4级
516,2012-06-12,33,23,多云转晴,北风,3-4级
517,2012-06-13,30,23,晴转多云,西风,3-4级
518,2012-06-14,28,23,多云转阴,北风,3-4级
519,2012-06-15,28,23,阴转多云,东风,3-4级
520,2012-06-16,27,22,多云转阵雨,东北风,3-4级
521,2012-06-17,24,21,暴雨转中雨,北风,3-4级
522,2012-06-18,26,22,小雨,西南风,3-4级
523,2012-06-19,27,22,阴,东风,3-4级
524,2012-06-20,27,22,小雨转多云,东南风,3-4级
525,2012-06-21,28,22,多云,东风,3-4级
526,2012-06-22,24,22,大雨转中雨,西北风,4-5级
527,2012-06-23,26,21,阵雨,北风,4-5级转3-4级
528,2012-06-24,29,23,阴,西风,3-4级
529,2012-06-25,26,22,阵雨转大雨,东风,3-4级
530,2012-06-26,25,23,中雨,东北风,3-4级
531,2012-06-27,28,23,阵雨,东风,3-4级
532,2012-06-28,33,24,阴转多云,东风,3-4级
533,2012-06-29,34,25,多云转雷阵雨,西北风,4-5级转3-4级
534,2012-06-30,32,26,雷阵雨,西北风,3-4级
535,2012-07-01,35,27,多云转雷阵雨,西南风,3-4级
536,2012-07-02,35,29,多云,西南风,3-4级
537,2012-07-03,37,28,多云,北风,3-4级
538,2012-07-04,38,28,多云转晴,东风,3-4级转4-5级
539,2012-07-05,37,29,多云转雷阵雨,东风,3-4级
540,2012-07-06,34,27,雷阵雨,东南风,3-4级
541,2012-07-07,31,26,多云转雷阵雨,东风,3-4级
542,2012-07-08,34,27,多云转雷阵雨,北风,3-4级
543,2012-07-09,37,28,多云,西北风,3-4级
544,2012-07-10,34,28,雷阵雨,西南风,3-4级
545,2012-07-11,35,27,多云转雷阵雨,西风,3-4级
546,2012-07-12,34,27,雷阵雨,西北风,3-4级
547,2012-07-13,30,25,雷阵雨,南风,3-4级
548,2012-07-14,29,23,雷阵雨转阴,西南风,3-4级
549,2012-07-15,28,24,阴转阵雨,东北风,3-4级
550,2012-07-16,30,25,多云转阵雨,东风,3-4级
551,2012-07-17,29,25,大雨转阵雨,西风,3-4级转4-5级
552,2012-07-18,33,26,多云转雷阵雨,东北风,3-4级
553,2012-07-19,34,27,多云转雷阵雨,西北风,3-4级
554,2012-07-20,35,27,多云,东风,3-4级
555,2012-07-21,34,27,晴转多云,东北风,4-5级
556,2012-07-22,34,28,多云转晴,西南风,4-5级
557,2012-07-23,34,27,多云,西北风,4-5级
558,2012-07-24,34,27,晴转多云,南风,4-5级
559,2012-07-25,34,27,晴转多云,北风,3-4级
560,2012-07-26,34,27,多云转晴,东北风,3-4级
561,2012-07-27,35,28,晴转多云,西风,3-4级
562,2012-07-28,35,28,多云转晴,北风,3-4级
563,2012-07-29,35,28,多云转晴,东北风,3-4级
564,2012-07-30,35,28,多云,西南风,3-4级
565,2012-07-31,34,27,多云,北风,3-4级转4-5级
566,2012-08-01,32,27,阵雨转大雨,东风,4-5级
567,2012-08-02,32,27,大雨转阵雨,东风,5-6级转7-8级
568,2012-08-03,33,27,阵雨转多云,西北风,5-6级转4-5级
569,2012-08-04,33,27,多云,东风,4-5级
570,2012-08-05,32,27,多云,东北风,4-5级
571,2012-08-06,30,26,阵雨转中雨,东北风,4-5级
572,2012-08-07,28,25,大雨转暴雨,东北风,5-6级转7-8级
573,2012-08-08,30,25,大雨转中雨,东北风,6-7级转5-6级
574,2012-08-09,32,27,阵雨转多云,西北风,4-5级
575,2012-08-10,33,27,多云转阵雨,东北风,4-5级
576,2012-08-11,34,28,多云,东风,4-5级转3-4级
577,2012-08-12,34,28,多云转雷阵雨,东风,3-4级
578,2012-08-13,35,28,多云,西风,3-4级
579,2012-08-14,36,28,多云,西北风,3-4级
580,2012-08-15,35,28,多云,西风,3-4级
581,2012-08-16,35,28,多云,西北风,3-4级
582,2012-08-17,35,28,多云,西风,3-4级
583,2012-08-18,35,28,多云,南风,3-4级
584,2012-08-19,35,28,多云,西风,3-4级
585,2012-08-20,34,26,多云,北风,3-4级
586,2012-08-21,30,24,阵雨,西风,3-4级转4-5级
587,2012-08-22,29,25,阵雨,西北风,4-5级转3-4级
588,2012-08-23,29,24,阵雨转中雨,北风,4-5级
589,2012-08-24,32,26,阵雨转多云,东北风,3-4级转4-5级
590,2012-08-25,31,26,多云转小雨,东风,4-5级
591,2012-08-26,29,25,阵雨转大雨,东北风,5-6级转6-7级
592,2012-08-27,33,26,小雨转多云,北风,6-7级转5-6级
593,2012-08-28,31,24,阵雨,西南风,小于3级
594,2012-08-29,32,26,阵雨转多云,北风,4-5级
595,2012-08-30,32,26,多云,东北风,3-4级
596,2012-08-31,32,25,晴转多云,北风,3-4级
597,2012-09-01,32,25,多云,西北风,3-4级
598,2012-09-02,30,25,多云转雷阵雨,西北风,3-4级
599,2012-09-03,27,23,雷阵雨转阵雨,西南风,3-4级
600,2012-09-04,26,22,阵雨,西南风,3-4级
601,2012-09-05,28,23,阴转小雨,东风,3-4级
602,2012-09-06,29,24,阵雨转大雨,东风,3-4级
603,2012-09-07,30,24,多云,西北风,3-4级
604,2012-09-08,28,23,雷阵雨转阵雨,东北风,4-5级转3-4级
605,2012-09-09,27,23,雷阵雨转阴,东北风,3-4级
606,2012-09-10,29,23,多云,东北风,3-4级
607,2012-09-11,30,23,多云转雷阵雨,东北风,3-4级
608,2012-09-12,27,21,阵雨转中雨,西南风,3-4级转4-5级
609,2012-09-13,24,20,阵雨转多云,西北风,4-5级转3-4级
610,2012-09-14,26,21,多云,东风,4-5级
611,2012-09-15,26,21,多云转阴,东风,4-5级
612,2012-09-16,25,20,多云,北风,5-6级转4-5级
613,2012-09-17,27,18,晴,南风,3-4级
614,2012-09-18,28,18,晴,西风,3-4级
615,2012-09-19,28,21,晴转多云,西风,3-4级
616,2012-09-20,27,21,多云转阴,东风,3-4级
617,2012-09-21,26,21,阵雨,西北风,3-4级
618,2012-09-22,27,19,阴转多云,东风,3-4级
619,2012-09-23,27,20,多云转晴,东风,3-4级
620,2012-09-24,27,20,多云,东风,3-4级
621,2012-09-25,27,21,多云转阴,东风,3-4级
622,2012-09-26,26,21,多云,东风,3-4级
623,2012-09-27,27,21,多云,东风,3-4级转4-5级
624,2012-09-28,23,18,多云转晴,东风,4-5级
625,2012-09-29,24,18,晴转多云,北风,3-4级
626,2012-09-30,25,16,晴,北风,3-4级
627,2012-10-01,26,17,晴,北风,3-4级
628,2012-10-02,26,18,多云,北风,3-4级
629,2012-10-03,27,19,多云转晴,东北风,3-4级
630,2012-10-04,26,19,晴转多云,东风,3-4级
631,2012-10-05,25,20,阴转多云,东风,3-4级
632,2012-10-06,25,19,多云,东北风,3-4级
633,2012-10-07,24,18,多云转阴,东风,3-4级
634,2012-10-08,25,19,多云,西南风,3-4级
635,2012-10-09,26,18,多云转晴,东风,3-4级
636,2012-10-10,23,17,晴,东风,4-5级转3-4级
637,2012-10-11,25,17,晴转多云,北风,3-4级
638,2012-10-12,24,18,多云,东北风,3-4级
639,2012-10-13,24,20,阴,东北风,3-4级
640,2012-10-14,25,20,多云,东北风,4-5级
641,2012-10-15,26,19,晴转多云,东北风,4-5级转3-4级
642,2012-10-16,22,17,小雨转多云,西北风,4-5级
643,2012-10-17,22,15,晴,西北风,4-5级
644,2012-10-18,23,14,晴,东北风,3-4级
645,2012-10-19,25,18,晴转多云,北风,3-4级
646,2012-10-20,25,20,多云,东北风,3-4级
647,2012-10-21,23,19,阴转小雨,北风,4-5级
648,2012-10-22,22,15,阴转晴,西北风,4-5级转3-4级
649,2012-10-23,22,16,多云,西北风,3-4级
650,2012-10-24,24,19,小雨,北风,3-4级
651,2012-10-25,26,20,阵雨转多云,北风,3-4级转4-5级
652,2012-10-26,24,20,多云转阵雨,西北风,4-5级转3-4级
653,2012-10-27,23,17,多云转晴,西北风,3-4级
654,2012-10-28,21,16,晴转多云,北风,3-4级
655,2012-10-29,18,15,小雨,东北风,3-4级转4-5级
656,2012-10-30,17,11,阴转多云,东北风,4-5级
657,2012-10-31,17,10,晴转多云,北风,3-4级
658,2012-11-01,18,12,多云,东北风,3-4级
659,2012-11-02,20,15,多云转小雨,东北风,3-4级转4-5级
660,2012-11-03,17,11,雷阵雨转晴,北风,4-5级
661,2012-11-04,16,9,晴,北风,4-5级
662,2012-11-05,17,10,晴,北风,3-4级
663,2012-11-06,18,9,晴转多云,南风,3-4级
664,2012-11-07,18,11,多云转小雨,东风,3-4级
665,2012-11-08,17,15,小雨转中雨,东风,3-4级转4-5级
666,2012-11-09,19,15,中雨,东北风,4-5级
667,2012-11-10,14,10,阴转晴,西南风,4-5级
668,2012-11-11,15,8,晴,西南风,4-5级转3-4级
669,2012-11-12,16,9,多云转晴,西南风,3-4级转4-5级
670,2012-11-13,15,8,晴,西北风,4-5级转3-4级
671,2012-11-14,16,9,晴转多云,北风,3-4级
672,2012-11-15,15,12,小雨转中雨,东北风,3-4级
673,2012-11-16,15,9,小雨转多云,西北风,4-5级转3-4级
674,2012-11-17,16,8,晴,北风,3-4级
675,2012-11-18,16,8,晴转多云,北风,3-4级转4-5级
676,2012-11-19,16,11,晴转多云,东北风,4-5级转3-4级
677,2012-11-20,15,12,小雨转中雨,西北风,3-4级
678,2012-11-21,16,13,小雨转中雨,北风,3-4级
679,2012-11-22,14,9,中雨转小雨,北风,4-5级
680,2012-11-23,12,7,多云转晴,西北风,3-4级
681,2012-11-24,14,8,小雨转中雨,西北风,3-4级
682,2012-11-25,12,9,小雨转阴,西南风,4-5级
683,2012-11-26,11,5,晴转多云,西北风,3-4级
684,2012-11-27,15,8,多云转阴,西北风,3-4级
685,2012-11-28,14,9,小雨转多云,东北风,3-4级
686,2012-11-29,13,9,小雨转多云,西北风,3-4级转4-5级
687,2012-11-30,12,9,阴转中雨,东北风,4-5级
688,2012-12-01,13,9,中雨转阴,北风,3-4级
689,2012-12-02,12,7,阴转多云,东北风,3-4级转4-5级
690,2012-12-03,10,4,多云转晴,西北风,3-4级
691,2012-12-04,11,5,多云转晴,东北风,3-4级转4-5级
692,2012-12-05,9,2,晴,西北风,4-5级转3-4级
693,2012-12-06,13,5,多云转晴,西风,3-4级转4-5级
694,2012-12-07,10,4,晴转多云,西北风,3-4级转4-5级
695,2012-12-08,7,1,多云转阴,北风,3-4级
696,2012-12-09,7,1,多云转阴,北风,3-4级
697,2012-12-10,11,5,多云,东风,3-4级
698,2012-12-11,11,5,多云,东风,3-4级
699,2012-12-12,14,6,晴转阴,东北风,3-4级转4-5级
700,2012-12-13,18,13,小雨,西北风,4-5级转3-4级
701,2012-12-14,12,8,阵雨,北风,3-4级
702,2012-12-15,10,7,小雨,北风,3-4级
703,2012-12-16,10,7,小雨转阴,东北风,3-4级转4-5级
704,2012-12-17,7,3,阴,西北风,4-5级
705,2012-12-18,6,0,多云,北风,4-5级转3-4级
706,2012-12-19,11,4,多云转小雨,东风,3-4级转4-5级
707,2012-12-20,11,8,中雨转小雨,北风,4-5级
708,2012-12-21,8,4,小雨,西风,4-5级
709,2012-12-22,3,0,多云转晴,北风,4-5级
710,2012-12-23,4,-2,晴,西北风,4-5级转3-4级
711,2012-12-24,8,1,晴转多云,东北风,3-4级转4-5级
712,2012-12-25,7,5,阴转小雨,东北风,4-5级
713,2012-12-26,10,5,小雨转中雨,北风,3-4级
714,2012-12-27,10,7,中雨转小雨,东北风,3-4级
715,2012-12-28,9,3,小雨转中雨,西北风,3-4级转4-5级
716,2012-12-29,2,-2,小雪转多云,西北风,4-5级
717,2012-12-30,4,-3,多云转晴,西南风,4-5级转3-4级
718,2012-12-31,9,0,晴,西南风,3-4级
719,2013-01-01,7,1,晴转多云,北风,3-4级转4-5级
720,2013-01-02,3,1,阴,西北风,4-5级
721,2013-01-03,3,-2,阴转雨夹雪,北风,4-5级转3-4级
722,2013-01-04,5,0,雨夹雪转阴,北风,3-4级
723,2013-01-05,6,2,雨夹雪转阴,北风,3-4级
724,2013-01-06,5,1,雨夹雪转阴,西北风,3-4级
725,2013-01-07,6,1,阴转雨夹雪,西风,3-4级
726,2013-01-08,6,2,阴转多云,东风,4-5级
727,2013-01-09,6,0,晴,西北风,3-4级
728,2013-01-10,9,1,晴转多云,北风,3-4级
729,2013-01-11,10,2,阴转多云,西风,3-4级
730,2013-01-12,8,4,中雨,西北风,3-4级转4-5级
731,2013-01-13,10,3,多云转晴,西北风,3-4级
732,2013-01-14,9,3,晴转多云,北风,3-4级
733,2013-01-15,9,3,多云转晴,北风,小于3级
734,2013-01-16,5,1,多云,北风,4-5级
735,2013-01-17,6,-1,多云转晴,东北风,3-4级
736,2013-01-18,10,0,晴,西风,3-4级
737,2013-01-19,12,6,多云转阴,西北风,4-5级转3-4级
738,2013-01-20,11,8,小雨,北风,小于3级转4-5级
739,2013-01-21,7,4,小雨转阴,西北风,3-4级
740,2013-01-22,9,2,多云,北风,3-4级
741,2013-01-23,11,3,多云,南风,3-4级转4-5级
742,2013-01-24,9,1,多云转晴,北风,3-4级
743,2013-01-25,11,1,晴转多云,北风,3-4级
744,2013-01-26,8,2,多云转晴,东北风,3-4级
745,2013-01-27,11,1,晴,东北风,3-4级
746,2013-01-28,14,6,多云转阴,东南风,3-4级
747,2013-01-29,15,6,晴,北风,3-4级
748,2013-01-30,17,9,多云,东风,3-4级转4-5级
749,2013-01-31,16,10,小雨,东北风,4-5级
750,2013-02-01,11,7,小雨转多云,西风,4-5级转3-4级
751,2013-02-02,13,6,多云转小雨,北风,3-4级
752,2013-02-03,12,8,小雨,东北风,3-4级
753,2013-02-04,9,6,中雨,北风,4-5级
754,2013-02-05,7,4,阴,西北风,4-5级转3-4级
755,2013-02-06,4,0,小雨转雨夹雪,西北风,3-4级转4-5级
756,2013-02-07,3,0,小雪,北风,3-4级
757,2013-02-08,5,-1,小雪转阴,北风,3-4级
758,2013-02-09,8,0,晴转多云,西南风,3-4级
759,2013-02-10,7,2,多云转小雨,东北风,3-4级
760,2013-02-11,6,4,小雨,东北风,4-5级转3-4级
761,2013-02-12,9,2,多云,北风,3-4级
762,2013-02-13,9,4,小雨,北风,3-4级
763,2013-02-14,9,5,小雨转多云,东北风,3-4级转4-5级
764,2013-02-15,10,3,多云转晴,东北风,3-4级
765,2013-02-16,12,6,阴转小雨,北风,4-5级转3-4级
766,2013-02-17,10,4,小雨转中雨,东北风,3-4级转4-5级
767,2013-02-18,3,0,中雨转雨夹雪,东北风,4-5级
768,2013-02-19,7,1,多云,北风,3-4级
769,2013-02-20,10,3,多云转阴,东北风,3-4级
770,2013-02-21,12,5,小雨转多云,北风,3-4级
771,2013-02-22,12,4,多云转晴,西南风,3-4级
772,2013-02-23,14,5,晴转多云,北风,3-4级转4-5级
773,2013-02-24,16,8,阴转小雨,东北风,4-5级转3-4级
774,2013-02-25,14,11,小雨,东北风,3-4级
775,2013-02-26,12,8,阴转多云,北风,3-4级
776,2013-02-27,17,8,多云,东北风,3-4级转4-5级
777,2013-02-28,13,4,中雨转大雨,东北风,4-5级
778,2013-03-01,7,3,阴转多云,北风,4-5级
779,2013-03-02,11,1,多云转晴,西北风,3-4级
780,2013-03-03,16,4,晴,西风,3-4级
781,2013-03-04,17,6,晴,东北风,3-4级
782,2013-03-05,21,9,晴,东北风,3-4级
783,2013-03-06,22,12,多云,北风,4-5级转3-4级
784,2013-03-07,26,11,晴,东风,3-4级
785,2013-03-08,28,15,晴转多云,东北风,3-4级
786,2013-03-09,20,8,小雨,东风,4-5级
787,2013-03-10,11,6,小雨转阴,北风,3-4级
788,2013-03-11,22,8,多云转晴,东北风,3-4级
789,2013-03-12,15,6,中雨转小雨,东南风,4-5级
790,2013-03-13,10,4,阴转多云,北风,4-5级转3-4级
791,2013-03-14,10,5,多云,东北风,3-4级
792,2013-03-15,17,9,晴转小雨,西风,3-4级
793,2013-03-16,19,12,中雨,北风,3-4级
794,2013-03-17,21,12,大雨转多云,西南风,4-5级转3-4级
795,2013-03-18,21,12,晴转小雨,西风,3-4级
796,2013-03-19,14,6,中雨转阴,北风,3-4级转4-5级
797,2013-03-20,12,4,多云,北风,4-5级转3-4级
798,2013-03-21,19,8,中雨转小雨,东北风,4-5级
799,2013-03-22,13,9,小雨转中雨,东北风,4-5级
800,2013-03-23,13,7,小雨转阴,东风,3-4级转4-5级
801,2013-03-24,11,5,阴转晴,西风,4-5级
802,2013-03-25,11,6,小雨,北风,3-4级
803,2013-03-26,16,7,阴转多云,东北风,3-4级
804,2013-03-27,18,8,多云,北风,小于3级转3-4级
805,2013-03-28,13,8,阴转多云,东风,3-4级转4-5级
806,2013-03-29,16,8,多云转阴,北风,小于3级转3-4级
807,2013-03-30,16,9,多云,北风,3-4级
808,2013-03-31,17,8,多云转阴,北风,3-4级
809,2013-04-01,16,9,阴转晴,东风,4-5级
810,2013-04-02,17,6,晴转多云,东北风,3-4级
811,2013-04-03,19,11,阴转多云,东北风,3-4级转4-5级
812,2013-04-04,17,13,阴转中雨,西北风,4-5级
813,2013-04-05,13,7,小雨转多云,北风,4-5级转5-6级
814,2013-04-06,16,6,晴,北风,4-5级转小于3级
815,2013-04-07,20,8,晴转多云,西北风,4-5级转3-4级
816,2013-04-08,17,11,多云,东风,4-5级
817,2013-04-09,18,9,多云转晴,东风,4-5级转3-4级
818,2013-04-10,19,9,晴转多云,东风,3-4级
819,2013-04-11,22,10,晴,西风,3-4级
820,2013-04-12,27,13,晴,东风,3-4级
821,2013-04-13,26,14,多云转晴,东北风,4-5级转3-4级
822,2013-04-14,30,13,晴,东北风,3-4级转4-5级
823,2013-04-15,28,19,多云转小雨,北风,4-5级
824,2013-04-16,24,17,阴转多云,西南风,3-4级
825,2013-04-17,21,14,多云转阴,西风,3-4级转4-5级
826,2013-04-18,15,10,多云转阴,东北风,4-5级
827,2013-04-19,13,10,中雨转小雨,南风,3-4级转4-5级
828,2013-04-20,15,8,阴转晴,西北风,4-5级转3-4级
829,2013-04-21,18,9,晴转小雨,东风,3-4级转4-5级
830,2013-04-22,20,14,大雨转小雨,北风,4-5级转3-4级
831,2013-04-23,22,14,阴转多云,西风,3-4级
832,2013-04-24,26,13,多云,西南风,小于3级
833,2013-04-25,25,12,晴,东北风,3-4级
834,2013-04-26,26,14,晴,东风,3-4级转4-5级
835,2013-04-27,26,16,晴转多云,东风,4-5级
836,2013-04-28,28,18,多云转小雨,西北风,4-5级
837,2013-04-29,18,14,中雨,东北风,4-5级
838,2013-04-30,22,12,多云转晴,西北风,3-4级
839,2013-05-01,22,13,晴转多云,东北风,3-4级
840,2013-05-02,24,14,晴转多云,北风,小于3级
841,2013-05-03,25,15,晴,东北风,3-4级
842,2013-05-04,24,16,多云,东北风,3-4级
843,2013-05-05,23,16,多云转小雨,东北风,3-4级
844,2013-05-06,22,17,小雨,东北风,3-4级
845,2013-05-07,20,17,小雨转中雨,东北风,3-4级
846,2013-05-08,22,18,小雨转中雨,东风,3-4级
847,2013-05-09,26,19,小雨,西风,3-4级
848,2013-05-10,29,18,阴转多云,西北风,3-4级
849,2013-05-11,30,19,晴,东风,3-4级
850,2013-05-12,30,19,晴,西北风,3-4级
851,2013-05-13,29,20,晴转多云,东风,3-4级
852,2013-05-14,24,21,阴转小雨,东风,3-4级
853,2013-05-15,21,19,暴雨转大雨,北风,3-4级转4-5级
854,2013-05-16,22,19,小雨,东北风,4-5级转3-4级
855,2013-05-17,22,19,小雨转中雨,东风,3-4级
856,2013-05-18,27,19,小雨转阴,西风,3-4级
857,2013-05-19,29,19,多云,西北风,小于3级转3-4级
858,2013-05-20,30,21,多云转晴,北风,3-4级
859,2013-05-21,29,20,多云,东北风,3-4级
860,2013-05-22,27,21,多云转阴,东北风,3-4级
861,2013-05-23,26,21,阴转多云,东风,3-4级
862,2013-05-24,28,21,多云,北风,3-4级转4-5级
863,2013-05-25,26,22,多云转中雨,西北风,4-5级
864,2013-05-26,26,22,大雨转中雨,东北风,5-6级转4-5级
865,2013-05-27,30,22,阴转多云,西南风,3-4级
866,2013-05-28,33,22,晴转阴,东风,3-4级
867,2013-05-29,25,20,中雨转小雨,西北风,3-4级
868,2013-05-30,23,18,小雨,北风,3-4级
869,2013-05-31,23,19,小雨,东北风,小于3级
870,2013-06-01,24,19,小雨转阴,东北风,小于3级转3-4级
871,2013-06-02,28,18,多云,北风,3-4级
872,2013-06-03,28,20,晴转多云,东风,3-4级转4-5级
873,2013-06-04,27,21,多云,东北风,3-4级
874,2013-06-05,28,22,多云,东风,4-5级
875,2013-06-06,24,21,小雨转暴雨,东北风,4-5级
876,2013-06-07,23,20,大雨转小雨,东北风,5-6级转4-5级
877,2013-06-08,24,20,小雨,西南风,3-4级
878,2013-06-09,24,20,小雨,西北风,3-4级
879,2013-06-10,26,20,阴转小雨,北风,3-4级
880,2013-06-11,25,20,小雨转阴,东北风,3-4级
881,2013-06-12,24,20,阴,西北风,3-4级
882,2013-06-13,24,20,小雨转中雨,北风,3-4级
883,2013-06-14,26,21,小雨,东风,3-4级
884,2013-06-15,29,23,阴转小雨,东北风,3-4级
885,2013-06-16,34,25,阴转中雨,东风,3-4级
886,2013-06-17,35,26,多云转中雨,北风,小于3级
887,2013-06-18,32,26,阴转大雨,西风,小于3级转3-4级
888,2013-06-19,30,25,阴,北风,3-4级
889,2013-06-20,29,24,阴转多云,东风,3-4级
890,2013-06-21,30,23,多云,东北风,3-4级
891,2013-06-22,28,25,小雨转大雨,北风,3-4级
892,2013-06-23,28,24,中雨,西风,3-4级
893,2013-06-24,28,24,小雨转大雨,东北风,3-4级
894,2013-06-25,28,23,中雨转阴,东北风,3-4级
895,2013-06-26,24,22,大雨转暴雨,西北风,3-4级
896,2013-06-27,27,21,阵雨转小雨,东风,3-4级
897,2013-06-28,29,22,小雨,东风,3-4级
898,2013-06-29,29,23,阴转小雨,东北风,3-4级
899,2013-06-30,35,26,多云,东北风,3-4级
900,2013-07-01,38,28,多云转晴,北风,3-4级转4-5级
901,2013-07-02,38,29,晴,西南风,4-5级
902,2013-07-03,37,29,多云,西风,3-4级
903,2013-07-04,36,28,多云转雷阵雨,西风,4-5级
904,2013-07-05,36,28,多云转雷阵雨,西南风,4-5级
905,2013-07-06,34,26,阴转多云,西北风,3-4级转4-5级
906,2013-07-07,36,28,多云,东风,4-5级
907,2013-07-08,37,29,多云,东风,4-5级
908,2013-07-09,38,29,晴,东北风,3-4级
909,2013-07-10,38,28,晴,东风,小于3级转3-4级
910,2013-07-11,35,27,晴,东风,小于3级转3-4级
911,2013-07-12,33,27,多云转阵雨,北风,4-5级
912,2013-07-13,34,28,多云,东北风,4-5级转5-6级
913,2013-07-14,35,28,晴转多云,东北风,4-5级
914,2013-07-15,36,28,多云,西北风,4-5级
915,2013-07-16,37,28,晴,东风,4-5级转3-4级
916,2013-07-17,35,28,晴,西风,3-4级
917,2013-07-18,35,28,晴转多云,西北风,4-5级
918,2013-07-19,35,28,晴转多云,东风,4-5级转3-4级
919,2013-07-20,34,28,多云转雷阵雨,西南风,3-4级
920,2013-07-21,36,28,多云,西南风,3-4级
921,2013-07-22,38,28,晴,北风,3-4级转4-5级
922,2013-07-23,39,30,晴,北风,3-4级
923,2013-07-24,39,30,晴转多云,西南风,3-4级
924,2013-07-25,39,31,多云,东北风,小于3级
925,2013-07-26,39,30,多云转雷阵雨,西北风,小于3级转3-4级
926,2013-07-27,38,29,多云转雷阵雨,西北风,3-4级
927,2013-07-28,39,30,多云转晴,北风,3-4级
928,2013-07-29,39,31,多云,东北风,3-4级
929,2013-07-30,39,30,晴转多云,北风,3-4级
930,2013-07-31,38,30,多云转雷阵雨,东北风,小于3级
931,2013-08-01,38,29,多云转晴,西风,3-4级转4-5级
932,2013-08-02,35,29,多云转雷阵雨,西北风,4-5级转3-4级
933,2013-08-03,36,29,多云转雷阵雨,西南风,3-4级
934,2013-08-04,37,29,雷阵雨转多云,北风,3-4级
935,2013-08-05,39,30,晴,西风,3-4级
936,2013-08-06,40,31,晴,北风,3-4级
937,2013-08-07,40,31,晴,东风,小于3级转3-4级
938,2013-08-08,40,31,晴,东北风,3-4级
939,2013-08-09,39,30,晴转多云,北风,3-4级
940,2013-08-10,38,30,晴,东南风,3-4级
941,2013-08-11,37,29,晴,北风,3-4级转4-5级
942,2013-08-12,36,28,晴,西北风,4-5级
943,2013-08-13,35,29,晴转多云,北风,4-5级
944,2013-08-14,35,28,晴转多云,东北风,4-5级
945,2013-08-15,34,28,多云,东风,4-5级
946,2013-08-16,35,28,多云,东北风,4-5级转3-4级
947,2013-08-17,35,28,多云,西北风,3-4级
948,2013-08-18,32,28,阵雨,东北风,4-5级
949,2013-08-19,34,28,阵雨,东北风,3-4级转4-5级
950,2013-08-20,32,28,多云转小雨,东北风,3-4级转4-5级
951,2013-08-21,32,28,小雨,东北风,4-5级
952,2013-08-22,34,28,阵雨转多云,东风,4-5级
953,2013-08-23,36,28,多云转雷阵雨,西北风,3-4级转小于3级
954,2013-08-24,31,27,多云转大雨,西南风,3-4级
955,2013-08-25,29,25,小雨转中雨,西南风,3-4级
956,2013-08-26,32,25,阴转雷阵雨,东北风,3-4级
957,2013-08-27,35,27,多云,东北风,3-4级
958,2013-08-28,36,28,多云,东风,3-4级
959,2013-08-29,32,27,阵雨转中雨,东北风,3-4级转4-5级
960,2013-08-30,28,23,阴转多云,东风,4-5级
961,2013-08-31,29,23,多云,北风,3-4级
962,2013-09-01,29,23,多云,东北风,4-5级
963,2013-09-02,30,24,多云,北风,4-5级
964,2013-09-03,29,23,多云,北风,4-5级
965,2013-09-04,27,22,多云转小雨,东风,3-4级
966,2013-09-05,24,21,小雨,东北风,小于3级转3-4级
967,2013-09-06,25,21,小雨,北风,小于3级
968,2013-09-07,27,22,阴转小雨,北风,3-4级
969,2013-09-08,31,24,多云,北风,3-4级
970,2013-09-09,33,25,多云,东北风,3-4级
971,2013-09-10,32,25,多云转雷阵雨,北风,3-4级
972,2013-09-11,33,25,多云,西北风,3-4级
973,2013-09-12,34,26,多云转雷阵雨,西北风,小于3级转3-4级
974,2013-09-13,30,25,雷阵雨转阵雨,西风,3-4级
975,2013-09-14,31,24,多云,东北风,3-4级
976,2013-09-15,31,24,晴,北风,3-4级
977,2013-09-16,29,22,晴,北风,3-4级转4-5级
978,2013-09-17,30,24,多云转晴,东风,4-5级
979,2013-09-18,31,24,晴转多云,东南风,3-4级
980,2013-09-19,29,24,多云转小雨,北风,3-4级
981,2013-09-20,29,25,小雨转阵雨,东北风,4-5级
982,2013-09-21,29,25,阵雨,东北风,4-5级
983,2013-09-22,31,26,阵雨转多云,东北风,4-5级
984,2013-09-23,31,25,多云,西风,4-5级转3-4级
985,2013-09-24,26,21,中雨转小雨,北风,4-5级
986,2013-09-25,25,20,多云,北风,3-4级
987,2013-09-26,25,20,多云,东北风,3-4级
988,2013-09-27,26,21,小雨转中雨,东北风,3-4级
989,2013-09-28,27,20,小雨转多云,北风,3-4级
990,2013-09-29,26,20,多云,东北风,3-4级
991,2013-09-30,27,20,多云,东北风,3-4级
992,2013-10-01,26,20,多云转阴,西北风,3-4级转4-5级
993,2013-10-02,24,19,多云,北风,4-5级
994,2013-10-03,25,19,晴,东北风,4-5级
995,2013-10-04,26,20,晴转多云,东北风,4-5级
996,2013-10-05,25,22,阵雨,东北风,4-5级转5-6级
997,2013-10-06,25,23,大雨,北风,5-6级
998,2013-10-07,25,22,中雨,东北风,4-5级转5-6级
999,2013-10-08,25,20,小雨转阴,西北风,4-5级转3-4级
1000,2013-10-09,27,21,多云,北风,3-4级
1001,2013-10-10,27,20,晴,北风,小于3级转3-4级
1002,2013-10-11,26,20,晴,北风,3-4级
1003,2013-10-12,27,20,晴,北风,3-4级
1004,2013-10-13,27,20,晴,西北风,3-4级
1005,2013-10-14,28,17,多云~小雨,东南风,3-4级
1006,2013-10-15,19,15,阴,西风,4-5级
1007,2013-10-16,20,15,阴,西北风,3-4级
1008,2013-10-17,22,17,阴转小雨,东北风,3-4级
1009,2013-10-18,23,19,阴,东北风,3-4级
1010,2013-10-19,23,18,多云,北风,3-4级转4-5级
1011,2013-10-20,21,16,晴转多云,北风,3-4级
1012,2013-10-21,21,17,多云,东北风,3-4级
1013,2013-10-22,22,17,多云,北风,3-4级
1014,2013-10-23,20,16,多云,西北风,3-4级转4-5级
1015,2013-10-24,18,14,多云,东北风,5-6级转4-5级
1016,2013-10-25,19,13,多云转晴,西风,4-5级转3-4级
1017,2013-10-26,20,12,晴,东北风,3-4级
1018,2013-10-27,22,14,多云转晴,东北风,3-4级
1019,2013-10-28,23,16,多云,北风,3-4级
1020,2013-10-29,22,18,多云转阴,东北风,3-4级
1021,2013-10-30,20,18,小雨,东北风,3-4级
1022,2013-10-31,23,18,多云,东北风,3-4级
1023,2013-11-01,23,18,多云转小雨,东北风,3-4级
1024,2013-11-02,22,18,阴转小雨,东北风,3-4级
1025,2013-11-03,20,15,多云,西北风,4-5级
1026,2013-11-04,20,14,晴转多云,东风,3-4级
1027,2013-11-05,22,14,多云,北风,3-4级
1028,2013-11-06,22,14,多云,西南风,3-4级
1029,2013-11-07,23,16,晴转多云,北风,3-4级
1030,2013-11-08,26,18,多云,北风,4-5级转3-4级
1031,2013-11-09,21,14,小雨,北风,4-5级
1032,2013-11-10,16,12,阴转多云,东北风,4-5级转3-4级
1033,2013-11-11,16,13,阴,西北风,3-4级
1034,2013-11-12,17,12,阴,东北风,3-4级
1035,2013-11-13,16,13,小雨,东北风,3-4级
1036,2013-11-14,18,11,阴转晴,西风,3-4级
1037,2013-11-15,20,10,晴转多云,西南风,3-4级转4-5级
1038,2013-11-16,14,8,晴,西风,4-5级
1039,2013-11-17,13,7,晴,西北风,4-5级
1040,2013-11-18,14,6,晴,西北风,4-5级
1041,2013-11-19,17,6,晴,北风,3-4级
1042,2013-11-20,18,9,晴转多云,东风,3-4级
1043,2013-11-21,18,12,多云,东风,3-4级
1044,2013-11-22,20,13,晴转多云,北风,3-4级
1045,2013-11-23,18,11,小雨转中雨,北风,4-5级
1046,2013-11-24,14,8,多云转晴,西南风,5-6级转4-5级
1047,2013-11-25,13,6,晴转多云,北风,4-5级转3-4级
1048,2013-11-26,13,6,阴转多云,东风,3-4级转4-5级
1049,2013-11-27,7,2,多云转晴,北风,4-5级
1050,2013-11-28,9,1,晴,西南风,4-5级转3-4级
1051,2013-11-29,14,2,晴,西南风,3-4级
1052,2013-11-30,13,5,晴,西风,3-4级
1053,2013-12-01,13,4,晴,西南风,3-4级
1054,2013-12-02,17,7,晴转多云,东北风,3-4级
1055,2013-12-03,17,9,阴转多云,东北风,3-4级
1056,2013-12-04,17,9,多云,东风,3-4级
1057,2013-12-05,15,9,晴转阴,北风,3-4级
1058,2013-12-06,15,8,多云转晴,北风,3-4级
1059,2013-12-07,17,9,晴,东北风,3-4级
1060,2013-12-08,17,11,雾转多云,东北风,3-4级
1061,2013-12-09,9,3,多云转晴,西南风,4-5级转3-4级
1062,2013-12-10,9,3,晴,西北风,3-4级转4-5级
1063,2013-12-11,12,4,晴转阴,东北风,3-4级
1064,2013-12-12,10,5,多云转晴,西风,3-4级
1065,2013-12-13,13,6,晴,东北风,3-4级
1066,2013-12-14,12,7,阴,东北风,3-4级
1067,2013-12-15,12,6,阴转中雨,东北风,3-4级
1068,2013-12-16,8,6,中雨转小雨,西北风,4-5级
1069,2013-12-17,9,6,小雨转多云,东北风,4-5级
1070,2013-12-18,7,3,多云转晴,西北风,4-5级
1071,2013-12-19,7,1,晴,西南风,4-5级
1072,2013-12-20,6,1,晴转多云,西北风,4-5级
1073,2013-12-21,8,1,多云,北风,3-4级
1074,2013-12-22,9,3,晴转多云,北风,3-4级
1075,2013-12-23,9,3,多云,东北风,3-4级
1076,2013-12-24,9,3,晴转多云,东北风,3-4级
1077,2013-12-25,8,3,多云转阴,北风,3-4级转4-5级
1078,2013-12-26,4,0,阴转多云,北风,4-5级
1079,2013-12-27,5,-2,晴转多云,西南风,3-4级
1080,2013-12-28,6,-1,晴,西南风,3-4级
1081,2013-12-29,10,0,晴,西南风,3-4级
1082,2013-12-30,10,1,晴,西南风,3-4级
1083,2013-12-31,14,4,晴,西南风,3-4级
1084,2014-01-01,15,5,晴,北风,3-4级
1085,2014-01-02,16,8,多云,东北风,3-4级
1086,2014-01-03,10,6,多云,西北风,3-4级
1087,2014-01-04,11,3,晴,东风,3-4级
1088,2014-01-05,11,5,多云,北风,3-4级
1089,2014-01-06,11,7,多云,北风,3-4级
1090,2014-01-07,9,6,中雨转小雨,北风,3-4级转4-5级
1091,2014-01-08,6,2,小雨转多云,北风,4-5级
1092,2014-01-09,7,0,多云转晴,东北风,3-4级
1093,2014-01-10,8,4,阴转小雨,北风,3-4级
1094,2014-01-11,8,4,小雨,东北风,3-4级
1095,2014-01-12,7,3,阴转多云,西北风,4-5级转3-4级
1096,2014-01-13,7,2,多云,北风,3-4级转4-5级
1097,2014-01-14,8,2,晴,东北风,3-4级
1098,2014-01-15,10,3,晴转多云,东北风,3-4级
1099,2014-01-16,11,3,多云转晴,东北风,3-4级
1100,2014-01-17,9,3,晴,西北风,小于3级转4-5级
1101,2014-01-18,10,2,晴,西北风,3-4级
1102,2014-01-19,10,3,晴转多云,西风,3-4级
1103,2014-01-20,10,1,晴,东北风,4-5级
1104,2014-01-21,6,0,晴,东北风,3-4级
1105,2014-01-22,10,1,晴,西北风,3-4级
1106,2014-01-23,15,6,晴,东北风,3-4级
1107,2014-01-24,18,8,多云,西风,4-5级
1108,2014-01-25,9,6,多云,东北风,4-5级
1109,2014-01-26,10,5,多云,北风,4-5级转3-4级
1110,2014-01-27,13,6,晴转多云,东风,3-4级
1111,2014-01-28,14,7,阴转小雨,东北风,3-4级
1112,2014-01-29,18,8,阴转多云,西风,3-4级
1113,2014-01-30,18,10,晴转多云,东北风,3-4级
1114,2014-01-31,23,12,晴,东北风,4-5级转3-4级
1115,2014-02-01,20,12,多云,西南风,小于3级
1116,2014-02-02,20,12,多云,东北风,小于3级
1117,2014-02-03,10,4,小雨转多云,北风,4-5级
1118,2014-02-04,7,3,小雨,东北风,3-4级转4-5级
1119,2014-02-05,9,6,中雨转小雨,东北风,4-5级
1120,2014-02-06,7,5,中雨,东北风,4-5级
1121,2014-02-07,7,3,小雨转多云,北风,4-5级
1122,2014-02-08,4,2,阴转雨夹雪,北风,4-5级
1123,2014-02-09,4,1,雨夹雪,北风,4-5级
1124,2014-02-10,5,-1,阴,北风,4-5级
1125,2014-02-11,4,-1,多云转小雨,北风,4-5级转3-4级
1126,2014-02-12,7,3,雨夹雪转小雨,东北风,4-5级
1127,2014-02-13,9,4,阴转多云,东北风,4-5级
1128,2014-02-14,10,2,晴转多云,北风,3-4级
1129,2014-02-15,9,5,阴转中雨,东北风,3-4级
1130,2014-02-16,9,6,中雨,东北风,3-4级
1131,2014-02-17,9,5,小雨,东北风,3-4级
1132,2014-02-18,7,3,雨夹雪,西北风,4-5级
1133,2014-02-19,9,1,多云转晴,西北风,4-5级转3-4级
1134,2014-02-20,9,2,晴,东北风,3-4级
1135,2014-02-21,11,3,多云,东北风,3-4级
1136,2014-02-22,12,5,多云,东北风,3-4级
1137,2014-02-23,13,6,多云转小雨,北风,3-4级
1138,2014-02-24,11,8,中雨,东北风,3-4级转4-5级
1139,2014-02-25,13,9,小雨,东北风,3-4级转4-5级
1140,2014-02-26,13,7,阴,西北风,3-4级
1141,2014-02-27,11,8,小雨,东风,小于3级
1142,2014-02-28,9,6,中雨转小雨,东北风,3-4级转4-5级
1143,2014-03-01,11,4,小雨转多云,西北风,4-5级
1144,2014-03-02,11,6,阴转多云,东北风,4-5级转3-4级
1145,2014-03-03,11,9,小雨,东北风,4-5级
1146,2014-03-04,11,6,多云,东北风,4-5级
1147,2014-03-05,8,5,阴转小雨,东北风,3-4级
1148,2014-03-06,10,4,多云转阴,东北风,3-4级转4-5级
1149,2014-03-07,8,6,小雨,北风,3-4级
1150,2014-03-08,13,3,多云转晴,西风,3-4级
1151,2014-03-09,13,4,晴,北风,3-4级
1152,2014-03-10,15,6,晴,东风,3-4级转4-5级
1153,2014-03-11,16,10,小雨,北风,4-5级转3-4级
1154,2014-03-12,11,6,小雨转多云,西北风,4-5级
1155,2014-03-13,15,4,晴,西风,4-5级转3-4级
1156,2014-03-14,18,8,晴,西风,3-4级
1157,2014-03-15,21,10,晴转多云,东风,3-4级
1158,2014-03-16,22,13,阵雨,东风,3-4级
1159,2014-03-17,24,13,晴转多云,北风,3-4级
1160,2014-03-18,15,10,小雨转中雨,东北风,小于3级转3-4级
1161,2014-03-19,13,8,小雨转多云,北风,4-5级
1162,2014-03-20,14,5,多云转晴,西北风,3-4级
1163,2014-03-21,17,5,晴,东北风,3-4级
1164,2014-03-22,18,8,晴转多云,东风,3-4级
1165,2014-03-23,20,11,多云,西南风,3-4级
1166,2014-03-24,19,14,小雨转中雨,东南风,3-4级
1167,2014-03-25,22,15,小雨转多云,北风,3-4级
1168,2014-03-26,21,13,多云,东北风,3-4级
1169,2014-03-27,20,13,阴转小雨,西北风,4-5级
1170,2014-03-28,19,14,中雨转大雨,东风,3-4级
1171,2014-03-29,19,12,阴转多云,东北风,3-4级
1172,2014-03-30,16,11,多云转阴,北风,3-4级
1173,2014-03-31,18,12,阴,北风,3-4级
1174,2014-04-01,18,12,多云转阴,东北风,3-4级
1175,2014-04-02,18,13,小雨,东北风,3-4级转4-5级
1176,2014-04-03,18,9,多云转晴,东北风,4-5级转3-4级
1177,2014-04-04,19,10,晴,东风,3-4级转4-5级
1178,2014-04-05,16,8,晴转多云,东风,3-4级
1179,2014-04-06,19,12,小雨转多云,西北风,3-4级
1180,2014-04-07,21,12,阴转多云,北风,3-4级
1181,2014-04-08,23,14,多云转晴,西南风,3-4级
1182,2014-04-09,24,13,多云,西北风,3-4级
1183,2014-04-10,21,14,多云转阴,东北风,3-4级转4-5级
1184,2014-04-11,17,14,大雨转中雨,东北风,4-5级
1185,2014-04-12,18,14,小雨,北风,4-5级
1186,2014-04-13,21,12,多云转晴,西北风,3-4级
1187,2014-04-14,21,12,晴转多云,北风,3-4级转4-5级
1188,2014-04-15,19,14,小雨,东风,4-5级
1189,2014-04-16,23,17,小雨转雷阵雨,北风,3-4级
1190,2014-04-17,20,15,阴转多云,西北风,小于3级转3-4级
1191,2014-04-18,15,13,小雨转大雨,北风,4-5级
1192,2014-04-19,18,13,小雨,西北风,4-5级转3-4级
1193,2014-04-20,17,13,小雨,东北风,3-4级
1194,2014-04-21,19,12,小雨转多云,东北风,3-4级
1195,2014-04-22,22,13,晴转多云,西南风,小于3级转3-4级
1196,2014-04-23,22,14,多云转阴,东北风,3-4级转4-5级
1197,2014-04-24,22,16,多云转阴,北风,4-5级
1198,2014-04-25,19,17,中雨转大雨,东风,4-5级
1199,2014-04-26,22,16,中雨转小雨,东风,4-5级转3-4级
1200,2014-04-27,20,15,小雨转多云,西风,4-5级
1201,2014-04-28,22,13,多云,东风,3-4级
1202,2014-04-29,24,13,晴转多云,东北风,3-4级
1203,2014-04-30,27,16,晴转多云,东风,3-4级
1204,2014-05-01,29,18,晴转多云,东风,3-4级
1205,2014-05-02,22,17,阴转多云,东北风,3-4级
1206,2014-05-03,20,15,阴转小雨,西风,3-4级
1207,2014-05-04,21,13,阴转多云,北风,3-4级
1208,2014-05-05,23,13,晴转多云,西风,3-4级
1209,2014-05-06,26,15,晴转多云,西北风,3-4级转4-5级
1210,2014-05-07,27,17,晴转多云,东北风,4-5级转3-4级
1211,2014-05-08,20,16,晴转阴,东北风,3-4级
1212,2014-05-09,22,17,小雨,东北风,3-4级转4-5级
1213,2014-05-10,23,19,小雨转中雨,东风,4-5级
1214,2014-05-11,27,17,阴转晴,西风,3-4级
1215,2014-05-12,26,17,多云转小雨,东风,3-4级
1216,2014-05-13,23,19,中雨转小雨,东北风,3-4级
1217,2014-05-14,27,19,多云转晴,北风,3-4级
1218,2014-05-15,26,17,晴转多云,北风,3-4级
1219,2014-05-16,21,18,阵雨转小雨,北风,3-4级转4-5级
1220,2014-05-17,21,18,小雨,东北风,3-4级转4-5级
1221,2014-05-18,24,17,阴转多云,东北风,3-4级
1222,2014-05-19,28,19,小雨转多云,北风,3-4级
1223,2014-05-20,29,18,晴转多云,北风,3-4级
1224,2014-05-21,27,20,阴转晴,北风,小于3级转3-4级
1225,2014-05-22,27,19,晴转多云,北风,4-5级
1226,2014-05-23,28,20,多云,北风,4-5级
1227,2014-05-24,29,22,小雨转中雨,东北风,4-5级转3-4级
1228,2014-05-25,31,23,阴转晴,东北风,3-4级
1229,2014-05-26,34,23,晴,西北风,3-4级
1230,2014-05-27,34,24,晴转多云,北风,3-4级
1231,2014-05-28,34,23,多云转晴,北风,3-4级
1232,2014-05-29,32,23,多云转晴,东风,3-4级
1233,2014-05-30,28,22,多云,东北风,3-4级转4-5级
1234,2014-05-31,24,22,小雨转大雨,东风,4-5级转5-6级
1235,2014-06-01,26,21,中雨转阴,西风,4-5级
1236,2014-06-02,25,20,阴,西风,4-5级
1237,2014-06-03,26,20,阴,西风,4-5级转3-4级
1238,2014-06-04,27,20,多云,西北风,3-4级
1239,2014-06-05,29,21,多云,东北风,3-4级
1240,2014-06-06,30,21,多云,东北风,3-4级
1241,2014-06-07,30,21,多云,东北风,3-4级
1242,2014-06-08,30,21,多云,东北风,3-4级
1243,2014-06-09,27,21,多云,东北风,3-4级
1244,2014-06-10,28,21,阴转多云,东北风,3-4级
1245,2014-06-11,28,20,多云,东北风,3-4级
1246,2014-06-12,32,21,晴转多云,西风,3-4级
1247,2014-06-13,32,22,多云,北风,3-4级
1248,2014-06-14,31,23,多云,北风,3-4级
1249,2014-06-15,27,23,阵雨,东风,3-4级转4-5级
1250,2014-06-16,26,23,中雨转小雨,东风,4-5级
1251,2014-06-17,28,22,阴,西北风,3-4级
1252,2014-06-18,28,22,多云转阴,东风,3-4级
1253,2014-06-19,28,23,小雨转中雨,东风,3-4级
1254,2014-06-20,25,23,中雨转大雨,东风,3-4级
1255,2014-06-21,25,22,小雨,西北风,3-4级
1256,2014-06-22,26,21,阴,西北风,3-4级
1257,2014-06-23,28,21,多云,西风,3-4级
1258,2014-06-24,26,23,阴转小雨,东风,3-4级
1259,2014-06-25,24,21,大雨转暴雨,东风,3-4级
1260,2014-06-26,25,21,中雨转小雨,东北风,3-4级
1261,2014-06-27,28,21,阴转多云,西风,3-4级
1262,2014-06-28,29,23,阴转多云,西南风,3-4级
1263,2014-06-29,27,23,阴转小雨,西风,3-4级
1264,2014-06-30,25,22,小雨,东风,3-4级
1265,2014-07-01,27,22,中雨,东北风,3-4级
1266,2014-07-02,29,22,小雨转多云,西风,3-4级
1267,2014-07-03,27,23,多云转小雨,东北风,3-4级
1268,2014-07-04,26,23,小雨转大雨,东北风,3-4级转4-5级
1269,2014-07-05,29,23,大雨转阴,北风,3-4级
1270,2014-07-06,30,23,阴转多云,西风,3-4级
1271,2014-07-07,30,24,多云,东风,3-4级转4-5级
1272,2014-07-08,30,24,小雨,东北风,5-6级
1273,2014-07-09,34,25,多云,北风,4-5级转3-4级
1274,2014-07-10,34,26,多云转雷阵雨,北风,3-4级
1275,2014-07-11,31,26,多云转大雨,东风,3-4级
1276,2014-07-12,29,24,大雨转中雨,东北风,小于3级转3-4级
1277,2014-07-13,30,23,小雨转多云,东风,3-4级
1278,2014-07-14,27,24,阵雨转大雨,北风,3-4级
1279,2014-07-15,33,23,小雨转多云,西风,3-4级
1280,2014-07-16,34,26,小雨转多云,西风,3-4级转4-5级
1281,2014-07-17,34,26,多云,西南风,3-4级
1282,2014-07-18,34,27,多云,东北风,3-4级
1283,2014-07-19,35,27,多云转晴,东北风,3-4级
1284,2014-07-20,35,27,多云转晴,东风,3-4级
1285,2014-07-21,35,27,晴转多云,南风,3-4级
1286,2014-07-22,34,27,多云,东北风,3-4级
1287,2014-07-23,33,28,小雨,东北风,4-5级转5-6级
1288,2014-07-24,31,28,小雨,东北风,6-7级转4-5级
1289,2014-07-25,34,27,多云转雷阵雨,西南风,3-4级
1290,2014-07-26,33,27,阵雨转大雨,东北风,3-4级
1291,2014-07-27,32,27,阵雨转雷阵雨,西风,3-4级
1292,2014-07-28,34,27,多云,西北风,3-4级
1293,2014-07-29,34,27,晴转多云,西北风,3-4级
1294,2014-07-30,34,27,多云,东北风,3-4级
1295,2014-07-31,34,27,多云,东北风,3-4级
1296,2014-08-01,30,26,中雨,东风,5-6级
1297,2014-08-02,34,26,多云,西风,4-5级转3-4级
1298,2014-08-03,35,27,多云,西北风,3-4级
1299,2014-08-04,36,28,晴,北风,3-4级
1300,2014-08-05,35,28,晴转多云,东北风,3-4级
1301,2014-08-06,33,27,多云转阴,北风,3-4级
1302,2014-08-07,32,26,多云转阵雨,西北风,3-4级
1303,2014-08-08,30,26,阵雨,东风,3-4级
1304,2014-08-09,28,25,阵雨,北风,3-4级
1305,2014-08-10,30,25,阴转多云,西北风,3-4级
1306,2014-08-11,29,25,阴转小雨,东风,3-4级
1307,2014-08-12,27,24,小雨,东北风,3-4级
1308,2014-08-13,28,24,中雨,东风,3-4级转4-5级
1309,2014-08-14,29,25,小雨转阴,东北风,3-4级
1310,2014-08-15,29,24,阴转小雨,东风,3-4级
1311,2014-08-16,26,23,中雨,东北风,3-4级转4-5级
1312,2014-08-17,27,23,小雨,西南风,4-5级转3-4级
1313,2014-08-18,25,22,大雨转中雨,西北风,3-4级
1314,2014-08-19,24,21,大雨,东北风,3-4级
1315,2014-08-20,29,21,阵雨转多云,西风,4-5级转3-4级
1316,2014-08-21,30,24,多云转阴,东北风,3-4级
1317,2014-08-22,31,25,阴转阵雨,西北风,3-4级
1318,2014-08-23,32,26,阴转雷阵雨,西北风,3-4级
1319,2014-08-24,30,25,雷阵雨转阴,东北风,3-4级
1320,2014-08-25,31,25,多云,东北风,3-4级
1321,2014-08-26,27,24,阵雨,东北风,3-4级
1322,2014-08-27,29,23,中雨转阵雨,东北风,3-4级
1323,2014-08-28,27,24,小雨转中雨,西风,3-4级
1324,2014-08-29,29,23,阴转多云,北风,3-4级
1325,2014-08-30,28,24,阴转阵雨,东北风,3-4级
1326,2014-08-31,28,24,中雨转小雨,东北风,4-5级
1327,2014-09-01,32,24,阴转阵雨,北风,3-4级
1328,2014-09-02,28,24,中雨转小雨,西风,3-4级转4-5级
1329,2014-09-03,28,21,多云,西风,3-4级
1330,2014-09-04,29,23,多云,北风,3-4级
1331,2014-09-05,30,24,阵雨转多云,东风,3-4级
1332,2014-09-06,30,23,多云,东南风,3-4级
1333,2014-09-07,29,23,多云,东风,3-4级
1334,2014-09-08,28,23,多云转阴,东北风,3-4级
1335,2014-09-09,28,24,小雨,东风,3-4级
1336,2014-09-10,28,23,阴转多云,东北风,3-4级
1337,2014-09-11,26,23,小雨,东风,3-4级转4-5级
1338,2014-09-12,25,23,大雨转中雨,东北风,3-4级转4-5级
1339,2014-09-13,27,22,小雨,东风,3-4级
1340,2014-09-14,28,23,多云,东南风,3-4级
1341,2014-09-15,28,23,多云转阴,东北风,3-4级
1342,2014-09-16,28,23,阴,东风,3-4级
1343,2014-09-17,24,22,阵雨转大雨,东风,3-4级
1344,2014-09-18,23,20,中雨转小雨,北风,3-4级
1345,2014-09-19,25,19,小雨,西风,3-4级
1346,2014-09-20,25,21,多云转阵雨,东风,3-4级转4-5级
1347,2014-09-21,26,23,小雨转中雨,东风,4-5级转5-6级
1348,2014-09-22,25,22,大雨转中雨,东风,6-7级转5-6级
1349,2014-09-23,26,22,小雨,西风,4-5级转3-4级
1350,2014-09-24,27,21,多云,东风,4-5级转3-4级
1351,2014-09-25,28,21,多云,东北风,3-4级
1352,2014-09-26,28,23,多云,东风,3-4级
1353,2014-09-27,29,23,多云,东北风,3-4级
1354,2014-09-28,30,24,阴转中雨,东风,3-4级
1355,2014-09-29,24,21,阵雨转小雨,西北风,4-5级
1356,2014-09-30,25,19,多云,北风,4-5级转3-4级
1357,2014-10-01,26,18,多云,北风,3-4级
1358,2014-10-02,25,20,多云,东北风,3-4级转4-5级
1359,2014-10-03,26,18,多云转晴,东风,4-5级
1360,2014-10-04,27,19,晴,东风,4-5级
1361,2014-10-05,24,18,晴转多云,北风,4-5级
1362,2014-10-06,23,17,多云,东风,3-4级
1363,2014-10-07,25,18,多云,东北风,3-4级
1364,2014-10-08,25,19,多云,北风,3-4级
1365,2014-10-09,26,20,多云,东北风,3-4级
1366,2014-10-10,26,21,多云,东风,3-4级
1367,2014-10-11,24,20,多云,东北风,4-5级转5-6级
1368,2014-10-12,21,17,阴转多云,北风,5-6级
1369,2014-10-13,21,14,多云转晴,北风,4-5级
1370,2014-10-14,22,13,晴,北风,3-4级转小于3级
1371,2014-10-15,24,15,多云,北风,小于3级转3-4级
1372,2014-10-16,23,17,多云,东风,小于3级
1373,2014-10-17,25,17,晴,北风,3-4级
1374,2014-10-18,26,19,多云,北风,3-4级
1375,2014-10-19,28,20,晴转多云,北风,3-4级
1376,2014-10-20,26,20,晴转中雨,东南风,小于3级转3-4级
1377,2014-10-21,23,18,阴转多云,北风,3-4级
1378,2014-10-22,23,15,晴,东风,小于3级
1379,2014-10-23,25,16,晴,西北风,小于3级
1380,2014-10-24,25,17,晴,西北风,小于3级
1381,2014-10-25,27,18,晴,北风,小于3级
1382,2014-10-26,22,17,多云,东风,小于3级转3-4级
1383,2014-10-27,22,16,多云,东北风,小于3级
1384,2014-10-28,21,17,阴转小雨,东风,小于3级
1385,2014-10-29,21,19,小雨转中雨,东北风,小于3级
1386,2014-10-30,22,19,中雨,西风,小于3级
1387,2014-10-31,22,19,阴转小雨,西北风,小于3级
1388,2014-11-01,19,15,小雨转阴,北风,小于3级转4-5级
1389,2014-11-02,17,11,多云转晴,东北风,小于3级
1390,2014-11-03,18,11,晴,东北风,小于3级
1391,2014-11-04,21,13,晴转多云,东北风,小于3级
1392,2014-11-05,21,16,阴转多云,北风,小于3级转3-4级
1393,2014-11-06,18,14,多云,北风,小于3级
1394,2014-11-07,16,13,小雨,东风,3-4级
1395,2014-11-08,16,13,小雨,东风,3-4级
1396,2014-11-09,16,13,小雨,东风,3-4级
1397,2014-11-10,18,13,多云,东南风,小于3级
1398,2014-11-11,17,12,多云转晴,北风,小于3级转3-4级
1399,2014-11-12,14,9,多云转晴,北风,3-4级转小于3级
1400,2014-11-13,16,8,晴,北风,小于3级
1401,2014-11-14,17,10,晴转多云,东风,小于3级
1402,2014-11-15,17,14,小雨,东北风,小于3级
1403,2014-11-16,16,10,多云,北风,小于3级转3-4级
1404,2014-11-17,16,10,多云,北风,3-4级转小于3级
1405,2014-11-18,16,10,多云,东风,小于3级
1406,2014-11-19,19,12,多云转晴,北风,3-4级
1407,2014-11-20,21,14,晴转多云,北风,小于3级
1408,2014-11-21,20,15,多云转小雨,东北风,小于3级
1409,2014-11-22,21,16,小雨,东风,小于3级
1410,2014-11-23,21,16,阴转阵雨,东北风,小于3级
1411,2014-11-24,15,12,小雨,北风,3-4级转小于3级
1412,2014-11-25,17,11,阴转晴,西北风,小于3级
1413,2014-11-26,19,11,晴转多云,东北风,小于3级转3-4级
1414,2014-11-27,18,15,小雨,东北风,3-4级
1415,2014-11-28,16,13,小雨,西北风,小于3级
1416,2014-11-29,17,13,小雨,北风,3-4级
1417,2014-11-30,12,4,小雨转多云,北风,4-5级转3-4级
1418,2014-12-01,9,2,晴,东北风,4-5级转小于3级
1419,2014-12-02,8,2,多云转小雨,西风,小于3级
1420,2014-12-03,6,2,小雨转晴,北风,3-4级转4-5级
1421,2014-12-04,7,1,晴,西南风,3-4级
1422,2014-12-05,10,1,晴,北风,小于3级
1423,2014-12-06,12,5,多云转小雨,东北风,小于3级
1424,2014-12-07,10,5,晴转多云,西风,3-4级
1425,2014-12-08,12,7,多云,北风,小于3级
1426,2014-12-09,13,9,阴转小雨,东北风,小于3级
1427,2014-12-10,10,6,小雨转多云,西风,3-4级
1428,2014-12-11,8,2,晴,北风,3-4级
1429,2014-12-12,7,1,晴,西南风,小于3级
1430,2014-12-13,10,2,晴,西风,小于3级
1431,2014-12-14,13,5,晴转多云,北风,小于3级
1432,2014-12-15,8,2,多云转晴,东南风,小于3级转3-4级
1433,2014-12-16,6,-1,晴,东北风,3-4级
1434,2014-12-17,9,1,晴,北风,小于3级
1435,2014-12-18,11,5,多云转阴,北风,小于3级
1436,2014-12-19,9,4,多云转晴,西南风,小于3级
1437,2014-12-20,6,2,晴转多云,东北风,小于3级
1438,2014-12-21,7,0,晴,西北风,小于3级
1439,2014-12-22,12,2,晴,北风,小于3级
1440,2014-12-23,12,5,晴,北风,小于3级
1441,2014-12-24,9,5,多云,西风,小于3级
1442,2014-12-25,9,6,多云转阴,东南风,小于3级
1443,2014-12-26,11,6,阴转多云,东北风,小于3级
1444,2014-12-27,11,5,多云,东北风,小于3级
1445,2014-12-28,13,4,晴,北风,小于3级
1446,2014-12-29,14,6,晴,北风,小于3级
1447,2014-12-30,10,4,晴转多云,东南风,小于3级转4-5级
1448,2014-12-31,4,0,晴,南风,3-4级
1449,2015-01-01,8,-1,晴,北风,小于3级
1450,2015-01-02,12,2,多云转晴,北风,小于3级
1451,2015-01-03,16,4,晴,东风,小于3级
1452,2015-01-04,19,9,晴转多云,东风,小于3级
1453,2015-01-05,15,5,小雨,东北风,小于3级转3-4级
1454,2015-01-06,7,3,小雨转多云,南风,小于3级
1455,2015-01-07,8,2,晴,西风,小于3级
1456,2015-01-08,11,2,晴,北风,小于3级
1457,2015-01-09,13,4,晴转多云,北风,小于3级
1458,2015-01-10,14,4,晴,北风,小于3级
1459,2015-01-11,9,5,晴转多云,东北风,小于3级
1460,2015-01-12,10,6,阴转小雨,西风,小于3级
1461,2015-01-13,10,7,中雨转小雨,东北风,小于3级
1462,2015-01-14,11,6,阴转多云,北风,小于3级
1463,2015-01-15,11,4,多云,北风,小于3级
1464,2015-01-16,7,4,多云,西风,小于3级
1465,2015-01-17,10,3,多云,南风,小于3级
1466,2015-01-18,10,3,多云转晴,北风,小于3级
1467,2015-01-19,10,4,多云转阴,北风,小于3级
1468,2015-01-20,14,7,小雨转多云,北风,小于3级
1469,2015-01-21,9,3,阴,西北风,3-4级
1470,2015-01-22,10,2,多云转晴,东北风,小于3级
1471,2015-01-23,14,5,晴转多云,北风,小于3级
1472,2015-01-24,17,11,多云转阴,东北风,小于3级
1473,2015-01-25,12,8,小雨转阴,西北风,小于3级
1474,2015-01-26,7,3,小雨,东北风,小于3级
1475,2015-01-27,6,3,雨夹雪,东北风,4-5级转3-4级
1476,2015-01-28,6,3,小雨,东北风,小于3级
1477,2015-01-29,6,2,小雨转阴,西风,小于3级转3-4级
1478,2015-01-30,6,2,阴转多云,西北风,小于3级
1479,2015-01-31,7,3,阴转小雨,西北风,小于3级
1480,2015-02-01,8,4,小雨转阴,西风,小于3级
1481,2015-02-02,8,4,小雨转阴,东风,小于3级
1482,2015-02-03,8,4,阴转多云,北风,小于3级转3-4级
1483,2015-02-04,6,2,多云转晴,西风,小于3级
1484,2015-02-05,8,1,晴转多云,北风,小于3级
1485,2015-02-06,11,2,多云,北风,小于3级
1486,2015-02-07,7,2,阴转多云,北风,3-4级
1487,2015-02-08,5,-1,晴,西风,小于3级
1488,2015-02-09,5,-1,晴,西风,小于3级
1489,2015-02-10,15,4,晴转多云,北风,小于3级转3-4级
1490,2015-02-11,15,4,晴转多云,北风,小于3级转3-4级
1491,2015-02-12,15,4,晴转多云,北风,小于3级转3-4级
1492,2015-02-13,17,7,多云,东北风,小于3级
1493,2015-02-14,17,12,小雨,北风,小于3级
1494,2015-02-15,17,11,阴转多云,暂无实况,小于3级
1495,2015-02-16,14,6,多云转晴,西风,小于3级
1496,2015-02-17,12,4,晴,暂无实况,小于3级
1497,2015-02-18,11,4,晴,东风,小于3级
1498,2015-02-19,11,5,多云转小雨,北风,小于3级转3-4级
1499,2015-02-20,13,10,中雨转小雨,东风,小于3级
1500,2015-02-21,13,10,中雨转小雨,东风,小于3级
1501,2015-02-22,10,6,小雨,东北风,小于3级
1502,2015-02-23,11,6,小雨转阴,西风,小于3级
1503,2015-02-24,10,7,小雨,东风,小于3级
1504,2015-02-25,10,6,小雨转阴,北风,小于3级
1505,2015-02-26,7,4,小雨转中雨,东南风,小于3级转3-4级
1506,2015-02-27,7,4,中雨转大雨,东风,3-4级
1507,2015-02-28,9,4,阴转多云,西南风,3-4级转小于3级
1508,2015-03-01,12,3,多云转晴,暂无实况,小于3级
1509,2015-03-02,14,7,小雨转阴,暂无实况,小于3级转3-4级
1510,2015-03-03,7,3,多云转阴,西南风,3-4级转小于3级
1511,2015-03-04,6,3,雨夹雪,南风,小于3级
1512,2015-03-05,8,4,小雨转阴,东风,小于3级
1513,2015-03-06,11,4,阴转多云,西南风,小于3级
1514,2015-03-07,12,7,阴转小雨,暂无实况,小于3级
1515,2015-03-08,10,5,小雨转阴,暂无实况,小于3级转3-4级
1516,2015-03-09,7,2,多云,西北风,3-4级转小于3级
1517,2015-03-10,11,3,多云,暂无实况,小于3级
1518,2015-03-11,16,5,多云转晴,暂无实况,小于3级
1519,2015-03-12,20,7,晴,北风,小于3级
1520,2015-03-13,16,10,多云转小雨,暂无实况,小于3级
1521,2015-03-14,14,10,小雨,东北风,小于3级
1522,2015-03-15,15,10,小雨转阴,东风,小于3级
1523,2015-03-16,19,12,阴转小雨,东北风,小于3级
1524,2015-03-17,24,15,中雨转小雨,东北风,小于3级
1525,2015-03-18,16,11,中雨转多云,南风,小于3级
1526,2015-03-19,14,10,小雨,东北风,小于3级
1527,2015-03-20,20,10,小雨转多云,东风,小于3级
1528,2015-03-21,17,10,晴转多云,暂无实况,小于3级
1529,2015-03-22,16,10,多云,东风,小于3级
1530,2015-03-23,15,9,多云,东北风,小于3级
1531,2015-03-24,15,9,多云转晴,东风,小于3级
1532,2015-03-25,17,10,多云,东北风,小于3级
1533,2015-03-26,14,11,小雨,北风,小于3级
1534,2015-03-27,20,9,阴转多云,暂无实况,小于3级
1535,2015-03-28,24,11,多云,东风,小于3级
1536,2015-03-29,17,14,小雨,西南风,小于3级转3-4级
1537,2015-03-30,26,15,阴转多云,南风,3-4级转小于3级
1538,2015-03-31,24,17,多云转阴,暂无实况,小于3级
1539,2015-04-01,30,17,多云,东风,小于3级转3-4级
1540,2015-04-02,21,15,小雨,暂无实况,小于3级
1541,2015-04-03,22,13,小雨转阴,北风,小于3级
1542,2015-04-04,17,14,雷阵雨转中雨,西南风,小于3级
1543,2015-04-05,13,10,中雨转小雨,西南风,小于3级转3-4级
1544,2015-04-06,10,7,小雨,东风,3-4级
1545,2015-04-07,13,6,小雨转阴,北风,小于3级
1546,2015-04-08,14,7,多云转阴,东风,小于3级
1547,2015-04-09,17,9,阴转多云,暂无实况,小于3级
1548,2015-04-10,18,10,多云转晴,暂无实况,小于3级
1549,2015-04-11,20,11,多云,北风,小于3级
1550,2015-04-12,15,9,阵雨转小雨,西风,小于3级转3-4级
1551,2015-04-13,16,8,小雨转多云,暂无实况,3-4级
1552,2015-04-14,22,11,多云,暂无实况,小于3级
1553,2015-04-15,23,15,多云,暂无实况,小于3级
1554,2015-04-16,20,13,多云,暂无实况,小于3级
1555,2015-04-17,28,16,多云,东风,小于3级
1556,2015-04-18,26,18,多云转阵雨,东风,小于3级
1557,2015-04-19,17,13,大雨转小雨,西风,3-4级
1558,2015-04-20,20,10,多云转晴,东风,小于3级
1559,2015-04-21,24,11,晴,暂无实况,小于3级
1560,2015-04-22,24,15,多云,暂无实况,小于3级
1561,2015-04-23,24,14,多云,东北风,小于3级
1562,2015-04-24,26,14,多云转晴,暂无实况,小于3级
1563,2015-04-25,27,15,多云转晴,东北风,小于3级
1564,2015-04-26,26,17,多云,东北风,小于3级转3-4级
1565,2015-04-27,28,19,多云,东北风,小于3级
1566,2015-04-28,25,19,雷阵雨转阴,东南风,小于3级
1567,2015-04-29,25,15,多云,暂无实况,小于3级
1568,2015-04-30,25,16,多云,东风,小于3级
1569,2015-05-01,23,17,阵雨转中雨,南风,3-4级
1570,2015-05-02,23,17,小雨转多云,暂无实况,3-4级
1571,2015-05-03,23,15,多云,东风,小于3级
1572,2015-05-04,24,15,多云,东北风,小于3级
1573,2015-05-05,22,17,阴,东风,小于3级
1574,2015-05-06,27,17,多云,北风,小于3级
1575,2015-05-07,27,17,晴~多云,北风,小于3级
1576,2015-05-08,25,17,阵雨~小雨,北风,小于3级
1577,2015-05-09,25,17,阵雨~小雨,北风,小于3级
1578,2015-05-10,24,17,多云~小雨,北风,小于3级
1579,2015-05-11,21,15,中雨~多云,北风,小于3级
1580,2015-05-12,27,17,晴,东南风,小于3级
1581,2015-05-13,30,21,晴~多云,西北风,小于3级
1582,2015-05-14,27,20,阵雨,东南风,小于3级
1583,2015-05-15,27,18,大雨~小雨,西南风,小于3级
1584,2015-05-16,24,16,多云,东南风,小于3级
1585,2015-05-17,25,18,多云~阵雨,东北风,小于3级
1586,2015-05-18,24,20,阵雨~阴,东南风,小于3级
1587,2015-05-19,28,17,多云,东南风,小于3级
1588,2015-05-20,26,17,多云,东北风,小于3级
1589,2015-05-21,25,17,晴,东南风,小于3级
1590,2015-05-22,27,18,晴,西南风,小于3级
1591,2015-05-23,24,19,阴~,东北风,小于3级
1592,2015-05-24,24,18,阴~,东北风,小于3级
1593,2015-05-25,27,19,多云~,东南风,小于3级
1594,2015-05-26,26,20,多云~,东南风,小于3级
1595,2015-05-27,24,20,阵雨,东北风,小于3级
1596,2015-05-28,25,21,阴~小雨,东南风,小于3级
1597,2015-05-29,24,20,小雨~中雨,东南风,小于3级
1598,2015-05-30,25,19,阴~多云,东南风,小于3级
1599,2015-05-31,27,20,多云~晴,东北风,小于3级
1600,2015-06-01,29,22,晴~阵雨,东北风,小于3级
1601,2015-06-02,25,21,暴雨~大雨,东南风,小于3级
1602,2015-06-03,25,20,阴~多云,东南风,小于3级
1603,2015-06-04,26,19,多云~小雨,东南风,小于3级
1604,2015-06-05,28,20,多云~晴,东南风,小于3级
1605,2015-06-06,30,22,晴~多云,东北风,小于3级
1606,2015-06-07,26,21,阵雨~大雨,东南风,小于3级
1607,2015-06-08,24,20,中雨~小雨,东南风,小于3级
1608,2015-06-09,25,21,阴~阵雨,东北风,小于3级
1609,2015-06-10,26,23,小雨~阴,东南风,小于3级
1610,2015-06-11,31,23,多云,东南风,小于3级
1611,2015-06-12,34,24,多云,东北风,小于3级
1612,2015-06-13,31,24,多云~阴,西南风,小于3级
1613,2015-06-14,30,23,阴~中雨,东南风,小于3级
1614,2015-06-15,27,22,小雨~中雨,东南风,小于3级
1615,2015-06-16,23,21,大雨~暴雨,东北风,小于3级
1616,2015-06-17,24,20,大雨~阴,东北风,小于3级
1617,2015-06-18,24,20,小雨~多云,东北风,小于3级
1618,2015-06-19,28,21,多云,东南风,小于3级
1619,2015-06-20,29,22,多云~阴,东南风,小于3级
1620,2015-06-21,27,21,小雨,东南风,小于3级
1621,2015-06-22,24,21,小雨~阴,东南风,小于3级
1622,2015-06-23,29,24,阴~阵雨,东北风,小于3级
1623,2015-06-24,31,25,中雨~小雨,东南风,小于3级
1624,2015-06-25,35,24,阵雨~中雨,东南风,小于3级
1625,2015-06-26,26,24,中雨~大雨,东南风,小于3级
1626,2015-06-27,24,22,大雨,东北风,小于3级
1627,2015-06-28,24,21,大雨~阵雨,东南风,小于3级
1628,2015-06-29,27,22,阵雨~阴,东南风,小于3级
1629,2015-06-30,33,22,雷雨~中雨,西北风,小于3级
1630,2015-07-01,25,19,小雨~阴,东南风,小于3级
1631,2015-07-02,29,22,多云,东南风,小于3级
1632,2015-07-03,30,22,多云~阴,东北风,小于3级
1633,2015-07-04,24,21,阵雨~阴,东南风,小于3级
1634,2015-07-05,24,20,阵雨,东南风,小于3级
1635,2015-07-06,22,19,中雨,东北风,小于3级
1636,2015-07-07,23,20,小雨,东南风,小于3级
1637,2015-07-08,26,22,小雨~阴,东南风,小于3级
1638,2015-07-09,28,23,阴,东北风,小于3级
1639,2015-07-10,29,24,阴~中雨,东北风,小于3级
1640,2015-07-11,25,24,暴雨~中雨,西北风,小于3级
1641,2015-07-12,27,24,小雨~多云,东南风,小于3级
1642,2015-07-13,33,25,多云,东南风,小于3级
1643,2015-07-14,34,24,多云,东南风,小于3级
1644,2015-07-15,32,24,多云,东北风,小于3级
1645,2015-07-16,30,24,多云~阴,东北风,小于3级
1646,2015-07-17,28,24,阴~小雨,东北风,小于3级
1647,2015-07-18,28,24,阵雨,东北风,小于3级
1648,2015-07-19,31,25,多云~阴,东南风,小于3级
1649,2015-07-20,31,26,多云,东南风,小于3级
1650,2015-07-21,31,26,多云~阴,西南风,小于3级
1651,2015-07-22,30,26,阵雨,东南风,小于3级
1652,2015-07-23,31,26,小雨~阴,东南风,小于3级
1653,2015-07-24,33,27,中雨~阴,东南风,小于3级
1654,2015-07-25,34,27,阵雨~多云,东南风,小于3级
1655,2015-07-26,35,27,雷阵雨~多云,东南风,小于3级
1656,2015-07-27,36,28,雷阵雨~多云,东北风,小于3级
1657,2015-07-28,38,30,晴,东南风,小于3级
1658,2015-07-29,38,30,晴,东南风,小于3级
1659,2015-07-30,37,29,多云~晴,东南风,小于3级
1660,2015-07-31,37,29,晴,西北风,小于3级
1661,2015-08-01,38,29,晴,东北风,小于3级
1662,2015-08-02,38,29,晴,东北风,小于3级
1663,2015-08-03,38,28,晴,东南风,小于3级
1664,2015-08-04,38,28,晴,东南风,小于3级
1665,2015-08-05,37,27,晴~多云,东北风,小于3级
1666,2015-08-06,36,27,晴~多云,西北风,小于3级
1667,2015-08-07,34,28,阵雨,东北风,小于3级
1668,2015-08-08,32,27,阵雨,东北风,小于3级
1669,2015-08-09,31,28,中雨~阵雨,东北风,小于3级
1670,2015-08-10,30,27,中雨,西北风,小于3级
1671,2015-08-11,29,24,阵雨,西北风,小于3级
1672,2015-08-12,30,25,多云,西北风,小于3级
1673,2015-08-13,32,25,多云,东南风,小于3级
1674,2015-08-14,32,25,多云~小雨,东南风,小于3级
1675,2015-08-15,31,26,阴~阵雨,东北风,小于3级
1676,2015-08-16,29,25,阵雨~多云,东北风,小于3级
1677,2015-08-17,31,25,多云,东南风,小于3级
1678,2015-08-18,31,25,多云,东南风,小于3级
1679,2015-08-19,33,26,多云,西北风,小于3级
1680,2015-08-20,32,25,小雨,东南风,小于3级
1681,2015-08-21,29,24,阵雨~中雨,东北风,小于3级
1682,2015-08-22,25,22,中雨,东北风,小于3级
1683,2015-08-23,26,23,大雨~中雨,东南风,小于3级
1684,2015-08-24,26,23,暴雨~小雨,西北风,小于3级
1685,2015-08-25,29,23,多云,东南风,小于3级
1686,2015-08-26,29,24,多云,东南风,小于3级
1687,2015-08-27,31,24,雷阵雨,东南风,小于3级
1688,2015-08-28,31,24,多云,东南风,小于3级
1689,2015-08-29,30,23,多云,东北风,小于3级
1690,2015-08-30,30,23,多云,东南风,小于3级
1691,2015-08-31,30,24,多云,东北风,小于3级
1692,2015-09-01,31,24,阵雨,东南风,小于3级
1693,2015-09-02,30,24,多云,东南风,小于3级
1694,2015-09-03,31,24,多云,西北风,小于3级
1695,2015-09-04,31,24,多云~大雨,东南风,小于3级
1696,2015-09-05,28,24,中雨~阴,东北风,小于3级
1697,2015-09-06,29,23,多云~阵雨,东南风,小于3级
1698,2015-09-07,29,23,阴~多云,东北风,小于3级
1699,2015-09-08,29,22,多云,东北风,小于3级
1700,2015-09-09,29,22,晴~多云,东南风,小于3级
1701,2015-09-10,29,22,晴,东南风,小于3级
1702,2015-09-11,30,22,多云~小雨,东南风,小于3级
1703,2015-09-12,25,20,小雨~多云,东南风,小于3级
1704,2015-09-13,26,21,多云~阴,东北风,小于3级
1705,2015-09-14,27,22,多云~阵雨,东南风,小于3级
1706,2015-09-15,23,20,阵雨,东南风,小于3级
1707,2015-09-16,26,20,小雨~多云,东南风,小于3级
1708,2015-09-17,28,21,多云,东南风,小于3级
1709,2015-09-18,27,21,多云,东北风,小于3级
1710,2015-09-19,28,21,多云,东北风,小于3级
1711,2015-09-20,27,21,阴~多云,东南风,小于3级
1712,2015-09-21,29,22,多云,东南风,小于3级
1713,2015-09-22,28,22,小雨~中雨,东北风,小于3级
1714,2015-09-23,25,21,小雨~多云,西北风,小于3级
1715,2015-09-24,27,22,多云~小雨,东风,小于3级
1716,2015-09-25,27,22,阴~多云,东风,小于3级
1717,2015-09-26,29,21,多云,东南风,小于3级
1718,2015-09-27,28,22,晴~多云,东北风,小于3级
1719,2015-09-28,28,23,小雨~中雨,东北风,小于3级
1720,2015-09-29,24,22,中雨~小雨,东北风,小于3级
1721,2015-09-30,29,24,阵雨~中雨,西南风,小于3级
1722,2015-10-01,25,17,小雨~多云,东南风,小于3级
1723,2015-10-02,25,18,晴,东南风,小于3级
1724,2015-10-03,27,20,晴~多云,东北风,小于3级
1725,2015-10-04,25,20,阵雨~中雨,东南风,小于3级
1726,2015-10-05,21,18,小雨,东北风,小于3级
1727,2015-10-06,24,20,阴,东南风,小于3级
1728,2015-10-07,24,20,小雨,东北风,小于3级
1729,2015-10-08,22,18,小雨,东北风,小于3级
1730,2015-10-09,24,17,阴~多云,东南风,小于3级
1731,2015-10-10,24,13,多云~晴,西北风,小于3级
1732,2015-10-11,21,13,晴,东南风,小于3级
1733,2015-10-12,23,15,晴,东南风,小于3级
1734,2015-10-13,24,16,晴,东南风,小于3级
1735,2015-10-14,24,17,多云~晴,东南风,小于3级
1736,2015-10-15,26,18,晴,东南风,小于3级
1737,2015-10-16,26,18,晴,东南风,小于3级
1738,2015-10-17,25,18,晴~多云,东北风,小于3级
1739,2015-10-18,24,18,多云,东北风,小于3级
1740,2015-10-19,25,18,多云,东北风,小于3级
1741,2015-10-20,24,19,多云,东南风,小于3级
1742,2015-10-21,26,19,晴~多云,东南风,小于3级
1743,2015-10-22,26,20,晴~多云,东南风,小于3级
1744,2015-10-23,26,20,多云,东北风,小于3级
1745,2015-10-24,25,19,多云,东北风,小于3级
1746,2015-10-25,24,18,多云,东南风,小于3级
1747,2015-10-26,25,17,多云~阵雨,东南风,小于3级
1748,2015-10-27,20,14,多云~晴,东南风,小于3级
1749,2015-10-28,21,15,多云~小雨,东南风,小于3级
1750,2015-10-29,17,15,小雨,东南风,小于3级
1751,2015-10-30,19,15,阴,西北风,小于3级
1752,2015-10-31,18,13,阴~小雨,西南风,小于3级
1753,2015-11-01,15,11,小雨~多云,东南风,小于3级
1754,2015-11-02,18,12,晴~多云,东南风,小于3级
1755,2015-11-03,20,12,多云,西北风,小于3级
1756,2015-11-04,21,17,小雨,东南风,小于3级
1757,2015-11-05,24,19,多云~小雨,东北风,小于3级
1758,2015-11-06,24,19,小雨,东北风,小于3级
1759,2015-11-07,24,17,雷阵雨~阵雨,东南风,小于3级
1760,2015-11-08,16,13,小雨,东南风,小于3级
1761,2015-11-09,15,12,阴~多云,西北风,小于3级
1762,2015-11-10,16,11,多云~阴,东南风,小于3级
1763,2015-11-11,17,13,阴,东南风,小于3级
1764,2015-11-12,18,15,小雨,东南风,小于3级
1765,2015-11-13,17,14,阴,西南风,小于3级
1766,2015-11-14,17,12,阴~多云,东南风,小于3级
1767,2015-11-15,19,13,多云~阵雨,东南风,小于3级
1768,2015-11-16,21,16,小雨,东南风,小于3级
1769,2015-11-17,17,14,小雨,东北风,小于3级
1770,2015-11-18,17,14,小雨,东北风,小于3级
1771,2015-11-19,16,13,小雨,东北风,小于3级
1772,2015-11-20,17,14,小雨,东南风,小于3级
1773,2015-11-21,18,15,阵雨,东北风,小于3级
1774,2015-11-22,19,16,阵雨,东南风,小于3级
1775,2015-11-23,18,14,小雨,东南风,小于3级
1776,2015-11-24,15,7,小雨,西北风,小于3级
1777,2015-11-25,10,3,多云~晴,西北风,小于3级
1778,2015-11-26,5,0,多云~晴,西北风,小于3级
1779,2015-11-27,6,0,晴~多云,东南风,小于3级
1780,2015-11-28,12,7,阴~小雨,东南风,小于3级
1781,2015-11-29,14,8,小雨~多云,东南风,小于3级
1782,2015-11-30,15,9,多云,东北风,小于3级
1783,2015-12-01,18,11,多云~小雨,东风,小于3级
1784,2015-12-02,14,6,小雨~多云,西北风,小于3级
1785,2015-12-03,12,3,晴,西南风,小于3级
1786,2015-12-04,10,4,多云~阴,东南风,小于3级
1787,2015-12-05,9,3,小雨,西北风,小于3级
1788,2015-12-06,9,5,阴~多云,东南风,小于3级
1789,2015-12-07,13,5,多云~晴,东南风,小于3级
1790,2015-12-08,14,8,多云~阴,东北风,小于3级
1791,2015-12-09,15,12,小雨~中雨,东南风,小于3级
1792,2015-12-10,13,11,小雨,西北风,小于3级
1793,2015-12-11,12,6,阴,东南风,小于3级
1794,2015-12-12,11,6,晴~多云,东北风,小于3级
1795,2015-12-13,12,7,小雨,东南风,小于3级
1796,2015-12-14,10,6,多云,东南风,小于3级
1797,2015-12-15,10,3,多云,东南风,小于3级
1798,2015-12-16,7,0,多云,西北风,小于3级
1799,2015-12-17,5,1,多云,东北风,小于3级
1800,2015-12-18,8,1,晴~多云,东北风,小于3级
1801,2015-12-19,11,6,多云~阴,东南风,小于3级
1802,2015-12-20,12,7,小雨,东南风,小于3级
1803,2015-12-21,11,6,多云~阴,东南风,小于3级
1804,2015-12-22,14,9,阴~小雨,东南风,小于3级
1805,2015-12-23,11,8,阴~小雨,西南风,小于3级
1806,2015-12-24,12,7,小雨~阴,东南风,小于3级
1807,2015-12-25,11,5,多云,东南风,小于3级
1808,2015-12-26,13,5,晴~多云,东南风,小于3级
1809,2015-12-27,12,5,阴~多云,东北风,小于3级
1810,2015-12-28,8,4,多云~晴,东南风,小于3级
1811,2015-12-29,9,4,多云,东南风,小于3级
1812,2015-12-30,12,4,多云,东南风,小于3级
1813,2015-12-31,10,3,晴,东北风,小于3级
1814,2016-01-01,12,4,晴~多云,东南风,小于3级
1815,2016-01-02,16,9,多云~小雨,东南风,小于3级
1816,2016-01-03,15,10,小雨,东南风,小于3级
1817,2016-01-04,15,9,小雨~中雨,东北风,小于3级
1818,2016-01-05,10,7,小雨,东北风,小于3级
1819,2016-01-06,9,5,小雨~多云,西北风,小于3级
1820,2016-01-07,10,4,阴~多云,西北风,小于3级
1821,2016-01-08,8,2,多云,东北风,小于3级
1822,2016-01-09,9,3,多云~阴,西北风,小于3级
1823,2016-01-10,10,7,小雨~中雨,东北风,小于3级
1824,2016-01-11,8,4,小雨,西南风,小于3级
1825,2016-01-12,6,1,阴~多云,西北风,小于3级
1826,2016-01-13,6,0,多云,东南风,小于3级
1827,2016-01-14,6,1,多云,东南风,小于3级
1828,2016-01-15,10,3,晴~多云,东南风,小于3级
1829,2016-01-16,10,4,多云~小雨,东北风,小于3级
1830,2016-01-17,8,3,小雨~多云,西北风,小于3级
1831,2016-01-18,6,-2,多云~晴,西南风,小于3级
1832,2016-01-19,4,-1,晴~多云,西北风,小于3级
1833,2016-01-20,5,1,阴~雨夹雪,东北风,小于3级
1834,2016-01-21,4,2,雨夹雪~小雨,东南风,小于3级
1835,2016-01-22,5,0,雨夹雪~小雪,西北风,小于3级
1836,2016-01-23,-1,-7,小雪~晴,东南风,小于3级
1837,2016-01-24,-4,-7,晴,东南风,小于3级
1838,2016-01-25,2,-5,晴,东南风,小于3级
1839,2016-01-26,6,-2,晴~阴,东南风,小于3级
1840,2016-01-27,7,4,小雨~中雨,东北风,小于3级
1841,2016-01-28,10,6,小雨,东北风,小于3级
1842,2016-01-29,7,4,小雨,东南风,小于3级
1843,2016-01-30,7,3,小雨~阴,西北风,小于3级
1844,2016-01-31,5,1,雨夹雪,西北风,小于3级
1845,2016-02-01,3,-1,阴~多云,东南风,小于3级
1846,2016-02-02,5,0,晴~多云,东南风,小于3级
1847,2016-02-03,7,1,晴~多云,东北风,小于3级
1848,2016-02-04,6,1,阴~多云,西北风,小于3级
1849,2016-02-05,8,1,晴~多云,东南风,小于3级
1850,2016-02-06,6,-1,多云~晴,西北风,小于3级
1851,2016-02-07,9,1,晴~多云,东南风,小于3级
1852,2016-02-08,13,2,晴,东南风,小于3级
1853,2016-02-09,17,6,晴,东北风,小于3级
1854,2016-02-10,18,11,多云~阴,东南风,小于3级
1855,2016-02-11,18,14,阵雨~阴,东南风,小于3级
1856,2016-02-12,20,14,多云~小雨,东南风,小于3级
1857,2016-02-13,17,3,阵雨~阴,西北风,小于3级
1858,2016-02-14,5,-1,雨夹雪~多云,西北风,小于3级
1859,2016-02-15,5,-1,晴,西北风,小于3级
1860,2016-02-16,10,2,晴~多云,东南风,小于3级
1861,2016-02-17,12,4,晴~多云,东南风,小于3级
1862,2016-02-18,15,6,晴~多云,东南风,小于3级
1863,2016-02-19,12,5,阴~多云,西北风,小于3级
1864,2016-02-20,11,3,晴,东南风,小于3级
1865,2016-02-21,11,5,多云~小雨,东南风,小于3级
1866,2016-02-22,8,5,中雨~小雨,东北风,小于3级
1867,2016-02-23,9,3,阴~多云,西南风,小于3级
1868,2016-02-24,9,2,晴,东南风,小于3级
1869,2016-02-25,11,4,晴~多云,东北风,小于3级
1870,2016-02-26,15,7,多云,东南风,小于3级
1871,2016-02-27,18,8,晴~多云,东南风,小于3级
1872,2016-02-28,20,5,多云,西南风,小于3级
1873,2016-02-29,11,2,晴,东北风,小于3级
1874,2016-03-01,11,3,晴~多云,西北风,小于3级
1875,2016-03-02,16,7,多云,东北风,小于3级
1876,2016-03-03,21,12,多云,东南风,小于3级
1877,2016-03-04,23,15,多云~阴,东南风,小于3级
1878,2016-03-05,23,10,阵雨,东南风,小于3级
1879,2016-03-06,16,9,多云,东北风,小于3级
1880,2016-03-07,19,10,多云~小雨,东风,小于3级
1881,2016-03-08,12,5,中雨,东北风,小于3级
1882,2016-03-09,8,4,阴,西北风,小于3级
1883,2016-03-10,7,1,阴~多云,西北风,小于3级
1884,2016-03-11,10,3,晴~多云,东南风,小于3级
1885,2016-03-12,13,6,多云~小雨,东北风,小于3级
1886,2016-03-13,10,5,小雨~多云,西南风,小于3级
1887,2016-03-14,13,5,晴~多云,东南风,小于3级
1888,2016-03-15,13,7,多云~阴,东南风,小于3级
1889,2016-03-16,18,10,多云,东南风,小于3级
1890,2016-03-17,18,12,阴~小雨,东北风,小于3级
1891,2016-03-18,19,12,小雨,东北风,小于3级
1892,2016-03-19,17,9,阴~多云,东北风,小于3级
1893,2016-03-20,18,9,多云,东北风,小于3级
1894,2016-03-21,15,10,多云~阴,东北风,小于3级
1895,2016-03-22,16,10,小雨,东风,小于3级
1896,2016-03-23,12,7,阴,东南风,小于3级
1897,2016-03-24,11,6,多云,东南风,小于3级
1898,2016-03-25,13,5,多云,东南风,小于3级
1899,2016-03-26,15,8,多云,东南风,小于3级
1900,2016-03-27,17,9,多云~晴,东南风,小于3级
1901,2016-03-28,20,11,晴~多云,东南风,小于3级
1902,2016-03-29,22,14,多云~阴,东南风,小于3级
1903,2016-03-30,20,12,小雨,西北风,小于3级
1904,2016-03-31,16,11,小雨~多云,东南风,小于3级
1905,2016-04-01,22,11,多云,东南风,小于3级
1906,2016-04-02,20,14,雷阵雨~大雨,东南风,小于3级
1907,2016-04-03,17,12,阵雨~阴,东北风,小于3级
1908,2016-04-04,18,11,多云,东南风,小于3级
1909,2016-04-05,18,13,阴~中雨,东北风,小于3级
1910,2016-04-06,18,13,中雨~大雨,东北风,小于3级
1911,2016-04-07,17,12,小雨~多云,东南风,小于3级
1912,2016-04-08,21,14,多云,东南风,小于3级
1913,2016-04-09,23,14,多云~阴,西南风,小于3级
1914,2016-04-10,22,14,多云,东南风,小于3级
1915,2016-04-11,21,14,多云~小雨,东南风,小于3级
1916,2016-04-12,18,15,小雨~阴,东南风,小于3级
1917,2016-04-13,25,15,多云,东北风,小于3级
1918,2016-04-14,26,15,多云,东北风,小于3级
1919,2016-04-15,22,16,多云~小雨,东北风,小于3级
1920,2016-04-16,21,15,中雨~阴,西北风,小于3级
1921,2016-04-17,22,13,多云~小雨,东南风,小于3级
1922,2016-04-18,20,13,多云,东北风,小于3级
1923,2016-04-19,22,15,多云~阴,东北风,小于3级
1924,2016-04-20,20,16,中雨~大雨,东南风,小于3级
1925,2016-04-21,23,16,小雨~多云,东南风,小于3级
1926,2016-04-22,27,16,多云~中雨,东北风,小于3级
1927,2016-04-23,17,14,中雨~小雨,东北风,小于3级
1928,2016-04-24,19,14,阴,东南风,小于3级
1929,2016-04-25,18,14,小雨,东北风,小于3级
1930,2016-04-26,18,14,中雨,东北风,小于3级
1931,2016-04-27,16,13,阴,东南风,小于3级
1932,2016-04-28,22,14,多云,东南风,小于3级
1933,2016-04-29,26,16,晴,东南风,小于3级
1934,2016-04-30,28,17,晴,东北风,小于3级
1935,2016-05-01,28,19,多云~阵雨,东北风,小于3级
1936,2016-05-02,25,20,中雨~小雨,东南风,小于3级
1937,2016-05-03,26,17,晴,东南风,小于3级
1938,2016-05-04,29,20,晴~阴,东北风,小于3级
1939,2016-05-05,25,20,中雨,东南风,小于3级
1940,2016-05-06,28,18,多云,东北风,小于3级
1941,2016-05-07,22,16,阵雨~中雨,东南风,小于3级
1942,2016-05-08,20,16,小雨~阵雨,东北风,小于3级
1943,2016-05-09,21,16,小雨,西北风,小于3级
1944,2016-05-10,19,15,小雨~多云,东南风,小于3级
1945,2016-05-11,25,17,晴,东北风,小于3级
1946,2016-05-12,28,19,晴,东南风,小于3级
1947,2016-05-13,22,18,多云,东南风,小于3级
1948,2016-05-14,24,18,阴~多云,东北风,小于3级
1949,2016-05-15,26,15,中雨,西北风,小于3级
1950,2016-05-16,24,15,晴,东南风,小于3级
1951,2016-05-17,26,16,晴~多云,东南风,小于3级
1952,2016-05-18,26,17,多云,东南风,小于3级
1953,2016-05-19,25,19,多云~阴,东南风,小于3级
1954,2016-05-20,24,20,小雨~中雨,东南风,小于3级
1955,2016-05-21,21,18,中雨~小雨,东南风,小于3级
1956,2016-05-22,24,19,阴,东南风,小于3级
1957,2016-05-23,26,20,多云~小雨,东南风,小于3级
1958,2016-05-24,24,19,小雨~多云,东南风,小于3级
1959,2016-05-25,28,21,多云~小雨,西南风,小于3级
1960,2016-05-26,25,20,小雨~中雨,东南风,小于3级
1961,2016-05-27,22,19,中雨~小雨,东南风,小于3级
1962,2016-05-28,22,19,大雨~中雨,东南风,小于3级
1963,2016-05-29,23,19,小雨~阴,东南风,小于3级
1964,2016-05-30,26,20,阴,东南风,小于3级
1965,2016-05-31,27,20,阵雨~暴雨,东北风,小于3级
1966,2016-06-01,22,18,小雨~多云,东南风,小于3级
1967,2016-06-02,26,20,多云~小雨,东北风,小于3级
1968,2016-06-03,21,17,中雨~小雨,东南风,小于3级
1969,2016-06-04,25,19,阴~多云,西北风,小于3级
1970,2016-06-05,25,20,多云,西北风,小于3级
1971,2016-06-06,27,20,多云~雷阵雨,东南风,小于3级
1972,2016-06-07,26,21,小雨~雷阵雨,东北风,小于3级
1973,2016-06-08,26,21,小雨,东北风,小于3级
1974,2016-06-09,25,21,阴~多云,东南风,小于3级
1975,2016-06-10,27,22,多云~阴,东南风,小于3级
1976,2016-06-11,30,23,阵雨,东南风,小于3级
1977,2016-06-12,24,21,大雨~小雨,东南风,小于3级
1978,2016-06-13,28,21,多云,东南风,小于3级
1979,2016-06-14,31,23,晴~多云,东北风,小于3级
1980,2016-06-15,32,22,雷阵雨~阵雨,东南风,小于3级
1981,2016-06-16,26,21,小雨~多云,东南风,小于3级
1982,2016-06-17,31,23,晴~多云,东北风,小于3级
1983,2016-06-18,30,24,多云~雷阵雨,西北风,小于3级
1984,2016-06-19,32,25,阴~阵雨,东南风,小于3级
1985,2016-06-20,29,25,雷阵雨~阴,东南风,小于3级
1986,2016-06-21,32,25,多云,东南风,小于3级
1987,2016-06-22,30,25,大雨~阵雨,东南风,小于3级
1988,2016-06-23,34,26,雷阵雨~多云,东北风,小于3级
1989,2016-06-24,34,22,雷阵雨~中雨,东南风,小于3级
1990,2016-06-25,23,19,小雨~多云,东南风,小于3级
1991,2016-06-26,26,21,多云~小雨,东南风,小于3级
1992,2016-06-27,24,21,中雨,东南风,小于3级
1993,2016-06-28,25,22,大雨~暴雨,东南风,小于3级
1994,2016-06-29,26,23,阵雨,东南风,小于3级
1995,2016-06-30,34,26,多云~阵雨,东北风,小于3级
