,date,holiday,weekday,weekend
0,20090101,1,4,0
1,20090102,1,5,0
2,20090103,1,6,1
3,20090104,0,7,0
4,20090105,0,1,0
5,20090106,0,2,0
6,20090107,0,3,0
7,20090108,0,4,0
8,20090109,0,5,0
9,20090110,0,6,1
10,20090111,0,7,1
11,20090112,0,1,0
12,20090113,0,2,0
13,20090114,0,3,0
14,20090115,0,4,0
15,20090116,0,5,0
16,20090117,0,6,1
17,20090118,0,7,1
18,20090119,0,1,0
19,20090120,0,2,0
20,20090121,0,3,0
21,20090122,0,4,0
22,20090123,0,5,0
23,20090124,0,6,0
24,20090125,1,7,1
25,20090126,1,1,0
26,20090127,1,2,0
27,20090128,1,3,0
28,20090129,1,4,0
29,20090130,1,5,0
30,20090131,1,6,1
31,20090201,0,7,0
32,20090202,0,1,0
33,20090203,0,2,0
34,20090204,0,3,0
35,20090205,0,4,0
36,20090206,0,5,0
37,20090207,0,6,1
38,20090208,0,7,1
39,20090209,0,1,0
40,20090210,0,2,0
41,20090211,0,3,0
42,20090212,0,4,0
43,20090213,0,5,0
44,20090214,0,6,1
45,20090215,0,7,1
46,20090216,0,1,0
47,20090217,0,2,0
48,20090218,0,3,0
49,20090219,0,4,0
50,20090220,0,5,0
51,20090221,0,6,1
52,20090222,0,7,1
53,20090223,0,1,0
54,20090224,0,2,0
55,20090225,0,3,0
56,20090226,0,4,0
57,20090227,0,5,0
58,20090228,0,6,1
59,20090301,0,7,1
60,20090302,0,1,0
61,20090303,0,2,0
62,20090304,0,3,0
63,20090305,0,4,0
64,20090306,0,5,0
65,20090307,0,6,1
66,20090308,0,7,1
67,20090309,0,1,0
68,20090310,0,2,0
69,20090311,0,3,0
70,20090312,0,4,0
71,20090313,0,5,0
72,20090314,0,6,1
73,20090315,0,7,1
74,20090316,0,1,0
75,20090317,0,2,0
76,20090318,0,3,0
77,20090319,0,4,0
78,20090320,0,5,0
79,20090321,0,6,1
80,20090322,0,7,1
81,20090323,0,1,0
82,20090324,0,2,0
83,20090325,0,3,0
84,20090326,0,4,0
85,20090327,0,5,0
86,20090328,0,6,1
87,20090329,0,7,1
88,20090330,0,1,0
89,20090331,0,2,0
90,20090401,0,3,0
91,20090402,0,4,0
92,20090403,0,5,0
93,20090404,1,6,1
94,20090405,1,7,1
95,20090406,1,1,0
96,20090407,0,2,0
97,20090408,0,3,0
98,20090409,0,4,0
99,20090410,0,5,0
100,20090411,0,6,1
101,20090412,0,7,1
102,20090413,0,1,0
103,20090414,0,2,0
104,20090415,0,3,0
105,20090416,0,4,0
106,20090417,0,5,0
107,20090418,0,6,1
108,20090419,0,7,1
109,20090420,0,1,0
110,20090421,0,2,0
111,20090422,0,3,0
112,20090423,0,4,0
113,20090424,0,5,0
114,20090425,0,6,1
115,20090426,0,7,1
116,20090427,0,1,0
117,20090428,0,2,0
118,20090429,0,3,0
119,20090430,0,4,0
120,20090501,1,5,0
121,20090502,1,6,1
122,20090503,1,7,1
123,20090504,0,1,0
124,20090505,0,2,0
125,20090506,0,3,0
126,20090507,0,4,0
127,20090508,0,5,0
128,20090509,0,6,1
129,20090510,0,7,1
130,20090511,0,1,0
131,20090512,0,2,0
132,20090513,0,3,0
133,20090514,0,4,0
134,20090515,0,5,0
135,20090516,0,6,1
136,20090517,0,7,1
137,20090518,0,1,0
138,20090519,0,2,0
139,20090520,0,3,0
140,20090521,0,4,0
141,20090522,0,5,0
142,20090523,0,6,1
143,20090524,0,7,1
144,20090525,0,1,0
145,20090526,0,2,0
146,20090527,0,3,0
147,20090528,1,4,0
148,20090529,1,5,0
149,20090530,1,6,1
150,20090531,0,7,0
151,20090601,0,1,0
152,20090602,0,2,0
153,20090603,0,3,0
154,20090604,0,4,0
155,20090605,0,5,0
156,20090606,0,6,1
157,20090607,0,7,1
158,20090608,0,1,0
159,20090609,0,2,0
160,20090610,0,3,0
161,20090611,0,4,0
162,20090612,0,5,0
163,20090613,0,6,1
164,20090614,0,7,1
165,20090615,0,1,0
166,20090616,0,2,0
167,20090617,0,3,0
168,20090618,0,4,0
169,20090619,0,5,0
170,20090620,0,6,1
171,20090621,0,7,1
172,20090622,0,1,0
173,20090623,0,2,0
174,20090624,0,3,0
175,20090625,0,4,0
176,20090626,0,5,0
177,20090627,0,6,1
178,20090628,0,7,1
179,20090629,0,1,0
180,20090630,0,2,0
181,20090701,0,3,0
182,20090702,0,4,0
183,20090703,0,5,0
184,20090704,0,6,1
185,20090705,0,7,1
186,20090706,0,1,0
187,20090707,0,2,0
188,20090708,0,3,0
189,20090709,0,4,0
190,20090710,0,5,0
191,20090711,0,6,1
192,20090712,0,7,1
193,20090713,0,1,0
194,20090714,0,2,0
195,20090715,0,3,0
196,20090716,0,4,0
197,20090717,0,5,0
198,20090718,0,6,1
199,20090719,0,7,1
200,20090720,0,1,0
201,20090721,0,2,0
202,20090722,0,3,0
203,20090723,0,4,0
204,20090724,0,5,0
205,20090725,0,6,1
206,20090726,0,7,1
207,20090727,0,1,0
208,20090728,0,2,0
209,20090729,0,3,0
210,20090730,0,4,0
211,20090731,0,5,0
212,20090801,0,6,1
213,20090802,0,7,1
214,20090803,0,1,0
215,20090804,0,2,0
216,20090805,0,3,0
217,20090806,0,4,0
218,20090807,0,5,0
219,20090808,0,6,1
220,20090809,0,7,1
221,20090810,0,1,0
222,20090811,0,2,0
223,20090812,0,3,0
224,20090813,0,4,0
225,20090814,0,5,0
226,20090815,0,6,1
227,20090816,0,7,1
228,20090817,0,1,0
229,20090818,0,2,0
230,20090819,0,3,0
231,20090820,0,4,0
232,20090821,0,5,0
233,20090822,0,6,1
234,20090823,0,7,1
235,20090824,0,1,0
236,20090825,0,2,0
237,20090826,0,3,0
238,20090827,0,4,0
239,20090828,0,5,0
240,20090829,0,6,1
241,20090830,0,7,1
242,20090831,0,1,0
243,20090901,0,2,0
244,20090902,0,3,0
245,20090903,0,4,0
246,20090904,0,5,0
247,20090905,0,6,1
248,20090906,0,7,1
249,20090907,0,1,0
250,20090908,0,2,0
251,20090909,0,3,0
252,20090910,0,4,0
253,20090911,0,5,0
254,20090912,0,6,1
255,20090913,0,7,1
256,20090914,0,1,0
257,20090915,0,2,0
258,20090916,0,3,0
259,20090917,0,4,0
260,20090918,0,5,0
261,20090919,0,6,1
262,20090920,0,7,1
263,20090921,0,1,0
264,20090922,0,2,0
265,20090923,0,3,0
266,20090924,0,4,0
267,20090925,0,5,0
268,20090926,0,6,1
269,20090927,0,7,0
270,20090928,0,1,0
271,20090929,0,2,0
272,20090930,0,3,0
273,20091001,1,4,0
274,20091002,1,5,0
275,20091003,1,6,1
276,20091004,1,7,1
277,20091005,1,1,0
278,20091006,1,2,0
279,20091007,1,3,0
280,20091008,1,4,0
281,20091009,0,5,0
282,20091010,0,6,0
283,20091011,0,7,1
284,20091012,0,1,0
285,20091013,0,2,0
286,20091014,0,3,0
287,20091015,0,4,0
288,20091016,0,5,0
289,20091017,0,6,1
290,20091018,0,7,1
291,20091019,0,1,0
292,20091020,0,2,0
293,20091021,0,3,0
294,20091022,0,4,0
295,20091023,0,5,0
296,20091024,0,6,1
297,20091025,0,7,1
298,20091026,0,1,0
299,20091027,0,2,0
300,20091028,0,3,0
301,20091029,0,4,0
302,20091030,0,5,0
303,20091031,0,6,1
304,20091101,0,7,1
305,20091102,0,1,0
306,20091103,0,2,0
307,20091104,0,3,0
308,20091105,0,4,0
309,20091106,0,5,0
310,20091107,0,6,1
311,20091108,0,7,1
312,20091109,0,1,0
313,20091110,0,2,0
314,20091111,0,3,0
315,20091112,0,4,0
316,20091113,0,5,0
317,20091114,0,6,1
318,20091115,0,7,1
319,20091116,0,1,0
320,20091117,0,2,0
321,20091118,0,3,0
322,20091119,0,4,0
323,20091120,0,5,0
324,20091121,0,6,1
325,20091122,0,7,1
326,20091123,0,1,0
327,20091124,0,2,0
328,20091125,0,3,0
329,20091126,0,4,0
330,20091127,0,5,0
331,20091128,0,6,1
332,20091129,0,7,1
333,20091130,0,1,0
334,20091201,0,2,0
335,20091202,0,3,0
336,20091203,0,4,0
337,20091204,0,5,0
338,20091205,0,6,1
339,20091206,0,7,1
340,20091207,0,1,0
341,20091208,0,2,0
342,20091209,0,3,0
343,20091210,0,4,0
344,20091211,0,5,0
345,20091212,0,6,1
346,20091213,0,7,1
347,20091214,0,1,0
348,20091215,0,2,0
349,20091216,0,3,0
350,20091217,0,4,0
351,20091218,0,5,0
352,20091219,0,6,1
353,20091220,0,7,1
354,20091221,0,1,0
355,20091222,0,2,0
356,20091223,0,3,0
357,20091224,0,4,0
358,20091225,0,5,0
359,20091226,0,6,1
360,20091227,0,7,1
361,20091228,0,1,0
362,20091229,0,2,0
363,20091230,0,3,0
364,20091231,0,4,0
365,20100101,1,5,0
366,20100102,1,6,1
367,20100103,1,7,1
368,20100104,0,1,0
369,20100105,0,2,0
370,20100106,0,3,0
371,20100107,0,4,0
372,20100108,0,5,0
373,20100109,0,6,1
374,20100110,0,7,1
375,20100111,0,1,0
376,20100112,0,2,0
377,20100113,0,3,0
378,20100114,0,4,0
379,20100115,0,5,0
380,20100116,0,6,1
381,20100117,0,7,1
382,20100118,0,1,0
383,20100119,0,2,0
384,20100120,0,3,0
385,20100121,0,4,0
386,20100122,0,5,0
387,20100123,0,6,1
388,20100124,0,7,1
389,20100125,0,1,0
390,20100126,0,2,0
391,20100127,0,3,0
392,20100128,0,4,0
393,20100129,0,5,0
394,20100130,0,6,1
395,20100131,0,7,1
396,20100201,0,1,0
397,20100202,0,2,0
398,20100203,0,3,0
399,20100204,0,4,0
400,20100205,0,5,0
401,20100206,0,6,1
402,20100207,0,7,1
403,20100208,0,1,0
404,20100209,0,2,0
405,20100210,0,3,0
406,20100211,0,4,0
407,20100212,0,5,0
408,20100213,1,6,1
409,20100214,1,7,1
410,20100215,1,1,0
411,20100216,1,2,0
412,20100217,1,3,0
413,20100218,1,4,0
414,20100219,1,5,0
415,20100220,0,6,0
416,20100221,0,7,0
417,20100222,0,1,0
418,20100223,0,2,0
419,20100224,0,3,0
420,20100225,0,4,0
421,20100226,0,5,0
422,20100227,0,6,1
423,20100228,0,7,1
424,20100301,0,1,0
425,20100302,0,2,0
426,20100303,0,3,0
427,20100304,0,4,0
428,20100305,0,5,0
429,20100306,0,6,1
430,20100307,0,7,1
431,20100308,0,1,0
432,20100309,0,2,0
433,20100310,0,3,0
434,20100311,0,4,0
435,20100312,0,5,0
436,20100313,0,6,1
437,20100314,0,7,1
438,20100315,0,1,0
439,20100316,0,2,0
440,20100317,0,3,0
441,20100318,0,4,0
442,20100319,0,5,0
443,20100320,0,6,1
444,20100321,0,7,1
445,20100322,0,1,0
446,20100323,0,2,0
447,20100324,0,3,0
448,20100325,0,4,0
449,20100326,0,5,0
450,20100327,0,6,1
451,20100328,0,7,1
452,20100329,0,1,0
453,20100330,0,2,0
454,20100331,0,3,0
455,20100401,0,4,0
456,20100402,0,5,0
457,20100403,1,6,1
458,20100404,1,7,1
459,20100405,1,1,0
460,20100406,0,2,0
461,20100407,0,3,0
462,20100408,0,4,0
463,20100409,0,5,0
464,20100410,0,6,1
465,20100411,0,7,1
466,20100412,0,1,0
467,20100413,0,2,0
468,20100414,0,3,0
469,20100415,0,4,0
470,20100416,0,5,0
471,20100417,0,6,1
472,20100418,0,7,1
473,20100419,0,1,0
474,20100420,0,2,0
475,20100421,0,3,0
476,20100422,0,4,0
477,20100423,0,5,0
478,20100424,0,6,1
479,20100425,0,7,1
480,20100426,0,1,0
481,20100427,0,2,0
482,20100428,0,3,0
483,20100429,0,4,0
484,20100430,0,5,0
485,20100501,1,6,1
486,20100502,1,7,1
487,20100503,1,1,0
488,20100504,0,2,0
489,20100505,0,3,0
490,20100506,0,4,0
491,20100507,0,5,0
492,20100508,0,6,1
493,20100509,0,7,1
494,20100510,0,1,0
495,20100511,0,2,0
496,20100512,0,3,0
497,20100513,0,4,0
498,20100514,0,5,0
499,20100515,0,6,1
500,20100516,0,7,1
501,20100517,0,1,0
502,20100518,0,2,0
503,20100519,0,3,0
504,20100520,0,4,0
505,20100521,0,5,0
506,20100522,0,6,1
507,20100523,0,7,1
508,20100524,0,1,0
509,20100525,0,2,0
510,20100526,0,3,0
511,20100527,0,4,0
512,20100528,0,5,0
513,20100529,0,6,1
514,20100530,0,7,1
515,20100531,0,1,0
516,20100601,0,2,0
517,20100602,0,3,0
518,20100603,0,4,0
519,20100604,0,5,0
520,20100605,0,6,1
521,20100606,0,7,1
522,20100607,0,1,0
523,20100608,0,2,0
524,20100609,0,3,0
525,20100610,0,4,0
526,20100611,0,5,0
527,20100612,0,6,0
528,20100613,0,7,0
529,20100614,1,1,0
530,20100615,1,2,0
531,20100616,1,3,0
532,20100617,0,4,0
533,20100618,0,5,0
534,20100619,0,6,1
535,20100620,0,7,1
536,20100621,0,1,0
537,20100622,0,2,0
538,20100623,0,3,0
539,20100624,0,4,0
540,20100625,0,5,0
541,20100626,0,6,1
542,20100627,0,7,1
543,20100628,0,1,0
544,20100629,0,2,0
545,20100630,0,3,0
546,20100701,0,4,0
547,20100702,0,5,0
548,20100703,0,6,1
549,20100704,0,7,1
550,20100705,0,1,0
551,20100706,0,2,0
552,20100707,0,3,0
553,20100708,0,4,0
554,20100709,0,5,0
555,20100710,0,6,1
556,20100711,0,7,1
557,20100712,0,1,0
558,20100713,0,2,0
559,20100714,0,3,0
560,20100715,0,4,0
561,20100716,0,5,0
562,20100717,0,6,1
563,20100718,0,7,1
564,20100719,0,1,0
565,20100720,0,2,0
566,20100721,0,3,0
567,20100722,0,4,0
568,20100723,0,5,0
569,20100724,0,6,1
570,20100725,0,7,1
571,20100726,0,1,0
572,20100727,0,2,0
573,20100728,0,3,0
574,20100729,0,4,0
575,20100730,0,5,0
576,20100731,0,6,1
577,20100801,0,7,1
578,20100802,0,1,0
579,20100803,0,2,0
580,20100804,0,3,0
581,20100805,0,4,0
582,20100806,0,5,0
583,20100807,0,6,1
584,20100808,0,7,1
585,20100809,0,1,0
586,20100810,0,2,0
587,20100811,0,3,0
588,20100812,0,4,0
589,20100813,0,5,0
590,20100814,0,6,1
591,20100815,0,7,1
592,20100816,0,1,0
593,20100817,0,2,0
594,20100818,0,3,0
595,20100819,0,4,0
596,20100820,0,5,0
597,20100821,0,6,1
598,20100822,0,7,1
599,20100823,0,1,0
600,20100824,0,2,0
601,20100825,0,3,0
602,20100826,0,4,0
603,20100827,0,5,0
604,20100828,0,6,1
605,20100829,0,7,1
606,20100830,0,1,0
607,20100831,0,2,0
608,20100901,0,3,0
609,20100902,0,4,0
610,20100903,0,5,0
611,20100904,0,6,1
612,20100905,0,7,1
613,20100906,0,1,0
614,20100907,0,2,0
615,20100908,0,3,0
616,20100909,0,4,0
617,20100910,0,5,0
618,20100911,0,6,1
619,20100912,0,7,1
620,20100913,0,1,0
621,20100914,0,2,0
622,20100915,0,3,0
623,20100916,0,4,0
624,20100917,0,5,0
625,20100918,0,6,1
626,20100919,0,7,0
627,20100920,0,1,0
628,20100921,0,2,0
629,20100922,1,3,0
630,20100923,1,4,0
631,20100924,1,5,0
632,20100925,0,6,0
633,20100926,0,7,0
634,20100927,0,1,0
635,20100928,0,2,0
636,20100929,0,3,0
637,20100930,0,4,0
638,20101001,1,5,0
639,20101002,1,6,1
640,20101003,1,7,1
641,20101004,1,1,0
642,20101005,1,2,0
643,20101006,1,3,0
644,20101007,1,4,0
645,20101008,0,5,0
646,20101009,0,6,0
647,20101010,0,7,1
648,20101011,0,1,0
649,20101012,0,2,0
650,20101013,0,3,0
651,20101014,0,4,0
652,20101015,0,5,0
653,20101016,0,6,1
654,20101017,0,7,1
655,20101018,0,1,0
656,20101019,0,2,0
657,20101020,0,3,0
658,20101021,0,4,0
659,20101022,0,5,0
660,20101023,0,6,1
661,20101024,0,7,1
662,20101025,0,1,0
663,20101026,0,2,0
664,20101027,0,3,0
665,20101028,0,4,0
666,20101029,0,5,0
667,20101030,0,6,1
668,20101031,0,7,1
669,20101101,0,1,0
670,20101102,0,2,0
671,20101103,0,3,0
672,20101104,0,4,0
673,20101105,0,5,0
674,20101106,0,6,1
675,20101107,0,7,1
676,20101108,0,1,0
677,20101109,0,2,0
678,20101110,0,3,0
679,20101111,0,4,0
680,20101112,0,5,0
681,20101113,0,6,1
682,20101114,0,7,1
683,20101115,0,1,0
684,20101116,0,2,0
685,20101117,0,3,0
686,20101118,0,4,0
687,20101119,0,5,0
688,20101120,0,6,1
689,20101121,0,7,1
690,20101122,0,1,0
691,20101123,0,2,0
692,20101124,0,3,0
693,20101125,0,4,0
694,20101126,0,5,0
695,20101127,0,6,1
696,20101128,0,7,1
697,20101129,0,1,0
698,20101130,0,2,0
699,20101201,0,3,0
700,20101202,0,4,0
701,20101203,0,5,0
702,20101204,0,6,1
703,20101205,0,7,1
704,20101206,0,1,0
705,20101207,0,2,0
706,20101208,0,3,0
707,20101209,0,4,0
708,20101210,0,5,0
709,20101211,0,6,1
710,20101212,0,7,1
711,20101213,0,1,0
712,20101214,0,2,0
713,20101215,0,3,0
714,20101216,0,4,0
715,20101217,0,5,0
716,20101218,0,6,1
717,20101219,0,7,1
718,20101220,0,1,0
719,20101221,0,2,0
720,20101222,0,3,0
721,20101223,0,4,0
722,20101224,0,5,0
723,20101225,0,6,1
724,20101226,0,7,1
725,20101227,0,1,0
726,20101228,0,2,0
727,20101229,0,3,0
728,20101230,0,4,0
729,20101231,0,5,0
730,20110101,1,6,1
731,20110102,1,7,1
732,20110103,1,1,0
733,20110104,0,2,0
734,20110105,0,3,0
735,20110106,0,4,0
736,20110107,0,5,0
737,20110108,0,6,1
738,20110109,0,7,1
739,20110110,0,1,0
740,20110111,0,2,0
741,20110112,0,3,0
742,20110113,0,4,0
743,20110114,0,5,0
744,20110115,0,6,1
745,20110116,0,7,1
746,20110117,0,1,0
747,20110118,0,2,0
748,20110119,0,3,0
749,20110120,0,4,0
750,20110121,0,5,0
751,20110122,0,6,1
752,20110123,0,7,1
753,20110124,0,1,0
754,20110125,0,2,0
755,20110126,0,3,0
756,20110127,0,4,0
757,20110128,0,5,0
758,20110129,0,6,1
759,20110130,0,7,0
760,20110131,0,1,0
761,20110201,0,2,0
762,20110202,1,3,0
763,20110203,1,4,0
764,20110204,1,5,0
765,20110205,1,6,1
766,20110206,1,7,1
767,20110207,1,1,0
768,20110208,1,2,0
769,20110209,0,3,0
770,20110210,0,4,0
771,20110211,0,5,0
772,20110212,0,6,0
773,20110213,0,7,1
774,20110214,0,1,0
775,20110215,0,2,0
776,20110216,0,3,0
777,20110217,0,4,0
778,20110218,0,5,0
779,20110219,0,6,1
780,20110220,0,7,1
781,20110221,0,1,0
782,20110222,0,2,0
783,20110223,0,3,0
784,20110224,0,4,0
785,20110225,0,5,0
786,20110226,0,6,1
787,20110227,0,7,1
788,20110228,0,1,0
789,20110301,0,2,0
790,20110302,0,3,0
791,20110303,0,4,0
792,20110304,0,5,0
793,20110305,0,6,1
794,20110306,0,7,1
795,20110307,0,1,0
796,20110308,0,2,0
797,20110309,0,3,0
798,20110310,0,4,0
799,20110311,0,5,0
800,20110312,0,6,1
801,20110313,0,7,1
802,20110314,0,1,0
803,20110315,0,2,0
804,20110316,0,3,0
805,20110317,0,4,0
806,20110318,0,5,0
807,20110319,0,6,1
808,20110320,0,7,1
809,20110321,0,1,0
810,20110322,0,2,0
811,20110323,0,3,0
812,20110324,0,4,0
813,20110325,0,5,0
814,20110326,0,6,1
815,20110327,0,7,1
816,20110328,0,1,0
817,20110329,0,2,0
818,20110330,0,3,0
819,20110331,0,4,0
820,20110401,0,5,0
821,20110402,0,6,0
822,20110403,1,7,1
823,20110404,1,1,0
824,20110405,1,2,0
825,20110406,0,3,0
826,20110407,0,4,0
827,20110408,0,5,0
828,20110409,0,6,1
829,20110410,0,7,1
830,20110411,0,1,0
831,20110412,0,2,0
832,20110413,0,3,0
833,20110414,0,4,0
834,20110415,0,5,0
835,20110416,0,6,1
836,20110417,0,7,1
837,20110418,0,1,0
838,20110419,0,2,0
839,20110420,0,3,0
840,20110421,0,4,0
841,20110422,0,5,0
842,20110423,0,6,1
843,20110424,0,7,1
844,20110425,0,1,0
845,20110426,0,2,0
846,20110427,0,3,0
847,20110428,0,4,0
848,20110429,0,5,0
849,20110430,1,6,1
850,20110501,1,7,1
851,20110502,1,1,0
852,20110503,0,2,0
853,20110504,0,3,0
854,20110505,0,4,0
855,20110506,0,5,0
856,20110507,0,6,1
857,20110508,0,7,1
858,20110509,0,1,0
859,20110510,0,2,0
860,20110511,0,3,0
861,20110512,0,4,0
862,20110513,0,5,0
863,20110514,0,6,1
864,20110515,0,7,1
865,20110516,0,1,0
866,20110517,0,2,0
867,20110518,0,3,0
868,20110519,0,4,0
869,20110520,0,5,0
870,20110521,0,6,1
871,20110522,0,7,1
872,20110523,0,1,0
873,20110524,0,2,0
874,20110525,0,3,0
875,20110526,0,4,0
876,20110527,0,5,0
877,20110528,0,6,1
878,20110529,0,7,1
879,20110530,0,1,0
880,20110531,0,2,0
881,20110601,0,3,0
882,20110602,0,4,0
883,20110603,0,5,0
884,20110604,1,6,1
885,20110605,1,7,1
886,20110606,1,1,0
887,20110607,0,2,0
888,20110608,0,3,0
889,20110609,0,4,0
890,20110610,0,5,0
891,20110611,0,6,1
892,20110612,0,7,1
893,20110613,0,1,0
894,20110614,0,2,0
895,20110615,0,3,0
896,20110616,0,4,0
897,20110617,0,5,0
898,20110618,0,6,1
899,20110619,0,7,1
900,20110620,0,1,0
901,20110621,0,2,0
902,20110622,0,3,0
903,20110623,0,4,0
904,20110624,0,5,0
905,20110625,0,6,1
906,20110626,0,7,1
907,20110627,0,1,0
908,20110628,0,2,0
909,20110629,0,3,0
910,20110630,0,4,0
911,20110701,0,5,0
912,20110702,0,6,1
913,20110703,0,7,1
914,20110704,0,1,0
915,20110705,0,2,0
916,20110706,0,3,0
917,20110707,0,4,0
918,20110708,0,5,0
919,20110709,0,6,1
920,20110710,0,7,1
921,20110711,0,1,0
922,20110712,0,2,0
923,20110713,0,3,0
924,20110714,0,4,0
925,20110715,0,5,0
926,20110716,0,6,1
927,20110717,0,7,1
928,20110718,0,1,0
929,20110719,0,2,0
930,20110720,0,3,0
931,20110721,0,4,0
932,20110722,0,5,0
933,20110723,0,6,1
934,20110724,0,7,1
935,20110725,0,1,0
936,20110726,0,2,0
937,20110727,0,3,0
938,20110728,0,4,0
939,20110729,0,5,0
940,20110730,0,6,1
941,20110731,0,7,1
942,20110801,0,1,0
943,20110802,0,2,0
944,20110803,0,3,0
945,20110804,0,4,0
946,20110805,0,5,0
947,20110806,0,6,1
948,20110807,0,7,1
949,20110808,0,1,0
950,20110809,0,2,0
951,20110810,0,3,0
952,20110811,0,4,0
953,20110812,0,5,0
954,20110813,0,6,1
955,20110814,0,7,1
956,20110815,0,1,0
957,20110816,0,2,0
958,20110817,0,3,0
959,20110818,0,4,0
960,20110819,0,5,0
961,20110820,0,6,1
962,20110821,0,7,1
963,20110822,0,1,0
964,20110823,0,2,0
965,20110824,0,3,0
966,20110825,0,4,0
967,20110826,0,5,0
968,20110827,0,6,1
969,20110828,0,7,1
970,20110829,0,1,0
971,20110830,0,2,0
972,20110831,0,3,0
973,20110901,0,4,0
974,20110902,0,5,0
975,20110903,0,6,1
976,20110904,0,7,1
977,20110905,0,1,0
978,20110906,0,2,0
979,20110907,0,3,0
980,20110908,0,4,0
981,20110909,0,5,0
982,20110910,1,6,1
983,20110911,1,7,1
984,20110912,1,1,0
985,20110913,0,2,0
986,20110914,0,3,0
987,20110915,0,4,0
988,20110916,0,5,0
989,20110917,0,6,1
990,20110918,0,7,1
991,20110919,0,1,0
992,20110920,0,2,0
993,20110921,0,3,0
994,20110922,0,4,0
995,20110923,0,5,0
996,20110924,0,6,1
997,20110925,0,7,1
998,20110926,0,1,0
999,20110927,0,2,0
1000,20110928,0,3,0
1001,20110929,0,4,0
1002,20110930,0,5,0
1003,20111001,1,6,1
1004,20111002,1,7,1
1005,20111003,1,1,0
1006,20111004,1,2,0
1007,20111005,1,3,0
1008,20111006,1,4,0
1009,20111007,1,5,0
1010,20111008,0,6,0
1011,20111009,0,7,0
1012,20111010,0,1,0
1013,20111011,0,2,0
1014,20111012,0,3,0
1015,20111013,0,4,0
1016,20111014,0,5,0
1017,20111015,0,6,1
1018,20111016,0,7,1
1019,20111017,0,1,0
1020,20111018,0,2,0
1021,20111019,0,3,0
1022,20111020,0,4,0
1023,20111021,0,5,0
1024,20111022,0,6,1
1025,20111023,0,7,1
1026,20111024,0,1,0
1027,20111025,0,2,0
1028,20111026,0,3,0
1029,20111027,0,4,0
1030,20111028,0,5,0
1031,20111029,0,6,1
1032,20111030,0,7,1
1033,20111031,0,1,0
1034,20111101,0,2,0
1035,20111102,0,3,0
1036,20111103,0,4,0
1037,20111104,0,5,0
1038,20111105,0,6,1
1039,20111106,0,7,1
1040,20111107,0,1,0
1041,20111108,0,2,0
1042,20111109,0,3,0
1043,20111110,0,4,0
1044,20111111,0,5,0
1045,20111112,0,6,1
1046,20111113,0,7,1
1047,20111114,0,1,0
1048,20111115,0,2,0
1049,20111116,0,3,0
1050,20111117,0,4,0
1051,20111118,0,5,0
1052,20111119,0,6,1
1053,20111120,0,7,1
1054,20111121,0,1,0
1055,20111122,0,2,0
1056,20111123,0,3,0
1057,20111124,0,4,0
1058,20111125,0,5,0
1059,20111126,0,6,1
1060,20111127,0,7,1
1061,20111128,0,1,0
1062,20111129,0,2,0
1063,20111130,0,3,0
1064,20111201,0,4,0
1065,20111202,0,5,0
1066,20111203,0,6,1
1067,20111204,0,7,1
1068,20111205,0,1,0
1069,20111206,0,2,0
1070,20111207,0,3,0
1071,20111208,0,4,0
1072,20111209,0,5,0
1073,20111210,0,6,1
1074,20111211,0,7,1
1075,20111212,0,1,0
1076,20111213,0,2,0
1077,20111214,0,3,0
1078,20111215,0,4,0
1079,20111216,0,5,0
1080,20111217,0,6,1
1081,20111218,0,7,1
1082,20111219,0,1,0
1083,20111220,0,2,0
1084,20111221,0,3,0
1085,20111222,0,4,0
1086,20111223,0,5,0
1087,20111224,0,6,1
1088,20111225,0,7,1
1089,20111226,0,1,0
1090,20111227,0,2,0
1091,20111228,0,3,0
1092,20111229,0,4,0
1093,20111230,0,5,0
1094,20111231,0,6,0
1095,20120101,1,7,1
1096,20120102,1,1,0
1097,20120103,1,2,0
1098,20120104,0,3,0
1099,20120105,0,4,0
1100,20120106,0,5,0
1101,20120107,0,6,1
1102,20120108,0,7,1
1103,20120109,0,1,0
1104,20120110,0,2,0
1105,20120111,0,3,0
1106,20120112,0,4,0
1107,20120113,0,5,0
1108,20120114,0,6,1
1109,20120115,0,7,1
1110,20120116,0,1,0
1111,20120117,0,2,0
1112,20120118,0,3,0
1113,20120119,0,4,0
1114,20120120,0,5,0
1115,20120121,0,6,0
1116,20120122,1,7,1
1117,20120123,1,1,0
1118,20120124,1,2,0
1119,20120125,1,3,0
1120,20120126,1,4,0
1121,20120127,1,5,0
1122,20120128,1,6,1
1123,20120129,0,7,0
1124,20120130,0,1,0
1125,20120131,0,2,0
1126,20120201,0,3,0
1127,20120202,0,4,0
1128,20120203,0,5,0
1129,20120204,0,6,1
1130,20120205,0,7,1
1131,20120206,0,1,0
1132,20120207,0,2,0
1133,20120208,0,3,0
1134,20120209,0,4,0
1135,20120210,0,5,0
1136,20120211,0,6,1
1137,20120212,0,7,1
1138,20120213,0,1,0
1139,20120214,0,2,0
1140,20120215,0,3,0
1141,20120216,0,4,0
1142,20120217,0,5,0
1143,20120218,0,6,1
1144,20120219,0,7,1
1145,20120220,0,1,0
1146,20120221,0,2,0
1147,20120222,0,3,0
1148,20120223,0,4,0
1149,20120224,0,5,0
1150,20120225,0,6,1
1151,20120226,0,7,1
1152,20120227,0,1,0
1153,20120228,0,2,0
1154,20120229,0,3,0
1155,20120301,0,4,0
1156,20120302,0,5,0
1157,20120303,0,6,1
1158,20120304,0,7,1
1159,20120305,0,1,0
1160,20120306,0,2,0
1161,20120307,0,3,0
1162,20120308,0,4,0
1163,20120309,0,5,0
1164,20120310,0,6,1
1165,20120311,0,7,1
1166,20120312,0,1,0
1167,20120313,0,2,0
1168,20120314,0,3,0
1169,20120315,0,4,0
1170,20120316,0,5,0
1171,20120317,0,6,1
1172,20120318,0,7,1
1173,20120319,0,1,0
1174,20120320,0,2,0
1175,20120321,0,3,0
1176,20120322,0,4,0
1177,20120323,0,5,0
1178,20120324,0,6,1
1179,20120325,0,7,1
1180,20120326,0,1,0
1181,20120327,0,2,0
1182,20120328,0,3,0
1183,20120329,0,4,0
1184,20120330,0,5,0
1185,20120331,0,6,0
1186,20120401,0,7,0
1187,20120402,1,1,0
1188,20120403,1,2,0
1189,20120404,1,3,0
1190,20120405,0,4,0
1191,20120406,0,5,0
1192,20120407,0,6,1
1193,20120408,0,7,1
1194,20120409,0,1,0
1195,20120410,0,2,0
1196,20120411,0,3,0
1197,20120412,0,4,0
1198,20120413,0,5,0
1199,20120414,0,6,1
1200,20120415,0,7,1
1201,20120416,0,1,0
1202,20120417,0,2,0
1203,20120418,0,3,0
1204,20120419,0,4,0
1205,20120420,0,5,0
1206,20120421,0,6,1
1207,20120422,0,7,1
1208,20120423,0,1,0
1209,20120424,0,2,0
1210,20120425,0,3,0
1211,20120426,0,4,0
1212,20120427,0,5,0
1213,20120428,0,6,0
1214,20120429,1,7,1
1215,20120430,1,1,0
1216,20120501,1,2,0
1217,20120502,0,3,0
1218,20120503,0,4,0
1219,20120504,0,5,0
1220,20120505,0,6,1
1221,20120506,0,7,1
1222,20120507,0,1,0
1223,20120508,0,2,0
1224,20120509,0,3,0
1225,20120510,0,4,0
1226,20120511,0,5,0
1227,20120512,0,6,1
1228,20120513,0,7,1
1229,20120514,0,1,0
1230,20120515,0,2,0
1231,20120516,0,3,0
1232,20120517,0,4,0
1233,20120518,0,5,0
1234,20120519,0,6,1
1235,20120520,0,7,1
1236,20120521,0,1,0
1237,20120522,0,2,0
1238,20120523,0,3,0
1239,20120524,0,4,0
1240,20120525,0,5,0
1241,20120526,0,6,1
1242,20120527,0,7,1
1243,20120528,0,1,0
1244,20120529,0,2,0
1245,20120530,0,3,0
1246,20120531,0,4,0
1247,20120601,0,5,0
1248,20120602,0,6,1
1249,20120603,0,7,1
1250,20120604,0,1,0
1251,20120605,0,2,0
1252,20120606,0,3,0
1253,20120607,0,4,0
1254,20120608,0,5,0
1255,20120609,0,6,1
1256,20120610,0,7,1
1257,20120611,0,1,0
1258,20120612,0,2,0
1259,20120613,0,3,0
1260,20120614,0,4,0
1261,20120615,0,5,0
1262,20120616,0,6,1
1263,20120617,0,7,1
1264,20120618,0,1,0
1265,20120619,0,2,0
1266,20120620,0,3,0
1267,20120621,0,4,0
1268,20120622,1,5,0
1269,20120623,1,6,1
1270,20120624,1,7,1
1271,20120625,0,1,0
1272,20120626,0,2,0
1273,20120627,0,3,0
1274,20120628,0,4,0
1275,20120629,0,5,0
1276,20120630,0,6,1
1277,20120701,0,7,1
1278,20120702,0,1,0
1279,20120703,0,2,0
1280,20120704,0,3,0
1281,20120705,0,4,0
1282,20120706,0,5,0
1283,20120707,0,6,1
1284,20120708,0,7,1
1285,20120709,0,1,0
1286,20120710,0,2,0
1287,20120711,0,3,0
1288,20120712,0,4,0
1289,20120713,0,5,0
1290,20120714,0,6,1
1291,20120715,0,7,1
1292,20120716,0,1,0
1293,20120717,0,2,0
1294,20120718,0,3,0
1295,20120719,0,4,0
1296,20120720,0,5,0
1297,20120721,0,6,1
1298,20120722,0,7,1
1299,20120723,0,1,0
1300,20120724,0,2,0
1301,20120725,0,3,0
1302,20120726,0,4,0
1303,20120727,0,5,0
1304,20120728,0,6,1
1305,20120729,0,7,1
1306,20120730,0,1,0
1307,20120731,0,2,0
1308,20120801,0,3,0
1309,20120802,0,4,0
1310,20120803,0,5,0
1311,20120804,0,6,1
1312,20120805,0,7,1
1313,20120806,0,1,0
1314,20120807,0,2,0
1315,20120808,0,3,0
1316,20120809,0,4,0
1317,20120810,0,5,0
1318,20120811,0,6,1
1319,20120812,0,7,1
1320,20120813,0,1,0
1321,20120814,0,2,0
1322,20120815,0,3,0
1323,20120816,0,4,0
1324,20120817,0,5,0
1325,20120818,0,6,1
1326,20120819,0,7,1
1327,20120820,0,1,0
1328,20120821,0,2,0
1329,20120822,0,3,0
1330,20120823,0,4,0
1331,20120824,0,5,0
1332,20120825,0,6,1
1333,20120826,0,7,1
1334,20120827,0,1,0
1335,20120828,0,2,0
1336,20120829,0,3,0
1337,20120830,0,4,0
1338,20120831,0,5,0
1339,20120901,0,6,1
1340,20120902,0,7,1
1341,20120903,0,1,0
1342,20120904,0,2,0
1343,20120905,0,3,0
1344,20120906,0,4,0
1345,20120907,0,5,0
1346,20120908,0,6,1
1347,20120909,0,7,1
1348,20120910,0,1,0
1349,20120911,0,2,0
1350,20120912,0,3,0
1351,20120913,0,4,0
1352,20120914,0,5,0
1353,20120915,0,6,1
1354,20120916,0,7,1
1355,20120917,0,1,0
1356,20120918,0,2,0
1357,20120919,0,3,0
1358,20120920,0,4,0
1359,20120921,0,5,0
1360,20120922,0,6,1
1361,20120923,0,7,1
1362,20120924,0,1,0
1363,20120925,0,2,0
1364,20120926,0,3,0
1365,20120927,0,4,0
1366,20120928,0,5,0
1367,20120929,0,6,0
1368,20120930,1,7,1
1369,20121001,1,1,0
1370,20121002,1,2,0
1371,20121003,1,3,0
1372,20121004,1,4,0
1373,20121005,1,5,0
1374,20121006,1,6,1
1375,20121007,1,7,1
1376,20121008,0,1,0
1377,20121009,0,2,0
1378,20121010,0,3,0
1379,20121011,0,4,0
1380,20121012,0,5,0
1381,20121013,0,6,1
1382,20121014,0,7,1
1383,20121015,0,1,0
1384,20121016,0,2,0
1385,20121017,0,3,0
1386,20121018,0,4,0
1387,20121019,0,5,0
1388,20121020,0,6,1
1389,20121021,0,7,1
1390,20121022,0,1,0
1391,20121023,0,2,0
1392,20121024,0,3,0
1393,20121025,0,4,0
1394,20121026,0,5,0
1395,20121027,0,6,1
1396,20121028,0,7,1
1397,20121029,0,1,0
1398,20121030,0,2,0
1399,20121031,0,3,0
1400,20121101,0,4,0
1401,20121102,0,5,0
1402,20121103,0,6,1
1403,20121104,0,7,1
1404,20121105,0,1,0
1405,20121106,0,2,0
1406,20121107,0,3,0
1407,20121108,0,4,0
1408,20121109,0,5,0
1409,20121110,0,6,1
1410,20121111,0,7,1
1411,20121112,0,1,0
1412,20121113,0,2,0
1413,20121114,0,3,0
1414,20121115,0,4,0
1415,20121116,0,5,0
1416,20121117,0,6,1
1417,20121118,0,7,1
1418,20121119,0,1,0
1419,20121120,0,2,0
1420,20121121,0,3,0
1421,20121122,0,4,0
1422,20121123,0,5,0
1423,20121124,0,6,1
1424,20121125,0,7,1
1425,20121126,0,1,0
1426,20121127,0,2,0
1427,20121128,0,3,0
1428,20121129,0,4,0
1429,20121130,0,5,0
1430,20121201,0,6,1
1431,20121202,0,7,1
1432,20121203,0,1,0
1433,20121204,0,2,0
1434,20121205,0,3,0
1435,20121206,0,4,0
1436,20121207,0,5,0
1437,20121208,0,6,1
1438,20121209,0,7,1
1439,20121210,0,1,0
1440,20121211,0,2,0
1441,20121212,0,3,0
1442,20121213,0,4,0
1443,20121214,0,5,0
1444,20121215,0,6,1
1445,20121216,0,7,1
1446,20121217,0,1,0
1447,20121218,0,2,0
1448,20121219,0,3,0
1449,20121220,0,4,0
1450,20121221,0,5,0
1451,20121222,0,6,1
1452,20121223,0,7,1
1453,20121224,0,1,0
1454,20121225,0,2,0
1455,20121226,0,3,0
1456,20121227,0,4,0
1457,20121228,0,5,0
1458,20121229,0,6,1
1459,20121230,0,7,1
1460,20121231,0,1,0
1461,20130101,1,2,0
1462,20130102,1,3,0
1463,20130103,1,4,0
1464,20130104,0,5,0
1465,20130105,0,6,0
1466,20130106,0,7,0
1467,20130107,0,1,0
1468,20130108,0,2,0
1469,20130109,0,3,0
1470,20130110,0,4,0
1471,20130111,0,5,0
1472,20130112,0,6,1
1473,20130113,0,7,1
1474,20130114,0,1,0
1475,20130115,0,2,0
1476,20130116,0,3,0
1477,20130117,0,4,0
1478,20130118,0,5,0
1479,20130119,0,6,1
1480,20130120,0,7,1
1481,20130121,0,1,0
1482,20130122,0,2,0
1483,20130123,0,3,0
1484,20130124,0,4,0
1485,20130125,0,5,0
1486,20130126,0,6,1
1487,20130127,0,7,1
1488,20130128,0,1,0
1489,20130129,0,2,0
1490,20130130,0,3,0
1491,20130131,0,4,0
1492,20130201,0,5,0
1493,20130202,0,6,1
1494,20130203,0,7,1
1495,20130204,0,1,0
1496,20130205,0,2,0
1497,20130206,0,3,0
1498,20130207,0,4,0
1499,20130208,0,5,0
1500,20130209,1,6,1
1501,20130210,1,7,1
1502,20130211,1,1,0
1503,20130212,1,2,0
1504,20130213,1,3,0
1505,20130214,1,4,0
1506,20130215,1,5,0
1507,20130216,0,6,0
1508,20130217,0,7,0
1509,20130218,0,1,0
1510,20130219,0,2,0
1511,20130220,0,3,0
1512,20130221,0,4,0
1513,20130222,0,5,0
1514,20130223,0,6,1
1515,20130224,0,7,1
1516,20130225,0,1,0
1517,20130226,0,2,0
1518,20130227,0,3,0
1519,20130228,0,4,0
1520,20130301,0,5,0
1521,20130302,0,6,1
1522,20130303,0,7,1
1523,20130304,0,1,0
1524,20130305,0,2,0
1525,20130306,0,3,0
1526,20130307,0,4,0
1527,20130308,0,5,0
1528,20130309,0,6,1
1529,20130310,0,7,1
1530,20130311,0,1,0
1531,20130312,0,2,0
1532,20130313,0,3,0
1533,20130314,0,4,0
1534,20130315,0,5,0
1535,20130316,0,6,1
1536,20130317,0,7,1
1537,20130318,0,1,0
1538,20130319,0,2,0
1539,20130320,0,3,0
1540,20130321,0,4,0
1541,20130322,0,5,0
1542,20130323,0,6,1
1543,20130324,0,7,1
1544,20130325,0,1,0
1545,20130326,0,2,0
1546,20130327,0,3,0
1547,20130328,0,4,0
1548,20130329,0,5,0
1549,20130330,0,6,1
1550,20130331,0,7,1
1551,20130401,0,1,0
1552,20130402,0,2,0
1553,20130403,0,3,0
1554,20130404,1,4,0
1555,20130405,1,5,0
1556,20130406,1,6,1
1557,20130407,0,7,0
1558,20130408,0,1,0
1559,20130409,0,2,0
1560,20130410,0,3,0
1561,20130411,0,4,0
1562,20130412,0,5,0
1563,20130413,0,6,1
1564,20130414,0,7,1
1565,20130415,0,1,0
1566,20130416,0,2,0
1567,20130417,0,3,0
1568,20130418,0,4,0
1569,20130419,0,5,0
1570,20130420,0,6,1
1571,20130421,0,7,1
1572,20130422,0,1,0
1573,20130423,0,2,0
1574,20130424,0,3,0
1575,20130425,0,4,0
1576,20130426,0,5,0
1577,20130427,0,6,0
1578,20130428,0,7,0
1579,20130429,1,1,0
1580,20130430,1,2,0
1581,20130501,1,3,0
1582,20130502,0,4,0
1583,20130503,0,5,0
1584,20130504,0,6,1
1585,20130505,0,7,1
1586,20130506,0,1,0
1587,20130507,0,2,0
1588,20130508,0,3,0
1589,20130509,0,4,0
1590,20130510,0,5,0
1591,20130511,0,6,1
1592,20130512,0,7,1
1593,20130513,0,1,0
1594,20130514,0,2,0
1595,20130515,0,3,0
1596,20130516,0,4,0
1597,20130517,0,5,0
1598,20130518,0,6,1
1599,20130519,0,7,1
1600,20130520,0,1,0
1601,20130521,0,2,0
1602,20130522,0,3,0
1603,20130523,0,4,0
1604,20130524,0,5,0
1605,20130525,0,6,1
1606,20130526,0,7,1
1607,20130527,0,1,0
1608,20130528,0,2,0
1609,20130529,0,3,0
1610,20130530,0,4,0
1611,20130531,0,5,0
1612,20130601,0,6,1
1613,20130602,0,7,1
1614,20130603,0,1,0
1615,20130604,0,2,0
1616,20130605,0,3,0
1617,20130606,0,4,0
1618,20130607,0,5,0
1619,20130608,0,6,0
1620,20130609,0,7,0
1621,20130610,1,1,0
1622,20130611,1,2,0
1623,20130612,1,3,0
1624,20130613,0,4,0
1625,20130614,0,5,0
1626,20130615,0,6,1
1627,20130616,0,7,1
1628,20130617,0,1,0
1629,20130618,0,2,0
1630,20130619,0,3,0
1631,20130620,0,4,0
1632,20130621,0,5,0
1633,20130622,0,6,1
1634,20130623,0,7,1
1635,20130624,0,1,0
1636,20130625,0,2,0
1637,20130626,0,3,0
1638,20130627,0,4,0
1639,20130628,0,5,0
1640,20130629,0,6,1
1641,20130630,0,7,1
1642,20130701,0,1,0
1643,20130702,0,2,0
1644,20130703,0,3,0
1645,20130704,0,4,0
1646,20130705,0,5,0
1647,20130706,0,6,1
1648,20130707,0,7,1
1649,20130708,0,1,0
1650,20130709,0,2,0
1651,20130710,0,3,0
1652,20130711,0,4,0
1653,20130712,0,5,0
1654,20130713,0,6,1
1655,20130714,0,7,1
1656,20130715,0,1,0
1657,20130716,0,2,0
1658,20130717,0,3,0
1659,20130718,0,4,0
1660,20130719,0,5,0
1661,20130720,0,6,1
1662,20130721,0,7,1
1663,20130722,0,1,0
1664,20130723,0,2,0
1665,20130724,0,3,0
1666,20130725,0,4,0
1667,20130726,0,5,0
1668,20130727,0,6,1
1669,20130728,0,7,1
1670,20130729,0,1,0
1671,20130730,0,2,0
1672,20130731,0,3,0
1673,20130801,0,4,0
1674,20130802,0,5,0
1675,20130803,0,6,1
1676,20130804,0,7,1
1677,20130805,0,1,0
1678,20130806,0,2,0
1679,20130807,0,3,0
1680,20130808,0,4,0
1681,20130809,0,5,0
1682,20130810,0,6,1
1683,20130811,0,7,1
1684,20130812,0,1,0
1685,20130813,0,2,0
1686,20130814,0,3,0
1687,20130815,0,4,0
1688,20130816,0,5,0
1689,20130817,0,6,1
1690,20130818,0,7,1
1691,20130819,0,1,0
1692,20130820,0,2,0
1693,20130821,0,3,0
1694,20130822,0,4,0
1695,20130823,0,5,0
1696,20130824,0,6,1
1697,20130825,0,7,1
1698,20130826,0,1,0
1699,20130827,0,2,0
1700,20130828,0,3,0
1701,20130829,0,4,0
1702,20130830,0,5,0
1703,20130831,0,6,1
1704,20130901,0,7,1
1705,20130902,0,1,0
1706,20130903,0,2,0
1707,20130904,0,3,0
1708,20130905,0,4,0
1709,20130906,0,5,0
1710,20130907,0,6,1
1711,20130908,0,7,1
1712,20130909,0,1,0
1713,20130910,0,2,0
1714,20130911,0,3,0
1715,20130912,0,4,0
1716,20130913,0,5,0
1717,20130914,0,6,1
1718,20130915,0,7,1
1719,20130916,0,1,0
1720,20130917,0,2,0
1721,20130918,0,3,0
1722,20130919,1,4,0
1723,20130920,1,5,0
1724,20130921,1,6,1
1725,20130922,0,7,0
1726,20130923,0,1,0
1727,20130924,0,2,0
1728,20130925,0,3,0
1729,20130926,0,4,0
1730,20130927,0,5,0
1731,20130928,0,6,1
1732,20130929,0,7,0
1733,20130930,0,1,0
1734,20131001,1,2,0
1735,20131002,1,3,0
1736,20131003,1,4,0
1737,20131004,1,5,0
1738,20131005,1,6,1
1739,20131006,1,7,1
1740,20131007,1,1,0
1741,20131008,0,2,0
1742,20131009,0,3,0
1743,20131010,0,4,0
1744,20131011,0,5,0
1745,20131012,0,6,0
1746,20131013,0,7,1
1747,20131014,0,1,0
1748,20131015,0,2,0
1749,20131016,0,3,0
1750,20131017,0,4,0
1751,20131018,0,5,0
1752,20131019,0,6,1
1753,20131020,0,7,1
1754,20131021,0,1,0
1755,20131022,0,2,0
1756,20131023,0,3,0
1757,20131024,0,4,0
1758,20131025,0,5,0
1759,20131026,0,6,1
1760,20131027,0,7,1
1761,20131028,0,1,0
1762,20131029,0,2,0
1763,20131030,0,3,0
1764,20131031,0,4,0
1765,20131101,0,5,0
1766,20131102,0,6,1
1767,20131103,0,7,1
1768,20131104,0,1,0
1769,20131105,0,2,0
1770,20131106,0,3,0
1771,20131107,0,4,0
1772,20131108,0,5,0
1773,20131109,0,6,1
1774,20131110,0,7,1
1775,20131111,0,1,0
1776,20131112,0,2,0
1777,20131113,0,3,0
1778,20131114,0,4,0
1779,20131115,0,5,0
1780,20131116,0,6,1
1781,20131117,0,7,1
1782,20131118,0,1,0
1783,20131119,0,2,0
1784,20131120,0,3,0
1785,20131121,0,4,0
1786,20131122,0,5,0
1787,20131123,0,6,1
1788,20131124,0,7,1
1789,20131125,0,1,0
1790,20131126,0,2,0
1791,20131127,0,3,0
1792,20131128,0,4,0
1793,20131129,0,5,0
1794,20131130,0,6,1
1795,20131201,0,7,1
1796,20131202,0,1,0
1797,20131203,0,2,0
1798,20131204,0,3,0
1799,20131205,0,4,0
1800,20131206,0,5,0
1801,20131207,0,6,1
1802,20131208,0,7,1
1803,20131209,0,1,0
1804,20131210,0,2,0
1805,20131211,0,3,0
1806,20131212,0,4,0
1807,20131213,0,5,0
1808,20131214,0,6,1
1809,20131215,0,7,1
1810,20131216,0,1,0
1811,20131217,0,2,0
1812,20131218,0,3,0
1813,20131219,0,4,0
1814,20131220,0,5,0
1815,20131221,0,6,1
1816,20131222,0,7,1
1817,20131223,0,1,0
1818,20131224,0,2,0
1819,20131225,0,3,0
1820,20131226,0,4,0
1821,20131227,0,5,0
1822,20131228,0,6,1
1823,20131229,0,7,1
1824,20131230,0,1,0
1825,20131231,0,2,0
1826,20140101,1,3,0
1827,20140102,0,4,0
1828,20140103,0,5,0
1829,20140104,0,6,1
1830,20140105,0,7,1
1831,20140106,0,1,0
1832,20140107,0,2,0
1833,20140108,0,3,0
1834,20140109,0,4,0
1835,20140110,0,5,0
1836,20140111,0,6,1
1837,20140112,0,7,1
1838,20140113,0,1,0
1839,20140114,0,2,0
1840,20140115,0,3,0
1841,20140116,0,4,0
1842,20140117,0,5,0
1843,20140118,0,6,1
1844,20140119,0,7,1
1845,20140120,0,1,0
1846,20140121,0,2,0
1847,20140122,0,3,0
1848,20140123,0,4,0
1849,20140124,0,5,0
1850,20140125,0,6,1
1851,20140126,0,7,0
1852,20140127,0,1,0
1853,20140128,0,2,0
1854,20140129,0,3,0
1855,20140130,0,4,0
1856,20140131,1,5,0
1857,20140201,1,6,1
1858,20140202,1,7,1
1859,20140203,1,1,0
1860,20140204,1,2,0
1861,20140205,1,3,0
1862,20140206,1,4,0
1863,20140207,0,5,0
1864,20140208,0,6,0
1865,20140209,0,7,1
1866,20140210,0,1,0
1867,20140211,0,2,0
1868,20140212,0,3,0
1869,20140213,0,4,0
1870,20140214,0,5,0
1871,20140215,0,6,1
1872,20140216,0,7,1
1873,20140217,0,1,0
1874,20140218,0,2,0
1875,20140219,0,3,0
1876,20140220,0,4,0
1877,20140221,0,5,0
1878,20140222,0,6,1
1879,20140223,0,7,1
1880,20140224,0,1,0
1881,20140225,0,2,0
1882,20140226,0,3,0
1883,20140227,0,4,0
1884,20140228,0,5,0
1885,20140301,0,6,1
1886,20140302,0,7,1
1887,20140303,0,1,0
1888,20140304,0,2,0
1889,20140305,0,3,0
1890,20140306,0,4,0
1891,20140307,0,5,0
1892,20140308,0,6,1
1893,20140309,0,7,1
1894,20140310,0,1,0
1895,20140311,0,2,0
1896,20140312,0,3,0
1897,20140313,0,4,0
1898,20140314,0,5,0
1899,20140315,0,6,1
1900,20140316,0,7,1
1901,20140317,0,1,0
1902,20140318,0,2,0
1903,20140319,0,3,0
1904,20140320,0,4,0
1905,20140321,0,5,0
1906,20140322,0,6,1
1907,20140323,0,7,1
1908,20140324,0,1,0
1909,20140325,0,2,0
1910,20140326,0,3,0
1911,20140327,0,4,0
1912,20140328,0,5,0
1913,20140329,0,6,1
1914,20140330,0,7,1
1915,20140331,0,1,0
1916,20140401,0,2,0
1917,20140402,0,3,0
1918,20140403,0,4,0
1919,20140404,0,5,0
1920,20140405,1,6,1
1921,20140406,1,7,1
1922,20140407,1,1,0
1923,20140408,0,2,0
1924,20140409,0,3,0
1925,20140410,0,4,0
1926,20140411,0,5,0
1927,20140412,0,6,1
1928,20140413,0,7,1
1929,20140414,0,1,0
1930,20140415,0,2,0
1931,20140416,0,3,0
1932,20140417,0,4,0
1933,20140418,0,5,0
1934,20140419,0,6,1
1935,20140420,0,7,1
1936,20140421,0,1,0
1937,20140422,0,2,0
1938,20140423,0,3,0
1939,20140424,0,4,0
1940,20140425,0,5,0
1941,20140426,0,6,1
1942,20140427,0,7,1
1943,20140428,0,1,0
1944,20140429,0,2,0
1945,20140430,0,3,0
1946,20140501,1,4,0
1947,20140502,1,5,0
1948,20140503,1,6,1
1949,20140504,0,7,0
1950,20140505,0,1,0
1951,20140506,0,2,0
1952,20140507,0,3,0
1953,20140508,0,4,0
1954,20140509,0,5,0
1955,20140510,0,6,1
1956,20140511,0,7,1
1957,20140512,0,1,0
1958,20140513,0,2,0
1959,20140514,0,3,0
1960,20140515,0,4,0
1961,20140516,0,5,0
1962,20140517,0,6,1
1963,20140518,0,7,1
1964,20140519,0,1,0
1965,20140520,0,2,0
1966,20140521,0,3,0
1967,20140522,0,4,0
1968,20140523,0,5,0
1969,20140524,0,6,1
1970,20140525,0,7,1
1971,20140526,0,1,0
1972,20140527,0,2,0
1973,20140528,0,3,0
1974,20140529,0,4,0
1975,20140530,0,5,0
1976,20140531,1,6,1
1977,20140601,1,7,1
1978,20140602,1,1,0
1979,20140603,0,2,0
1980,20140604,0,3,0
1981,20140605,0,4,0
1982,20140606,0,5,0
1983,20140607,0,6,1
1984,20140608,0,7,1
1985,20140609,0,1,0
1986,20140610,0,2,0
1987,20140611,0,3,0
1988,20140612,0,4,0
1989,20140613,0,5,0
1990,20140614,0,6,1
1991,20140615,0,7,1
1992,20140616,0,1,0
1993,20140617,0,2,0
1994,20140618,0,3,0
1995,20140619,0,4,0
1996,20140620,0,5,0
1997,20140621,0,6,1
1998,20140622,0,7,1
1999,20140623,0,1,0
2000,20140624,0,2,0
2001,20140625,0,3,0
2002,20140626,0,4,0
2003,20140627,0,5,0
2004,20140628,0,6,1
2005,20140629,0,7,1
2006,20140630,0,1,0
2007,20140701,0,2,0
2008,20140702,0,3,0
2009,20140703,0,4,0
2010,20140704,0,5,0
2011,20140705,0,6,1
2012,20140706,0,7,1
2013,20140707,0,1,0
2014,20140708,0,2,0
2015,20140709,0,3,0
2016,20140710,0,4,0
2017,20140711,0,5,0
2018,20140712,0,6,1
2019,20140713,0,7,1
2020,20140714,0,1,0
2021,20140715,0,2,0
2022,20140716,0,3,0
2023,20140717,0,4,0
2024,20140718,0,5,0
2025,20140719,0,6,1
2026,20140720,0,7,1
2027,20140721,0,1,0
2028,20140722,0,2,0
2029,20140723,0,3,0
2030,20140724,0,4,0
2031,20140725,0,5,0
2032,20140726,0,6,1
2033,20140727,0,7,1
2034,20140728,0,1,0
2035,20140729,0,2,0
2036,20140730,0,3,0
2037,20140731,0,4,0
2038,20140801,0,5,0
2039,20140802,0,6,1
2040,20140803,0,7,1
2041,20140804,0,1,0
2042,20140805,0,2,0
2043,20140806,0,3,0
2044,20140807,0,4,0
2045,20140808,0,5,0
2046,20140809,0,6,1
2047,20140810,0,7,1
2048,20140811,0,1,0
2049,20140812,0,2,0
2050,20140813,0,3,0
2051,20140814,0,4,0
2052,20140815,0,5,0
2053,20140816,0,6,1
2054,20140817,0,7,1
2055,20140818,0,1,0
2056,20140819,0,2,0
2057,20140820,0,3,0
2058,20140821,0,4,0
2059,20140822,0,5,0
2060,20140823,0,6,1
2061,20140824,0,7,1
2062,20140825,0,1,0
2063,20140826,0,2,0
2064,20140827,0,3,0
2065,20140828,0,4,0
2066,20140829,0,5,0
2067,20140830,0,6,1
2068,20140831,0,7,1
2069,20140901,0,1,0
2070,20140902,0,2,0
2071,20140903,0,3,0
2072,20140904,0,4,0
2073,20140905,0,5,0
2074,20140906,1,6,1
2075,20140907,1,7,1
2076,20140908,1,1,0
2077,20140909,0,2,0
2078,20140910,0,3,0
2079,20140911,0,4,0
2080,20140912,0,5,0
2081,20140913,0,6,1
2082,20140914,0,7,1
2083,20140915,0,1,0
2084,20140916,0,2,0
2085,20140917,0,3,0
2086,20140918,0,4,0
2087,20140919,0,5,0
2088,20140920,0,6,1
2089,20140921,0,7,1
2090,20140922,0,1,0
2091,20140923,0,2,0
2092,20140924,0,3,0
2093,20140925,0,4,0
2094,20140926,0,5,0
2095,20140927,0,6,1
2096,20140928,0,7,0
2097,20140929,0,1,0
2098,20140930,0,2,0
2099,20141001,1,3,0
2100,20141002,1,4,0
2101,20141003,1,5,0
2102,20141004,1,6,1
2103,20141005,1,7,1
2104,20141006,1,1,0
2105,20141007,1,2,0
2106,20141008,0,3,0
2107,20141009,0,4,0
2108,20141010,0,5,0
2109,20141011,0,6,0
2110,20141012,0,7,1
2111,20141013,0,1,0
2112,20141014,0,2,0
2113,20141015,0,3,0
2114,20141016,0,4,0
2115,20141017,0,5,0
2116,20141018,0,6,1
2117,20141019,0,7,1
2118,20141020,0,1,0
2119,20141021,0,2,0
2120,20141022,0,3,0
2121,20141023,0,4,0
2122,20141024,0,5,0
2123,20141025,0,6,1
2124,20141026,0,7,1
2125,20141027,0,1,0
2126,20141028,0,2,0
2127,20141029,0,3,0
2128,20141030,0,4,0
2129,20141031,0,5,0
2130,20141101,0,6,1
2131,20141102,0,7,1
2132,20141103,0,1,0
2133,20141104,0,2,0
2134,20141105,0,3,0
2135,20141106,0,4,0
2136,20141107,0,5,0
2137,20141108,0,6,1
2138,20141109,0,7,1
2139,20141110,0,1,0
2140,20141111,0,2,0
2141,20141112,0,3,0
2142,20141113,0,4,0
2143,20141114,0,5,0
2144,20141115,0,6,1
2145,20141116,0,7,1
2146,20141117,0,1,0
2147,20141118,0,2,0
2148,20141119,0,3,0
2149,20141120,0,4,0
2150,20141121,0,5,0
2151,20141122,0,6,1
2152,20141123,0,7,1
2153,20141124,0,1,0
2154,20141125,0,2,0
2155,20141126,0,3,0
2156,20141127,0,4,0
2157,20141128,0,5,0
2158,20141129,0,6,1
2159,20141130,0,7,1
2160,20141201,0,1,0
2161,20141202,0,2,0
2162,20141203,0,3,0
2163,20141204,0,4,0
2164,20141205,0,5,0
2165,20141206,0,6,1
2166,20141207,0,7,1
2167,20141208,0,1,0
2168,20141209,0,2,0
2169,20141210,0,3,0
2170,20141211,0,4,0
2171,20141212,0,5,0
2172,20141213,0,6,1
2173,20141214,0,7,1
2174,20141215,0,1,0
2175,20141216,0,2,0
2176,20141217,0,3,0
2177,20141218,0,4,0
2178,20141219,0,5,0
2179,20141220,0,6,1
2180,20141221,0,7,1
2181,20141222,0,1,0
2182,20141223,0,2,0
2183,20141224,0,3,0
2184,20141225,0,4,0
2185,20141226,0,5,0
2186,20141227,0,6,1
2187,20141228,0,7,1
2188,20141229,0,1,0
2189,20141230,0,2,0
2190,20141231,0,3,0
2191,20150101,1,4,0
2192,20150102,1,5,0
2193,20150103,1,6,1
2194,20150104,0,7,0
2195,20150105,0,1,0
2196,20150106,0,2,0
2197,20150107,0,3,0
2198,20150108,0,4,0
2199,20150109,0,5,0
2200,20150110,0,6,1
2201,20150111,0,7,1
2202,20150112,0,1,0
2203,20150113,0,2,0
2204,20150114,0,3,0
2205,20150115,0,4,0
2206,20150116,0,5,0
2207,20150117,0,6,1
2208,20150118,0,7,1
2209,20150119,0,1,0
2210,20150120,0,2,0
2211,20150121,0,3,0
2212,20150122,0,4,0
2213,20150123,0,5,0
2214,20150124,0,6,1
2215,20150125,0,7,1
2216,20150126,0,1,0
2217,20150127,0,2,0
2218,20150128,0,3,0
2219,20150129,0,4,0
2220,20150130,0,5,0
2221,20150131,0,6,1
2222,20150201,0,7,1
2223,20150202,0,1,0
2224,20150203,0,2,0
2225,20150204,0,3,0
2226,20150205,0,4,0
2227,20150206,0,5,0
2228,20150207,0,6,1
2229,20150208,0,7,1
2230,20150209,0,1,0
2231,20150210,0,2,0
2232,20150211,0,3,0
2233,20150212,0,4,0
2234,20150213,0,5,0
2235,20150214,0,6,1
2236,20150215,0,7,0
2237,20150216,0,1,0
2238,20150217,0,2,0
2239,20150218,1,3,0
2240,20150219,1,4,0
2241,20150220,1,5,0
2242,20150221,1,6,1
2243,20150222,1,7,1
2244,20150223,1,1,0
2245,20150224,1,2,0
2246,20150225,1,3,0
2247,20150226,0,4,0
2248,20150227,0,5,0
2249,20150228,0,6,0
2250,20150301,0,7,1
2251,20150302,0,1,0
2252,20150303,0,2,0
2253,20150304,0,3,0
2254,20150305,0,4,0
2255,20150306,0,5,0
2256,20150307,0,6,1
2257,20150308,0,7,1
2258,20150309,0,1,0
2259,20150310,0,2,0
2260,20150311,0,3,0
2261,20150312,0,4,0
2262,20150313,0,5,0
2263,20150314,0,6,1
2264,20150315,0,7,1
2265,20150316,0,1,0
2266,20150317,0,2,0
2267,20150318,0,3,0
2268,20150319,0,4,0
2269,20150320,0,5,0
2270,20150321,0,6,1
2271,20150322,0,7,1
2272,20150323,0,1,0
2273,20150324,0,2,0
2274,20150325,0,3,0
2275,20150326,0,4,0
2276,20150327,0,5,0
2277,20150328,0,6,1
2278,20150329,0,7,1
2279,20150330,0,1,0
2280,20150331,0,2,0
2281,20150401,0,3,0
2282,20150402,0,4,0
2283,20150403,0,5,0
2284,20150404,1,6,1
2285,20150405,1,7,1
2286,20150406,1,1,0
2287,20150407,0,2,0
2288,20150408,0,3,0
2289,20150409,0,4,0
2290,20150410,0,5,0
2291,20150411,0,6,1
2292,20150412,0,7,1
2293,20150413,0,1,0
2294,20150414,0,2,0
2295,20150415,0,3,0
2296,20150416,0,4,0
2297,20150417,0,5,0
2298,20150418,0,6,1
2299,20150419,0,7,1
2300,20150420,0,1,0
2301,20150421,0,2,0
2302,20150422,0,3,0
2303,20150423,0,4,0
2304,20150424,0,5,0
2305,20150425,0,6,1
2306,20150426,0,7,1
2307,20150427,0,1,0
2308,20150428,0,2,0
2309,20150429,0,3,0
2310,20150430,0,4,0
2311,20150501,1,5,0
2312,20150502,1,6,1
2313,20150503,1,7,1
2314,20150504,0,1,0
2315,20150505,0,2,0
2316,20150506,0,3,0
2317,20150507,0,4,0
2318,20150508,0,5,0
2319,20150509,0,6,1
2320,20150510,0,7,1
2321,20150511,0,1,0
2322,20150512,0,2,0
2323,20150513,0,3,0
2324,20150514,0,4,0
2325,20150515,0,5,0
2326,20150516,0,6,1
2327,20150517,0,7,1
2328,20150518,0,1,0
2329,20150519,0,2,0
2330,20150520,0,3,0
2331,20150521,0,4,0
2332,20150522,0,5,0
2333,20150523,0,6,1
2334,20150524,0,7,1
2335,20150525,0,1,0
2336,20150526,0,2,0
2337,20150527,0,3,0
2338,20150528,0,4,0
2339,20150529,0,5,0
2340,20150530,0,6,1
2341,20150531,0,7,1
2342,20150601,0,1,0
2343,20150602,0,2,0
2344,20150603,0,3,0
2345,20150604,0,4,0
2346,20150605,0,5,0
2347,20150606,0,6,1
2348,20150607,0,7,1
2349,20150608,0,1,0
2350,20150609,0,2,0
2351,20150610,0,3,0
2352,20150611,0,4,0
2353,20150612,0,5,0
2354,20150613,0,6,1
2355,20150614,0,7,1
2356,20150615,0,1,0
2357,20150616,0,2,0
2358,20150617,0,3,0
2359,20150618,0,4,0
2360,20150619,0,5,0
2361,20150620,1,6,1
2362,20150621,1,7,1
2363,20150622,1,1,0
2364,20150623,0,2,0
2365,20150624,0,3,0
2366,20150625,0,4,0
2367,20150626,0,5,0
2368,20150627,0,6,1
2369,20150628,0,7,1
2370,20150629,0,1,0
2371,20150630,0,2,0
2372,20150701,0,3,0
2373,20150702,0,4,0
2374,20150703,0,5,0
2375,20150704,0,6,1
2376,20150705,0,7,1
2377,20150706,0,1,0
2378,20150707,0,2,0
2379,20150708,0,3,0
2380,20150709,0,4,0
2381,20150710,0,5,0
2382,20150711,0,6,1
2383,20150712,0,7,1
2384,20150713,0,1,0
2385,20150714,0,2,0
2386,20150715,0,3,0
2387,20150716,0,4,0
2388,20150717,0,5,0
2389,20150718,0,6,1
2390,20150719,0,7,1
2391,20150720,0,1,0
2392,20150721,0,2,0
2393,20150722,0,3,0
2394,20150723,0,4,0
2395,20150724,0,5,0
2396,20150725,0,6,1
2397,20150726,0,7,1
2398,20150727,0,1,0
2399,20150728,0,2,0
2400,20150729,0,3,0
2401,20150730,0,4,0
2402,20150731,0,5,0
2403,20150801,0,6,1
2404,20150802,0,7,1
2405,20150803,0,1,0
2406,20150804,0,2,0
2407,20150805,0,3,0
2408,20150806,0,4,0
2409,20150807,0,5,0
2410,20150808,0,6,1
2411,20150809,0,7,1
2412,20150810,0,1,0
2413,20150811,0,2,0
2414,20150812,0,3,0
2415,20150813,0,4,0
2416,20150814,0,5,0
2417,20150815,0,6,1
2418,20150816,0,7,1
2419,20150817,0,1,0
2420,20150818,0,2,0
2421,20150819,0,3,0
2422,20150820,0,4,0
2423,20150821,0,5,0
2424,20150822,0,6,1
2425,20150823,0,7,1
2426,20150824,0,1,0
2427,20150825,0,2,0
2428,20150826,0,3,0
2429,20150827,0,4,0
2430,20150828,0,5,0
2431,20150829,0,6,1
2432,20150830,0,7,1
2433,20150831,0,1,0
2434,20150901,0,2,0
2435,20150902,0,3,0
2436,20150903,1,4,0
2437,20150904,1,5,0
2438,20150905,1,6,1
2439,20150906,0,7,0
2440,20150907,0,1,0
2441,20150908,0,2,0
2442,20150909,0,3,0
2443,20150910,0,4,0
2444,20150911,0,5,0
2445,20150912,0,6,1
2446,20150913,0,7,1
2447,20150914,0,1,0
2448,20150915,0,2,0
2449,20150916,0,3,0
2450,20150917,0,4,0
2451,20150918,0,5,0
2452,20150919,0,6,1
2453,20150920,0,7,1
2454,20150921,0,1,0
2455,20150922,0,2,0
2456,20150923,0,3,0
2457,20150924,0,4,0
2458,20150925,0,5,0
2459,20150926,0,6,1
2460,20150927,1,7,1
2461,20150928,0,1,0
2462,20150929,0,2,0
2463,20150930,0,3,0
2464,20151001,1,4,0
2465,20151002,1,5,0
2466,20151003,1,6,1
2467,20151004,1,7,1
2468,20151005,1,1,0
2469,20151006,1,2,0
2470,20151007,1,3,0
2471,20151008,0,4,0
2472,20151009,0,5,0
2473,20151010,0,6,0
2474,20151011,0,7,1
2475,20151012,0,1,0
2476,20151013,0,2,0
2477,20151014,0,3,0
2478,20151015,0,4,0
2479,20151016,0,5,0
2480,20151017,0,6,1
2481,20151018,0,7,1
2482,20151019,0,1,0
2483,20151020,0,2,0
2484,20151021,0,3,0
2485,20151022,0,4,0
2486,20151023,0,5,0
2487,20151024,0,6,1
2488,20151025,0,7,1
2489,20151026,0,1,0
2490,20151027,0,2,0
2491,20151028,0,3,0
2492,20151029,0,4,0
2493,20151030,0,5,0
2494,20151031,0,6,1
2495,20151101,0,7,1
2496,20151102,0,1,0
2497,20151103,0,2,0
2498,20151104,0,3,0
2499,20151105,0,4,0
2500,20151106,0,5,0
2501,20151107,0,6,1
2502,20151108,0,7,1
2503,20151109,0,1,0
2504,20151110,0,2,0
2505,20151111,0,3,0
2506,20151112,0,4,0
2507,20151113,0,5,0
2508,20151114,0,6,1
2509,20151115,0,7,1
2510,20151116,0,1,0
2511,20151117,0,2,0
2512,20151118,0,3,0
2513,20151119,0,4,0
2514,20151120,0,5,0
2515,20151121,0,6,1
2516,20151122,0,7,1
2517,20151123,0,1,0
2518,20151124,0,2,0
2519,20151125,0,3,0
2520,20151126,0,4,0
2521,20151127,0,5,0
2522,20151128,0,6,1
2523,20151129,0,7,1
2524,20151130,0,1,0
2525,20151201,0,2,0
2526,20151202,0,3,0
2527,20151203,0,4,0
2528,20151204,0,5,0
2529,20151205,0,6,1
2530,20151206,0,7,1
2531,20151207,0,1,0
2532,20151208,0,2,0
2533,20151209,0,3,0
2534,20151210,0,4,0
2535,20151211,0,5,0
2536,20151212,0,6,1
2537,20151213,0,7,1
2538,20151214,0,1,0
2539,20151215,0,2,0
2540,20151216,0,3,0
2541,20151217,0,4,0
2542,20151218,0,5,0
2543,20151219,0,6,1
2544,20151220,0,7,1
2545,20151221,0,1,0
2546,20151222,0,2,0
2547,20151223,0,3,0
2548,20151224,0,4,0
2549,20151225,0,5,0
2550,20151226,0,6,1
2551,20151227,0,7,1
2552,20151228,0,1,0
2553,20151229,0,2,0
2554,20151230,0,3,0
2555,20151231,0,4,0
2556,20160101,1,5,0
2557,20160102,1,6,1
2558,20160103,1,7,1
2559,20160104,0,1,0
2560,20160105,0,2,0
2561,20160106,0,3,0
2562,20160107,0,4,0
2563,20160108,0,5,0
2564,20160109,0,6,1
2565,20160110,0,7,1
2566,20160111,0,1,0
2567,20160112,0,2,0
2568,20160113,0,3,0
2569,20160114,0,4,0
2570,20160115,0,5,0
2571,20160116,0,6,1
2572,20160117,0,7,1
2573,20160118,0,1,0
2574,20160119,0,2,0
2575,20160120,0,3,0
2576,20160121,0,4,0
2577,20160122,0,5,0
2578,20160123,0,6,1
2579,20160124,0,7,1
2580,20160125,0,1,0
2581,20160126,0,2,0
2582,20160127,0,3,0
2583,20160128,0,4,0
2584,20160129,0,5,0
2585,20160130,0,6,1
2586,20160131,0,7,1
2587,20160201,0,1,0
2588,20160202,0,2,0
2589,20160203,0,3,0
2590,20160204,0,4,0
2591,20160205,0,5,0
2592,20160206,0,6,0
2593,20160207,1,7,1
2594,20160208,1,1,0
2595,20160209,1,2,0
2596,20160210,1,3,0
2597,20160211,1,4,0
2598,20160212,1,5,0
2599,20160213,1,6,1
2600,20160214,0,7,0
2601,20160215,0,1,0
2602,20160216,0,2,0
2603,20160217,0,3,0
2604,20160218,0,4,0
2605,20160219,0,5,0
2606,20160220,0,6,1
2607,20160221,0,7,1
2608,20160222,0,1,0
2609,20160223,0,2,0
2610,20160224,0,3,0
2611,20160225,0,4,0
2612,20160226,0,5,0
2613,20160227,0,6,1
2614,20160228,0,7,1
2615,20160229,0,1,0
2616,20160301,0,2,0
2617,20160302,0,3,0
2618,20160303,0,4,0
2619,20160304,0,5,0
2620,20160305,0,6,1
2621,20160306,0,7,1
2622,20160307,0,1,0
2623,20160308,0,2,0
2624,20160309,0,3,0
2625,20160310,0,4,0
2626,20160311,0,5,0
2627,20160312,0,6,1
2628,20160313,0,7,1
2629,20160314,0,1,0
2630,20160315,0,2,0
2631,20160316,0,3,0
2632,20160317,0,4,0
2633,20160318,0,5,0
2634,20160319,0,6,1
2635,20160320,0,7,1
2636,20160321,0,1,0
2637,20160322,0,2,0
2638,20160323,0,3,0
2639,20160324,0,4,0
2640,20160325,0,5,0
2641,20160326,0,6,1
2642,20160327,0,7,1
2643,20160328,0,1,0
2644,20160329,0,2,0
2645,20160330,0,3,0
2646,20160331,0,4,0
2647,20160401,0,5,0
2648,20160402,1,6,1
2649,20160403,1,7,1
2650,20160404,1,1,0
2651,20160405,0,2,0
2652,20160406,0,3,0
2653,20160407,0,4,0
2654,20160408,0,5,0
2655,20160409,0,6,1
2656,20160410,0,7,1
2657,20160411,0,1,0
2658,20160412,0,2,0
2659,20160413,0,3,0
2660,20160414,0,4,0
2661,20160415,0,5,0
2662,20160416,0,6,1
2663,20160417,0,7,1
2664,20160418,0,1,0
2665,20160419,0,2,0
2666,20160420,0,3,0
2667,20160421,0,4,0
2668,20160422,0,5,0
2669,20160423,0,6,1
2670,20160424,0,7,1
2671,20160425,0,1,0
2672,20160426,0,2,0
2673,20160427,0,3,0
2674,20160428,0,4,0
2675,20160429,0,5,0
2676,20160430,1,6,1
2677,20160501,1,7,1
2678,20160502,1,1,0
2679,20160503,0,2,0
2680,20160504,0,3,0
2681,20160505,0,4,0
2682,20160506,0,5,0
2683,20160507,0,6,1
2684,20160508,0,7,1
2685,20160509,0,1,0
2686,20160510,0,2,0
2687,20160511,0,3,0
2688,20160512,0,4,0
2689,20160513,0,5,0
2690,20160514,0,6,1
2691,20160515,0,7,1
2692,20160516,0,1,0
2693,20160517,0,2,0
2694,20160518,0,3,0
2695,20160519,0,4,0
2696,20160520,0,5,0
2697,20160521,0,6,1
2698,20160522,0,7,1
2699,20160523,0,1,0
2700,20160524,0,2,0
2701,20160525,0,3,0
2702,20160526,0,4,0
2703,20160527,0,5,0
2704,20160528,0,6,1
2705,20160529,0,7,1
2706,20160530,0,1,0
2707,20160531,0,2,0
2708,20160601,0,3,0
2709,20160602,0,4,0
2710,20160603,0,5,0
2711,20160604,0,6,1
2712,20160605,0,7,1
2713,20160606,0,1,0
2714,20160607,0,2,0
2715,20160608,0,3,0
2716,20160609,1,4,0
2717,20160610,1,5,0
2718,20160611,1,6,1
2719,20160612,0,7,0
2720,20160613,0,1,0
2721,20160614,0,2,0
2722,20160615,0,3,0
2723,20160616,0,4,0
2724,20160617,0,5,0
2725,20160618,0,6,1
2726,20160619,0,7,1
2727,20160620,0,1,0
2728,20160621,0,2,0
2729,20160622,0,3,0
2730,20160623,0,4,0
2731,20160624,0,5,0
2732,20160625,0,6,1
2733,20160626,0,7,1
2734,20160627,0,1,0
2735,20160628,0,2,0
2736,20160629,0,3,0
2737,20160630,0,4,0
2738,20160701,0,5,0
2739,20160702,0,6,1
2740,20160703,0,7,1
2741,20160704,0,1,0
2742,20160705,0,2,0
2743,20160706,0,3,0
2744,20160707,0,4,0
2745,20160708,0,5,0
2746,20160709,0,6,1
2747,20160710,0,7,1
2748,20160711,0,1,0
2749,20160712,0,2,0
2750,20160713,0,3,0
2751,20160714,0,4,0
2752,20160715,0,5,0
2753,20160716,0,6,1
2754,20160717,0,7,1
2755,20160718,0,1,0
2756,20160719,0,2,0
2757,20160720,0,3,0
2758,20160721,0,4,0
2759,20160722,0,5,0
2760,20160723,0,6,1
2761,20160724,0,7,1
2762,20160725,0,1,0
2763,20160726,0,2,0
2764,20160727,0,3,0
2765,20160728,0,4,0
2766,20160729,0,5,0
2767,20160730,0,6,1
2768,20160731,0,7,1
2769,20160801,0,1,0
2770,20160802,0,2,0
2771,20160803,0,3,0
2772,20160804,0,4,0
2773,20160805,0,5,0
2774,20160806,0,6,1
2775,20160807,0,7,1
2776,20160808,0,1,0
2777,20160809,0,2,0
2778,20160810,0,3,0
2779,20160811,0,4,0
2780,20160812,0,5,0
2781,20160813,0,6,1
2782,20160814,0,7,1
2783,20160815,0,1,0
2784,20160816,0,2,0
2785,20160817,0,3,0
2786,20160818,0,4,0
2787,20160819,0,5,0
2788,20160820,0,6,1
2789,20160821,0,7,1
2790,20160822,0,1,0
2791,20160823,0,2,0
2792,20160824,0,3,0
2793,20160825,0,4,0
2794,20160826,0,5,0
2795,20160827,0,6,1
2796,20160828,0,7,1
2797,20160829,0,1,0
2798,20160830,0,2,0
2799,20160831,0,3,0
2800,20160901,0,4,0
2801,20160902,0,5,0
2802,20160903,0,6,1
2803,20160904,0,7,1
2804,20160905,0,1,0
2805,20160906,0,2,0
2806,20160907,0,3,0
2807,20160908,0,4,0
2808,20160909,0,5,0
2809,20160910,0,6,1
2810,20160911,0,7,1
2811,20160912,0,1,0
2812,20160913,0,2,0
2813,20160914,0,3,0
2814,20160915,1,4,0
2815,20160916,1,5,0
2816,20160917,1,6,1
2817,20160918,0,7,0
2818,20160919,0,1,0
2819,20160920,0,2,0
2820,20160921,0,3,0
2821,20160922,0,4,0
2822,20160923,0,5,0
2823,20160924,0,6,1
2824,20160925,0,7,1
2825,20160926,0,1,0
2826,20160927,0,2,0
2827,20160928,0,3,0
2828,20160929,0,4,0
2829,20160930,0,5,0
2830,20161001,1,6,1
2831,20161002,1,7,1
2832,20161003,1,1,0
2833,20161004,1,2,0
2834,20161005,1,3,0
2835,20161006,1,4,0
2836,20161007,1,5,0
2837,20161008,0,6,0
2838,20161009,0,7,0
2839,20161010,0,1,0
2840,20161011,0,2,0
2841,20161012,0,3,0
2842,20161013,0,4,0
2843,20161014,0,5,0
2844,20161015,0,6,1
2845,20161016,0,7,1
2846,20161017,0,1,0
2847,20161018,0,2,0
2848,20161019,0,3,0
2849,20161020,0,4,0
2850,20161021,0,5,0
2851,20161022,0,6,1
2852,20161023,0,7,1
2853,20161024,0,1,0
2854,20161025,0,2,0
2855,20161026,0,3,0
2856,20161027,0,4,0
2857,20161028,0,5,0
2858,20161029,0,6,1
2859,20161030,0,7,1
2860,20161031,0,1,0
2861,20161101,0,2,0
2862,20161102,0,3,0
2863,20161103,0,4,0
2864,20161104,0,5,0
2865,20161105,0,6,1
2866,20161106,0,7,1
2867,20161107,0,1,0
2868,20161108,0,2,0
2869,20161109,0,3,0
2870,20161110,0,4,0
2871,20161111,0,5,0
2872,20161112,0,6,1
2873,20161113,0,7,1
2874,20161114,0,1,0
2875,20161115,0,2,0
2876,20161116,0,3,0
2877,20161117,0,4,0
2878,20161118,0,5,0
2879,20161119,0,6,1
2880,20161120,0,7,1
2881,20161121,0,1,0
2882,20161122,0,2,0
2883,20161123,0,3,0
2884,20161124,0,4,0
2885,20161125,0,5,0
2886,20161126,0,6,1
2887,20161127,0,7,1
2888,20161128,0,1,0
2889,20161129,0,2,0
2890,20161130,0,3,0
2891,20161201,0,4,0
2892,20161202,0,5,0
2893,20161203,0,6,1
2894,20161204,0,7,1
2895,20161205,0,1,0
2896,20161206,0,2,0
2897,20161207,0,3,0
2898,20161208,0,4,0
2899,20161209,0,5,0
2900,20161210,0,6,1
2901,20161211,0,7,1
2902,20161212,0,1,0
2903,20161213,0,2,0
2904,20161214,0,3,0
2905,20161215,0,4,0
2906,20161216,0,5,0
2907,20161217,0,6,1
2908,20161218,0,7,1
2909,20161219,0,1,0
2910,20161220,0,2,0
2911,20161221,0,3,0
2912,20161222,0,4,0
2913,20161223,0,5,0
2914,20161224,0,6,1
2915,20161225,0,7,1
2916,20161226,0,1,0
2917,20161227,0,2,0
2918,20161228,0,3,0
2919,20161229,0,4,0
2920,20161230,0,5,0
2921,20161231,0,6,1
