,date,holiday,weekday,weekend
20090101,20090101,1,4,0
20090102,20090102,1,5,0
20090103,20090103,1,6,1
20090104,20090104,0,7,0
20090105,20090105,0,1,0
20090106,20090106,0,2,0
20090107,20090107,0,3,0
20090108,20090108,0,4,0
20090109,20090109,0,5,0
20090110,20090110,0,6,1
20090111,20090111,0,7,1
20090112,20090112,0,1,0
20090113,20090113,0,2,0
20090114,20090114,0,3,0
20090115,20090115,0,4,0
20090116,20090116,0,5,0
20090117,20090117,0,6,1
20090118,20090118,0,7,1
20090119,20090119,0,1,0
20090120,20090120,0,2,0
20090121,20090121,0,3,0
20090122,20090122,0,4,0
20090123,20090123,0,5,0
20090124,20090124,0,6,0
20090125,20090125,1,7,1
20090126,20090126,1,1,0
20090127,20090127,1,2,0
20090128,20090128,1,3,0
20090129,20090129,1,4,0
20090130,20090130,1,5,0
20090131,20090131,1,6,1
20090201,20090201,0,7,0
20090202,20090202,0,1,0
20090203,20090203,0,2,0
20090204,20090204,0,3,0
20090205,20090205,0,4,0
20090206,20090206,0,5,0
20090207,20090207,0,6,1
20090208,20090208,0,7,1
20090209,20090209,0,1,0
20090210,20090210,0,2,0
20090211,20090211,0,3,0
20090212,20090212,0,4,0
20090213,20090213,0,5,0
20090214,20090214,0,6,1
20090215,20090215,0,7,1
20090216,20090216,0,1,0
20090217,20090217,0,2,0
20090218,20090218,0,3,0
20090219,20090219,0,4,0
20090220,20090220,0,5,0
20090221,20090221,0,6,1
20090222,20090222,0,7,1
20090223,20090223,0,1,0
20090224,20090224,0,2,0
20090225,20090225,0,3,0
20090226,20090226,0,4,0
20090227,20090227,0,5,0
20090228,20090228,0,6,1
20090301,20090301,0,7,1
20090302,20090302,0,1,0
20090303,20090303,0,2,0
20090304,20090304,0,3,0
20090305,20090305,0,4,0
20090306,20090306,0,5,0
20090307,20090307,0,6,1
20090308,20090308,0,7,1
20090309,20090309,0,1,0
20090310,20090310,0,2,0
20090311,20090311,0,3,0
20090312,20090312,0,4,0
20090313,20090313,0,5,0
20090314,20090314,0,6,1
20090315,20090315,0,7,1
20090316,20090316,0,1,0
20090317,20090317,0,2,0
20090318,20090318,0,3,0
20090319,20090319,0,4,0
20090320,20090320,0,5,0
20090321,20090321,0,6,1
20090322,20090322,0,7,1
20090323,20090323,0,1,0
20090324,20090324,0,2,0
20090325,20090325,0,3,0
20090326,20090326,0,4,0
20090327,20090327,0,5,0
20090328,20090328,0,6,1
20090329,20090329,0,7,1
20090330,20090330,0,1,0
20090331,20090331,0,2,0
20090401,20090401,0,3,0
20090402,20090402,0,4,0
20090403,20090403,0,5,0
20090404,20090404,1,6,1
20090405,20090405,1,7,1
20090406,20090406,1,1,0
20090407,20090407,0,2,0
20090408,20090408,0,3,0
20090409,20090409,0,4,0
20090410,20090410,0,5,0
20090411,20090411,0,6,1
20090412,20090412,0,7,1
20090413,20090413,0,1,0
20090414,20090414,0,2,0
20090415,20090415,0,3,0
20090416,20090416,0,4,0
20090417,20090417,0,5,0
20090418,20090418,0,6,1
20090419,20090419,0,7,1
20090420,20090420,0,1,0
20090421,20090421,0,2,0
20090422,20090422,0,3,0
20090423,20090423,0,4,0
20090424,20090424,0,5,0
20090425,20090425,0,6,1
20090426,20090426,0,7,1
20090427,20090427,0,1,0
20090428,20090428,0,2,0
20090429,20090429,0,3,0
20090430,20090430,0,4,0
20090501,20090501,1,5,0
20090502,20090502,1,6,1
20090503,20090503,1,7,1
20090504,20090504,0,1,0
20090505,20090505,0,2,0
20090506,20090506,0,3,0
20090507,20090507,0,4,0
20090508,20090508,0,5,0
20090509,20090509,0,6,1
20090510,20090510,0,7,1
20090511,20090511,0,1,0
20090512,20090512,0,2,0
20090513,20090513,0,3,0
20090514,20090514,0,4,0
20090515,20090515,0,5,0
20090516,20090516,0,6,1
20090517,20090517,0,7,1
20090518,20090518,0,1,0
20090519,20090519,0,2,0
20090520,20090520,0,3,0
20090521,20090521,0,4,0
20090522,20090522,0,5,0
20090523,20090523,0,6,1
20090524,20090524,0,7,1
20090525,20090525,0,1,0
20090526,20090526,0,2,0
20090527,20090527,0,3,0
20090528,20090528,1,4,0
20090529,20090529,1,5,0
20090530,20090530,1,6,1
20090531,20090531,0,7,0
20090601,20090601,0,1,0
20090602,20090602,0,2,0
20090603,20090603,0,3,0
20090604,20090604,0,4,0
20090605,20090605,0,5,0
20090606,20090606,0,6,1
20090607,20090607,0,7,1
20090608,20090608,0,1,0
20090609,20090609,0,2,0
20090610,20090610,0,3,0
20090611,20090611,0,4,0
20090612,20090612,0,5,0
20090613,20090613,0,6,1
20090614,20090614,0,7,1
20090615,20090615,0,1,0
20090616,20090616,0,2,0
20090617,20090617,0,3,0
20090618,20090618,0,4,0
20090619,20090619,0,5,0
20090620,20090620,0,6,1
20090621,20090621,0,7,1
20090622,20090622,0,1,0
20090623,20090623,0,2,0
20090624,20090624,0,3,0
20090625,20090625,0,4,0
20090626,20090626,0,5,0
20090627,20090627,0,6,1
20090628,20090628,0,7,1
20090629,20090629,0,1,0
20090630,20090630,0,2,0
20090701,20090701,0,3,0
20090702,20090702,0,4,0
20090703,20090703,0,5,0
20090704,20090704,0,6,1
20090705,20090705,0,7,1
20090706,20090706,0,1,0
20090707,20090707,0,2,0
20090708,20090708,0,3,0
20090709,20090709,0,4,0
20090710,20090710,0,5,0
20090711,20090711,0,6,1
20090712,20090712,0,7,1
20090713,20090713,0,1,0
20090714,20090714,0,2,0
20090715,20090715,0,3,0
20090716,20090716,0,4,0
20090717,20090717,0,5,0
20090718,20090718,0,6,1
20090719,20090719,0,7,1
20090720,20090720,0,1,0
20090721,20090721,0,2,0
20090722,20090722,0,3,0
20090723,20090723,0,4,0
20090724,20090724,0,5,0
20090725,20090725,0,6,1
20090726,20090726,0,7,1
20090727,20090727,0,1,0
20090728,20090728,0,2,0
20090729,20090729,0,3,0
20090730,20090730,0,4,0
20090731,20090731,0,5,0
20090801,20090801,0,6,1
20090802,20090802,0,7,1
20090803,20090803,0,1,0
20090804,20090804,0,2,0
20090805,20090805,0,3,0
20090806,20090806,0,4,0
20090807,20090807,0,5,0
20090808,20090808,0,6,1
20090809,20090809,0,7,1
20090810,20090810,0,1,0
20090811,20090811,0,2,0
20090812,20090812,0,3,0
20090813,20090813,0,4,0
20090814,20090814,0,5,0
20090815,20090815,0,6,1
20090816,20090816,0,7,1
20090817,20090817,0,1,0
20090818,20090818,0,2,0
20090819,20090819,0,3,0
20090820,20090820,0,4,0
20090821,20090821,0,5,0
20090822,20090822,0,6,1
20090823,20090823,0,7,1
20090824,20090824,0,1,0
20090825,20090825,0,2,0
20090826,20090826,0,3,0
20090827,20090827,0,4,0
20090828,20090828,0,5,0
20090829,20090829,0,6,1
20090830,20090830,0,7,1
20090831,20090831,0,1,0
20090901,20090901,0,2,0
20090902,20090902,0,3,0
20090903,20090903,0,4,0
20090904,20090904,0,5,0
20090905,20090905,0,6,1
20090906,20090906,0,7,1
20090907,20090907,0,1,0
20090908,20090908,0,2,0
20090909,20090909,0,3,0
20090910,20090910,0,4,0
20090911,20090911,0,5,0
20090912,20090912,0,6,1
20090913,20090913,0,7,1
20090914,20090914,0,1,0
20090915,20090915,0,2,0
20090916,20090916,0,3,0
20090917,20090917,0,4,0
20090918,20090918,0,5,0
20090919,20090919,0,6,1
20090920,20090920,0,7,1
20090921,20090921,0,1,0
20090922,20090922,0,2,0
20090923,20090923,0,3,0
20090924,20090924,0,4,0
20090925,20090925,0,5,0
20090926,20090926,0,6,1
20090927,20090927,0,7,0
20090928,20090928,0,1,0
20090929,20090929,0,2,0
20090930,20090930,0,3,0
20091001,20091001,1,4,0
20091002,20091002,1,5,0
20091003,20091003,1,6,1
20091004,20091004,1,7,1
20091005,20091005,1,1,0
20091006,20091006,1,2,0
20091007,20091007,1,3,0
20091008,20091008,1,4,0
20091009,20091009,0,5,0
20091010,20091010,0,6,0
20091011,20091011,0,7,1
20091012,20091012,0,1,0
20091013,20091013,0,2,0
20091014,20091014,0,3,0
20091015,20091015,0,4,0
20091016,20091016,0,5,0
20091017,20091017,0,6,1
20091018,20091018,0,7,1
20091019,20091019,0,1,0
20091020,20091020,0,2,0
20091021,20091021,0,3,0
20091022,20091022,0,4,0
20091023,20091023,0,5,0
20091024,20091024,0,6,1
20091025,20091025,0,7,1
20091026,20091026,0,1,0
20091027,20091027,0,2,0
20091028,20091028,0,3,0
20091029,20091029,0,4,0
20091030,20091030,0,5,0
20091031,20091031,0,6,1
20091101,20091101,0,7,1
20091102,20091102,0,1,0
20091103,20091103,0,2,0
20091104,20091104,0,3,0
20091105,20091105,0,4,0
20091106,20091106,0,5,0
20091107,20091107,0,6,1
20091108,20091108,0,7,1
20091109,20091109,0,1,0
20091110,20091110,0,2,0
20091111,20091111,0,3,0
20091112,20091112,0,4,0
20091113,20091113,0,5,0
20091114,20091114,0,6,1
20091115,20091115,0,7,1
20091116,20091116,0,1,0
20091117,20091117,0,2,0
20091118,20091118,0,3,0
20091119,20091119,0,4,0
20091120,20091120,0,5,0
20091121,20091121,0,6,1
20091122,20091122,0,7,1
20091123,20091123,0,1,0
20091124,20091124,0,2,0
20091125,20091125,0,3,0
20091126,20091126,0,4,0
20091127,20091127,0,5,0
20091128,20091128,0,6,1
20091129,20091129,0,7,1
20091130,20091130,0,1,0
20091201,20091201,0,2,0
20091202,20091202,0,3,0
20091203,20091203,0,4,0
20091204,20091204,0,5,0
20091205,20091205,0,6,1
20091206,20091206,0,7,1
20091207,20091207,0,1,0
20091208,20091208,0,2,0
20091209,20091209,0,3,0
20091210,20091210,0,4,0
20091211,20091211,0,5,0
20091212,20091212,0,6,1
20091213,20091213,0,7,1
20091214,20091214,0,1,0
20091215,20091215,0,2,0
20091216,20091216,0,3,0
20091217,20091217,0,4,0
20091218,20091218,0,5,0
20091219,20091219,0,6,1
20091220,20091220,0,7,1
20091221,20091221,0,1,0
20091222,20091222,0,2,0
20091223,20091223,0,3,0
20091224,20091224,0,4,0
20091225,20091225,0,5,0
20091226,20091226,0,6,1
20091227,20091227,0,7,1
20091228,20091228,0,1,0
20091229,20091229,0,2,0
20091230,20091230,0,3,0
20091231,20091231,0,4,0
20100101,20100101,1,5,0
20100102,20100102,1,6,1
20100103,20100103,1,7,1
20100104,20100104,0,1,0
20100105,20100105,0,2,0
20100106,20100106,0,3,0
20100107,20100107,0,4,0
20100108,20100108,0,5,0
20100109,20100109,0,6,1
20100110,20100110,0,7,1
20100111,20100111,0,1,0
20100112,20100112,0,2,0
20100113,20100113,0,3,0
20100114,20100114,0,4,0
20100115,20100115,0,5,0
20100116,20100116,0,6,1
20100117,20100117,0,7,1
20100118,20100118,0,1,0
20100119,20100119,0,2,0
20100120,20100120,0,3,0
20100121,20100121,0,4,0
20100122,20100122,0,5,0
20100123,20100123,0,6,1
20100124,20100124,0,7,1
20100125,20100125,0,1,0
20100126,20100126,0,2,0
20100127,20100127,0,3,0
20100128,20100128,0,4,0
20100129,20100129,0,5,0
20100130,20100130,0,6,1
20100131,20100131,0,7,1
20100201,20100201,0,1,0
20100202,20100202,0,2,0
20100203,20100203,0,3,0
20100204,20100204,0,4,0
20100205,20100205,0,5,0
20100206,20100206,0,6,1
20100207,20100207,0,7,1
20100208,20100208,0,1,0
20100209,20100209,0,2,0
20100210,20100210,0,3,0
20100211,20100211,0,4,0
20100212,20100212,0,5,0
20100213,20100213,1,6,1
20100214,20100214,1,7,1
20100215,20100215,1,1,0
20100216,20100216,1,2,0
20100217,20100217,1,3,0
20100218,20100218,1,4,0
20100219,20100219,1,5,0
20100220,20100220,0,6,0
20100221,20100221,0,7,0
20100222,20100222,0,1,0
20100223,20100223,0,2,0
20100224,20100224,0,3,0
20100225,20100225,0,4,0
20100226,20100226,0,5,0
20100227,20100227,0,6,1
20100228,20100228,0,7,1
20100301,20100301,0,1,0
20100302,20100302,0,2,0
20100303,20100303,0,3,0
20100304,20100304,0,4,0
20100305,20100305,0,5,0
20100306,20100306,0,6,1
20100307,20100307,0,7,1
20100308,20100308,0,1,0
20100309,20100309,0,2,0
20100310,20100310,0,3,0
20100311,20100311,0,4,0
20100312,20100312,0,5,0
20100313,20100313,0,6,1
20100314,20100314,0,7,1
20100315,20100315,0,1,0
20100316,20100316,0,2,0
20100317,20100317,0,3,0
20100318,20100318,0,4,0
20100319,20100319,0,5,0
20100320,20100320,0,6,1
20100321,20100321,0,7,1
20100322,20100322,0,1,0
20100323,20100323,0,2,0
20100324,20100324,0,3,0
20100325,20100325,0,4,0
20100326,20100326,0,5,0
20100327,20100327,0,6,1
20100328,20100328,0,7,1
20100329,20100329,0,1,0
20100330,20100330,0,2,0
20100331,20100331,0,3,0
20100401,20100401,0,4,0
20100402,20100402,0,5,0
20100403,20100403,1,6,1
20100404,20100404,1,7,1
20100405,20100405,1,1,0
20100406,20100406,0,2,0
20100407,20100407,0,3,0
20100408,20100408,0,4,0
20100409,20100409,0,5,0
20100410,20100410,0,6,1
20100411,20100411,0,7,1
20100412,20100412,0,1,0
20100413,20100413,0,2,0
20100414,20100414,0,3,0
20100415,20100415,0,4,0
20100416,20100416,0,5,0
20100417,20100417,0,6,1
20100418,20100418,0,7,1
20100419,20100419,0,1,0
20100420,20100420,0,2,0
20100421,20100421,0,3,0
20100422,20100422,0,4,0
20100423,20100423,0,5,0
20100424,20100424,0,6,1
20100425,20100425,0,7,1
20100426,20100426,0,1,0
20100427,20100427,0,2,0
20100428,20100428,0,3,0
20100429,20100429,0,4,0
20100430,20100430,0,5,0
20100501,20100501,1,6,1
20100502,20100502,1,7,1
20100503,20100503,1,1,0
20100504,20100504,0,2,0
20100505,20100505,0,3,0
20100506,20100506,0,4,0
20100507,20100507,0,5,0
20100508,20100508,0,6,1
20100509,20100509,0,7,1
20100510,20100510,0,1,0
20100511,20100511,0,2,0
20100512,20100512,0,3,0
20100513,20100513,0,4,0
20100514,20100514,0,5,0
20100515,20100515,0,6,1
20100516,20100516,0,7,1
20100517,20100517,0,1,0
20100518,20100518,0,2,0
20100519,20100519,0,3,0
20100520,20100520,0,4,0
20100521,20100521,0,5,0
20100522,20100522,0,6,1
20100523,20100523,0,7,1
20100524,20100524,0,1,0
20100525,20100525,0,2,0
20100526,20100526,0,3,0
20100527,20100527,0,4,0
20100528,20100528,0,5,0
20100529,20100529,0,6,1
20100530,20100530,0,7,1
20100531,20100531,0,1,0
20100601,20100601,0,2,0
20100602,20100602,0,3,0
20100603,20100603,0,4,0
20100604,20100604,0,5,0
20100605,20100605,0,6,1
20100606,20100606,0,7,1
20100607,20100607,0,1,0
20100608,20100608,0,2,0
20100609,20100609,0,3,0
20100610,20100610,0,4,0
20100611,20100611,0,5,0
20100612,20100612,0,6,0
20100613,20100613,0,7,0
20100614,20100614,1,1,0
20100615,20100615,1,2,0
20100616,20100616,1,3,0
20100617,20100617,0,4,0
20100618,20100618,0,5,0
20100619,20100619,0,6,1
20100620,20100620,0,7,1
20100621,20100621,0,1,0
20100622,20100622,0,2,0
20100623,20100623,0,3,0
20100624,20100624,0,4,0
20100625,20100625,0,5,0
20100626,20100626,0,6,1
20100627,20100627,0,7,1
20100628,20100628,0,1,0
20100629,20100629,0,2,0
20100630,20100630,0,3,0
20100701,20100701,0,4,0
20100702,20100702,0,5,0
20100703,20100703,0,6,1
20100704,20100704,0,7,1
20100705,20100705,0,1,0
20100706,20100706,0,2,0
20100707,20100707,0,3,0
20100708,20100708,0,4,0
20100709,20100709,0,5,0
20100710,20100710,0,6,1
20100711,20100711,0,7,1
20100712,20100712,0,1,0
20100713,20100713,0,2,0
20100714,20100714,0,3,0
20100715,20100715,0,4,0
20100716,20100716,0,5,0
20100717,20100717,0,6,1
20100718,20100718,0,7,1
20100719,20100719,0,1,0
20100720,20100720,0,2,0
20100721,20100721,0,3,0
20100722,20100722,0,4,0
20100723,20100723,0,5,0
20100724,20100724,0,6,1
20100725,20100725,0,7,1
20100726,20100726,0,1,0
20100727,20100727,0,2,0
20100728,20100728,0,3,0
20100729,20100729,0,4,0
20100730,20100730,0,5,0
20100731,20100731,0,6,1
20100801,20100801,0,7,1
20100802,20100802,0,1,0
20100803,20100803,0,2,0
20100804,20100804,0,3,0
20100805,20100805,0,4,0
20100806,20100806,0,5,0
20100807,20100807,0,6,1
20100808,20100808,0,7,1
20100809,20100809,0,1,0
20100810,20100810,0,2,0
20100811,20100811,0,3,0
20100812,20100812,0,4,0
20100813,20100813,0,5,0
20100814,20100814,0,6,1
20100815,20100815,0,7,1
20100816,20100816,0,1,0
20100817,20100817,0,2,0
20100818,20100818,0,3,0
20100819,20100819,0,4,0
20100820,20100820,0,5,0
20100821,20100821,0,6,1
20100822,20100822,0,7,1
20100823,20100823,0,1,0
20100824,20100824,0,2,0
20100825,20100825,0,3,0
20100826,20100826,0,4,0
20100827,20100827,0,5,0
20100828,20100828,0,6,1
20100829,20100829,0,7,1
20100830,20100830,0,1,0
20100831,20100831,0,2,0
20100901,20100901,0,3,0
20100902,20100902,0,4,0
20100903,20100903,0,5,0
20100904,20100904,0,6,1
20100905,20100905,0,7,1
20100906,20100906,0,1,0
20100907,20100907,0,2,0
20100908,20100908,0,3,0
20100909,20100909,0,4,0
20100910,20100910,0,5,0
20100911,20100911,0,6,1
20100912,20100912,0,7,1
20100913,20100913,0,1,0
20100914,20100914,0,2,0
20100915,20100915,0,3,0
20100916,20100916,0,4,0
20100917,20100917,0,5,0
20100918,20100918,0,6,1
20100919,20100919,0,7,0
20100920,20100920,0,1,0
20100921,20100921,0,2,0
20100922,20100922,1,3,0
20100923,20100923,1,4,0
20100924,20100924,1,5,0
20100925,20100925,0,6,0
20100926,20100926,0,7,0
20100927,20100927,0,1,0
20100928,20100928,0,2,0
20100929,20100929,0,3,0
20100930,20100930,0,4,0
20101001,20101001,1,5,0
20101002,20101002,1,6,1
20101003,20101003,1,7,1
20101004,20101004,1,1,0
20101005,20101005,1,2,0
20101006,20101006,1,3,0
20101007,20101007,1,4,0
20101008,20101008,0,5,0
20101009,20101009,0,6,0
20101010,20101010,0,7,1
20101011,20101011,0,1,0
20101012,20101012,0,2,0
20101013,20101013,0,3,0
20101014,20101014,0,4,0
20101015,20101015,0,5,0
20101016,20101016,0,6,1
20101017,20101017,0,7,1
20101018,20101018,0,1,0
20101019,20101019,0,2,0
20101020,20101020,0,3,0
20101021,20101021,0,4,0
20101022,20101022,0,5,0
20101023,20101023,0,6,1
20101024,20101024,0,7,1
20101025,20101025,0,1,0
20101026,20101026,0,2,0
20101027,20101027,0,3,0
20101028,20101028,0,4,0
20101029,20101029,0,5,0
20101030,20101030,0,6,1
20101031,20101031,0,7,1
20101101,20101101,0,1,0
20101102,20101102,0,2,0
20101103,20101103,0,3,0
20101104,20101104,0,4,0
20101105,20101105,0,5,0
20101106,20101106,0,6,1
20101107,20101107,0,7,1
20101108,20101108,0,1,0
20101109,20101109,0,2,0
20101110,20101110,0,3,0
20101111,20101111,0,4,0
20101112,20101112,0,5,0
20101113,20101113,0,6,1
20101114,20101114,0,7,1
20101115,20101115,0,1,0
20101116,20101116,0,2,0
20101117,20101117,0,3,0
20101118,20101118,0,4,0
20101119,20101119,0,5,0
20101120,20101120,0,6,1
20101121,20101121,0,7,1
20101122,20101122,0,1,0
20101123,20101123,0,2,0
20101124,20101124,0,3,0
20101125,20101125,0,4,0
20101126,20101126,0,5,0
20101127,20101127,0,6,1
20101128,20101128,0,7,1
20101129,20101129,0,1,0
20101130,20101130,0,2,0
20101201,20101201,0,3,0
20101202,20101202,0,4,0
20101203,20101203,0,5,0
20101204,20101204,0,6,1
20101205,20101205,0,7,1
20101206,20101206,0,1,0
20101207,20101207,0,2,0
20101208,20101208,0,3,0
20101209,20101209,0,4,0
20101210,20101210,0,5,0
20101211,20101211,0,6,1
20101212,20101212,0,7,1
20101213,20101213,0,1,0
20101214,20101214,0,2,0
20101215,20101215,0,3,0
20101216,20101216,0,4,0
20101217,20101217,0,5,0
20101218,20101218,0,6,1
20101219,20101219,0,7,1
20101220,20101220,0,1,0
20101221,20101221,0,2,0
20101222,20101222,0,3,0
20101223,20101223,0,4,0
20101224,20101224,0,5,0
20101225,20101225,0,6,1
20101226,20101226,0,7,1
20101227,20101227,0,1,0
20101228,20101228,0,2,0
20101229,20101229,0,3,0
20101230,20101230,0,4,0
20101231,20101231,0,5,0
20110101,20110101,1,6,1
20110102,20110102,1,7,1
20110103,20110103,1,1,0
20110104,20110104,0,2,0
20110105,20110105,0,3,0
20110106,20110106,0,4,0
20110107,20110107,0,5,0
20110108,20110108,0,6,1
20110109,20110109,0,7,1
20110110,20110110,0,1,0
20110111,20110111,0,2,0
20110112,20110112,0,3,0
20110113,20110113,0,4,0
20110114,20110114,0,5,0
20110115,20110115,0,6,1
20110116,20110116,0,7,1
20110117,20110117,0,1,0
20110118,20110118,0,2,0
20110119,20110119,0,3,0
20110120,20110120,0,4,0
20110121,20110121,0,5,0
20110122,20110122,0,6,1
20110123,20110123,0,7,1
20110124,20110124,0,1,0
20110125,20110125,0,2,0
20110126,20110126,0,3,0
20110127,20110127,0,4,0
20110128,20110128,0,5,0
20110129,20110129,0,6,1
20110130,20110130,0,7,0
20110131,20110131,0,1,0
20110201,20110201,0,2,0
20110202,20110202,1,3,0
20110203,20110203,1,4,0
20110204,20110204,1,5,0
20110205,20110205,1,6,1
20110206,20110206,1,7,1
20110207,20110207,1,1,0
20110208,20110208,1,2,0
20110209,20110209,0,3,0
20110210,20110210,0,4,0
20110211,20110211,0,5,0
20110212,20110212,0,6,0
20110213,20110213,0,7,1
20110214,20110214,0,1,0
20110215,20110215,0,2,0
20110216,20110216,0,3,0
20110217,20110217,0,4,0
20110218,20110218,0,5,0
20110219,20110219,0,6,1
20110220,20110220,0,7,1
20110221,20110221,0,1,0
20110222,20110222,0,2,0
20110223,20110223,0,3,0
20110224,20110224,0,4,0
20110225,20110225,0,5,0
20110226,20110226,0,6,1
20110227,20110227,0,7,1
20110228,20110228,0,1,0
20110301,20110301,0,2,0
20110302,20110302,0,3,0
20110303,20110303,0,4,0
20110304,20110304,0,5,0
20110305,20110305,0,6,1
20110306,20110306,0,7,1
20110307,20110307,0,1,0
20110308,20110308,0,2,0
20110309,20110309,0,3,0
20110310,20110310,0,4,0
20110311,20110311,0,5,0
20110312,20110312,0,6,1
20110313,20110313,0,7,1
20110314,20110314,0,1,0
20110315,20110315,0,2,0
20110316,20110316,0,3,0
20110317,20110317,0,4,0
20110318,20110318,0,5,0
20110319,20110319,0,6,1
20110320,20110320,0,7,1
20110321,20110321,0,1,0
20110322,20110322,0,2,0
20110323,20110323,0,3,0
20110324,20110324,0,4,0
20110325,20110325,0,5,0
20110326,20110326,0,6,1
20110327,20110327,0,7,1
20110328,20110328,0,1,0
20110329,20110329,0,2,0
20110330,20110330,0,3,0
20110331,20110331,0,4,0
20110401,20110401,0,5,0
20110402,20110402,0,6,0
20110403,20110403,1,7,1
20110404,20110404,1,1,0
20110405,20110405,1,2,0
20110406,20110406,0,3,0
20110407,20110407,0,4,0
20110408,20110408,0,5,0
20110409,20110409,0,6,1
20110410,20110410,0,7,1
20110411,20110411,0,1,0
20110412,20110412,0,2,0
20110413,20110413,0,3,0
20110414,20110414,0,4,0
20110415,20110415,0,5,0
20110416,20110416,0,6,1
20110417,20110417,0,7,1
20110418,20110418,0,1,0
20110419,20110419,0,2,0
20110420,20110420,0,3,0
20110421,20110421,0,4,0
20110422,20110422,0,5,0
20110423,20110423,0,6,1
20110424,20110424,0,7,1
20110425,20110425,0,1,0
20110426,20110426,0,2,0
20110427,20110427,0,3,0
20110428,20110428,0,4,0
20110429,20110429,0,5,0
20110430,20110430,1,6,1
20110501,20110501,1,7,1
20110502,20110502,1,1,0
20110503,20110503,0,2,0
20110504,20110504,0,3,0
20110505,20110505,0,4,0
20110506,20110506,0,5,0
20110507,20110507,0,6,1
20110508,20110508,0,7,1
20110509,20110509,0,1,0
20110510,20110510,0,2,0
20110511,20110511,0,3,0
20110512,20110512,0,4,0
20110513,20110513,0,5,0
20110514,20110514,0,6,1
20110515,20110515,0,7,1
20110516,20110516,0,1,0
20110517,20110517,0,2,0
20110518,20110518,0,3,0
20110519,20110519,0,4,0
20110520,20110520,0,5,0
20110521,20110521,0,6,1
20110522,20110522,0,7,1
20110523,20110523,0,1,0
20110524,20110524,0,2,0
20110525,20110525,0,3,0
20110526,20110526,0,4,0
20110527,20110527,0,5,0
20110528,20110528,0,6,1
20110529,20110529,0,7,1
20110530,20110530,0,1,0
20110531,20110531,0,2,0
20110601,20110601,0,3,0
20110602,20110602,0,4,0
20110603,20110603,0,5,0
20110604,20110604,1,6,1
20110605,20110605,1,7,1
20110606,20110606,1,1,0
20110607,20110607,0,2,0
20110608,20110608,0,3,0
20110609,20110609,0,4,0
20110610,20110610,0,5,0
20110611,20110611,0,6,1
20110612,20110612,0,7,1
20110613,20110613,0,1,0
20110614,20110614,0,2,0
20110615,20110615,0,3,0
20110616,20110616,0,4,0
20110617,20110617,0,5,0
20110618,20110618,0,6,1
20110619,20110619,0,7,1
20110620,20110620,0,1,0
20110621,20110621,0,2,0
20110622,20110622,0,3,0
20110623,20110623,0,4,0
20110624,20110624,0,5,0
20110625,20110625,0,6,1
20110626,20110626,0,7,1
20110627,20110627,0,1,0
20110628,20110628,0,2,0
20110629,20110629,0,3,0
20110630,20110630,0,4,0
20110701,20110701,0,5,0
20110702,20110702,0,6,1
20110703,20110703,0,7,1
20110704,20110704,0,1,0
20110705,20110705,0,2,0
20110706,20110706,0,3,0
20110707,20110707,0,4,0
20110708,20110708,0,5,0
20110709,20110709,0,6,1
20110710,20110710,0,7,1
20110711,20110711,0,1,0
20110712,20110712,0,2,0
20110713,20110713,0,3,0
20110714,20110714,0,4,0
20110715,20110715,0,5,0
20110716,20110716,0,6,1
20110717,20110717,0,7,1
20110718,20110718,0,1,0
20110719,20110719,0,2,0
20110720,20110720,0,3,0
20110721,20110721,0,4,0
20110722,20110722,0,5,0
20110723,20110723,0,6,1
20110724,20110724,0,7,1
20110725,20110725,0,1,0
20110726,20110726,0,2,0
20110727,20110727,0,3,0
20110728,20110728,0,4,0
20110729,20110729,0,5,0
20110730,20110730,0,6,1
20110731,20110731,0,7,1
20110801,20110801,0,1,0
20110802,20110802,0,2,0
20110803,20110803,0,3,0
20110804,20110804,0,4,0
20110805,20110805,0,5,0
20110806,20110806,0,6,1
20110807,20110807,0,7,1
20110808,20110808,0,1,0
20110809,20110809,0,2,0
20110810,20110810,0,3,0
20110811,20110811,0,4,0
20110812,20110812,0,5,0
20110813,20110813,0,6,1
20110814,20110814,0,7,1
20110815,20110815,0,1,0
20110816,20110816,0,2,0
20110817,20110817,0,3,0
20110818,20110818,0,4,0
20110819,20110819,0,5,0
20110820,20110820,0,6,1
20110821,20110821,0,7,1
20110822,20110822,0,1,0
20110823,20110823,0,2,0
20110824,20110824,0,3,0
20110825,20110825,0,4,0
20110826,20110826,0,5,0
20110827,20110827,0,6,1
20110828,20110828,0,7,1
20110829,20110829,0,1,0
20110830,20110830,0,2,0
20110831,20110831,0,3,0
20110901,20110901,0,4,0
20110902,20110902,0,5,0
20110903,20110903,0,6,1
20110904,20110904,0,7,1
20110905,20110905,0,1,0
20110906,20110906,0,2,0
20110907,20110907,0,3,0
20110908,20110908,0,4,0
20110909,20110909,0,5,0
20110910,20110910,1,6,1
20110911,20110911,1,7,1
20110912,20110912,1,1,0
20110913,20110913,0,2,0
20110914,20110914,0,3,0
20110915,20110915,0,4,0
20110916,20110916,0,5,0
20110917,20110917,0,6,1
20110918,20110918,0,7,1
20110919,20110919,0,1,0
20110920,20110920,0,2,0
20110921,20110921,0,3,0
20110922,20110922,0,4,0
20110923,20110923,0,5,0
20110924,20110924,0,6,1
20110925,20110925,0,7,1
20110926,20110926,0,1,0
20110927,20110927,0,2,0
20110928,20110928,0,3,0
20110929,20110929,0,4,0
20110930,20110930,0,5,0
20111001,20111001,1,6,1
20111002,20111002,1,7,1
20111003,20111003,1,1,0
20111004,20111004,1,2,0
20111005,20111005,1,3,0
20111006,20111006,1,4,0
20111007,20111007,1,5,0
20111008,20111008,0,6,0
20111009,20111009,0,7,0
20111010,20111010,0,1,0
20111011,20111011,0,2,0
20111012,20111012,0,3,0
20111013,20111013,0,4,0
20111014,20111014,0,5,0
20111015,20111015,0,6,1
20111016,20111016,0,7,1
20111017,20111017,0,1,0
20111018,20111018,0,2,0
20111019,20111019,0,3,0
20111020,20111020,0,4,0
20111021,20111021,0,5,0
20111022,20111022,0,6,1
20111023,20111023,0,7,1
20111024,20111024,0,1,0
20111025,20111025,0,2,0
20111026,20111026,0,3,0
20111027,20111027,0,4,0
20111028,20111028,0,5,0
20111029,20111029,0,6,1
20111030,20111030,0,7,1
20111031,20111031,0,1,0
20111101,20111101,0,2,0
20111102,20111102,0,3,0
20111103,20111103,0,4,0
20111104,20111104,0,5,0
20111105,20111105,0,6,1
20111106,20111106,0,7,1
20111107,20111107,0,1,0
20111108,20111108,0,2,0
20111109,20111109,0,3,0
20111110,20111110,0,4,0
20111111,20111111,0,5,0
20111112,20111112,0,6,1
20111113,20111113,0,7,1
20111114,20111114,0,1,0
20111115,20111115,0,2,0
20111116,20111116,0,3,0
20111117,20111117,0,4,0
20111118,20111118,0,5,0
20111119,20111119,0,6,1
20111120,20111120,0,7,1
20111121,20111121,0,1,0
20111122,20111122,0,2,0
20111123,20111123,0,3,0
20111124,20111124,0,4,0
20111125,20111125,0,5,0
20111126,20111126,0,6,1
20111127,20111127,0,7,1
20111128,20111128,0,1,0
20111129,20111129,0,2,0
20111130,20111130,0,3,0
20111201,20111201,0,4,0
20111202,20111202,0,5,0
20111203,20111203,0,6,1
20111204,20111204,0,7,1
20111205,20111205,0,1,0
20111206,20111206,0,2,0
20111207,20111207,0,3,0
20111208,20111208,0,4,0
20111209,20111209,0,5,0
20111210,20111210,0,6,1
20111211,20111211,0,7,1
20111212,20111212,0,1,0
20111213,20111213,0,2,0
20111214,20111214,0,3,0
20111215,20111215,0,4,0
20111216,20111216,0,5,0
20111217,20111217,0,6,1
20111218,20111218,0,7,1
20111219,20111219,0,1,0
20111220,20111220,0,2,0
20111221,20111221,0,3,0
20111222,20111222,0,4,0
20111223,20111223,0,5,0
20111224,20111224,0,6,1
20111225,20111225,0,7,1
20111226,20111226,0,1,0
20111227,20111227,0,2,0
20111228,20111228,0,3,0
20111229,20111229,0,4,0
20111230,20111230,0,5,0
20111231,20111231,0,6,0
20120101,20120101,1,7,1
20120102,20120102,1,1,0
20120103,20120103,1,2,0
20120104,20120104,0,3,0
20120105,20120105,0,4,0
20120106,20120106,0,5,0
20120107,20120107,0,6,1
20120108,20120108,0,7,1
20120109,20120109,0,1,0
20120110,20120110,0,2,0
20120111,20120111,0,3,0
20120112,20120112,0,4,0
20120113,20120113,0,5,0
20120114,20120114,0,6,1
20120115,20120115,0,7,1
20120116,20120116,0,1,0
20120117,20120117,0,2,0
20120118,20120118,0,3,0
20120119,20120119,0,4,0
20120120,20120120,0,5,0
20120121,20120121,0,6,0
20120122,20120122,1,7,1
20120123,20120123,1,1,0
20120124,20120124,1,2,0
20120125,20120125,1,3,0
20120126,20120126,1,4,0
20120127,20120127,1,5,0
20120128,20120128,1,6,1
20120129,20120129,0,7,0
20120130,20120130,0,1,0
20120131,20120131,0,2,0
20120201,20120201,0,3,0
20120202,20120202,0,4,0
20120203,20120203,0,5,0
20120204,20120204,0,6,1
20120205,20120205,0,7,1
20120206,20120206,0,1,0
20120207,20120207,0,2,0
20120208,20120208,0,3,0
20120209,20120209,0,4,0
20120210,20120210,0,5,0
20120211,20120211,0,6,1
20120212,20120212,0,7,1
20120213,20120213,0,1,0
20120214,20120214,0,2,0
20120215,20120215,0,3,0
20120216,20120216,0,4,0
20120217,20120217,0,5,0
20120218,20120218,0,6,1
20120219,20120219,0,7,1
20120220,20120220,0,1,0
20120221,20120221,0,2,0
20120222,20120222,0,3,0
20120223,20120223,0,4,0
20120224,20120224,0,5,0
20120225,20120225,0,6,1
20120226,20120226,0,7,1
20120227,20120227,0,1,0
20120228,20120228,0,2,0
20120229,20120229,0,3,0
20120301,20120301,0,4,0
20120302,20120302,0,5,0
20120303,20120303,0,6,1
20120304,20120304,0,7,1
20120305,20120305,0,1,0
20120306,20120306,0,2,0
20120307,20120307,0,3,0
20120308,20120308,0,4,0
20120309,20120309,0,5,0
20120310,20120310,0,6,1
20120311,20120311,0,7,1
20120312,20120312,0,1,0
20120313,20120313,0,2,0
20120314,20120314,0,3,0
20120315,20120315,0,4,0
20120316,20120316,0,5,0
20120317,20120317,0,6,1
20120318,20120318,0,7,1
20120319,20120319,0,1,0
20120320,20120320,0,2,0
20120321,20120321,0,3,0
20120322,20120322,0,4,0
20120323,20120323,0,5,0
20120324,20120324,0,6,1
20120325,20120325,0,7,1
20120326,20120326,0,1,0
20120327,20120327,0,2,0
20120328,20120328,0,3,0
20120329,20120329,0,4,0
20120330,20120330,0,5,0
20120331,20120331,0,6,0
20120401,20120401,0,7,0
20120402,20120402,1,1,0
20120403,20120403,1,2,0
20120404,20120404,1,3,0
20120405,20120405,0,4,0
20120406,20120406,0,5,0
20120407,20120407,0,6,1
20120408,20120408,0,7,1
20120409,20120409,0,1,0
20120410,20120410,0,2,0
20120411,20120411,0,3,0
20120412,20120412,0,4,0
20120413,20120413,0,5,0
20120414,20120414,0,6,1
20120415,20120415,0,7,1
20120416,20120416,0,1,0
20120417,20120417,0,2,0
20120418,20120418,0,3,0
20120419,20120419,0,4,0
20120420,20120420,0,5,0
20120421,20120421,0,6,1
20120422,20120422,0,7,1
20120423,20120423,0,1,0
20120424,20120424,0,2,0
20120425,20120425,0,3,0
20120426,20120426,0,4,0
20120427,20120427,0,5,0
20120428,20120428,0,6,0
20120429,20120429,1,7,1
20120430,20120430,1,1,0
20120501,20120501,1,2,0
20120502,20120502,0,3,0
20120503,20120503,0,4,0
20120504,20120504,0,5,0
20120505,20120505,0,6,1
20120506,20120506,0,7,1
20120507,20120507,0,1,0
20120508,20120508,0,2,0
20120509,20120509,0,3,0
20120510,20120510,0,4,0
20120511,20120511,0,5,0
20120512,20120512,0,6,1
20120513,20120513,0,7,1
20120514,20120514,0,1,0
20120515,20120515,0,2,0
20120516,20120516,0,3,0
20120517,20120517,0,4,0
20120518,20120518,0,5,0
20120519,20120519,0,6,1
20120520,20120520,0,7,1
20120521,20120521,0,1,0
20120522,20120522,0,2,0
20120523,20120523,0,3,0
20120524,20120524,0,4,0
20120525,20120525,0,5,0
20120526,20120526,0,6,1
20120527,20120527,0,7,1
20120528,20120528,0,1,0
20120529,20120529,0,2,0
20120530,20120530,0,3,0
20120531,20120531,0,4,0
20120601,20120601,0,5,0
20120602,20120602,0,6,1
20120603,20120603,0,7,1
20120604,20120604,0,1,0
20120605,20120605,0,2,0
20120606,20120606,0,3,0
20120607,20120607,0,4,0
20120608,20120608,0,5,0
20120609,20120609,0,6,1
20120610,20120610,0,7,1
20120611,20120611,0,1,0
20120612,20120612,0,2,0
20120613,20120613,0,3,0
20120614,20120614,0,4,0
20120615,20120615,0,5,0
20120616,20120616,0,6,1
20120617,20120617,0,7,1
20120618,20120618,0,1,0
20120619,20120619,0,2,0
20120620,20120620,0,3,0
20120621,20120621,0,4,0
20120622,20120622,1,5,0
20120623,20120623,1,6,1
20120624,20120624,1,7,1
20120625,20120625,0,1,0
20120626,20120626,0,2,0
20120627,20120627,0,3,0
20120628,20120628,0,4,0
20120629,20120629,0,5,0
20120630,20120630,0,6,1
20120701,20120701,0,7,1
20120702,20120702,0,1,0
20120703,20120703,0,2,0
20120704,20120704,0,3,0
20120705,20120705,0,4,0
20120706,20120706,0,5,0
20120707,20120707,0,6,1
20120708,20120708,0,7,1
20120709,20120709,0,1,0
20120710,20120710,0,2,0
20120711,20120711,0,3,0
20120712,20120712,0,4,0
20120713,20120713,0,5,0
20120714,20120714,0,6,1
20120715,20120715,0,7,1
20120716,20120716,0,1,0
20120717,20120717,0,2,0
20120718,20120718,0,3,0
20120719,20120719,0,4,0
20120720,20120720,0,5,0
20120721,20120721,0,6,1
20120722,20120722,0,7,1
20120723,20120723,0,1,0
20120724,20120724,0,2,0
20120725,20120725,0,3,0
20120726,20120726,0,4,0
20120727,20120727,0,5,0
20120728,20120728,0,6,1
20120729,20120729,0,7,1
20120730,20120730,0,1,0
20120731,20120731,0,2,0
20120801,20120801,0,3,0
20120802,20120802,0,4,0
20120803,20120803,0,5,0
20120804,20120804,0,6,1
20120805,20120805,0,7,1
20120806,20120806,0,1,0
20120807,20120807,0,2,0
20120808,20120808,0,3,0
20120809,20120809,0,4,0
20120810,20120810,0,5,0
20120811,20120811,0,6,1
20120812,20120812,0,7,1
20120813,20120813,0,1,0
20120814,20120814,0,2,0
20120815,20120815,0,3,0
20120816,20120816,0,4,0
20120817,20120817,0,5,0
20120818,20120818,0,6,1
20120819,20120819,0,7,1
20120820,20120820,0,1,0
20120821,20120821,0,2,0
20120822,20120822,0,3,0
20120823,20120823,0,4,0
20120824,20120824,0,5,0
20120825,20120825,0,6,1
20120826,20120826,0,7,1
20120827,20120827,0,1,0
20120828,20120828,0,2,0
20120829,20120829,0,3,0
20120830,20120830,0,4,0
20120831,20120831,0,5,0
20120901,20120901,0,6,1
20120902,20120902,0,7,1
20120903,20120903,0,1,0
20120904,20120904,0,2,0
20120905,20120905,0,3,0
20120906,20120906,0,4,0
20120907,20120907,0,5,0
20120908,20120908,0,6,1
20120909,20120909,0,7,1
20120910,20120910,0,1,0
20120911,20120911,0,2,0
20120912,20120912,0,3,0
20120913,20120913,0,4,0
20120914,20120914,0,5,0
20120915,20120915,0,6,1
20120916,20120916,0,7,1
20120917,20120917,0,1,0
20120918,20120918,0,2,0
20120919,20120919,0,3,0
20120920,20120920,0,4,0
20120921,20120921,0,5,0
20120922,20120922,0,6,1
20120923,20120923,0,7,1
20120924,20120924,0,1,0
20120925,20120925,0,2,0
20120926,20120926,0,3,0
20120927,20120927,0,4,0
20120928,20120928,0,5,0
20120929,20120929,0,6,0
20120930,20120930,1,7,1
20121001,20121001,1,1,0
20121002,20121002,1,2,0
20121003,20121003,1,3,0
20121004,20121004,1,4,0
20121005,20121005,1,5,0
20121006,20121006,1,6,1
20121007,20121007,1,7,1
20121008,20121008,0,1,0
20121009,20121009,0,2,0
20121010,20121010,0,3,0
20121011,20121011,0,4,0
20121012,20121012,0,5,0
20121013,20121013,0,6,1
20121014,20121014,0,7,1
20121015,20121015,0,1,0
20121016,20121016,0,2,0
20121017,20121017,0,3,0
20121018,20121018,0,4,0
20121019,20121019,0,5,0
20121020,20121020,0,6,1
20121021,20121021,0,7,1
20121022,20121022,0,1,0
20121023,20121023,0,2,0
20121024,20121024,0,3,0
20121025,20121025,0,4,0
20121026,20121026,0,5,0
20121027,20121027,0,6,1
20121028,20121028,0,7,1
20121029,20121029,0,1,0
20121030,20121030,0,2,0
20121031,20121031,0,3,0
20121101,20121101,0,4,0
20121102,20121102,0,5,0
20121103,20121103,0,6,1
20121104,20121104,0,7,1
20121105,20121105,0,1,0
20121106,20121106,0,2,0
20121107,20121107,0,3,0
20121108,20121108,0,4,0
20121109,20121109,0,5,0
20121110,20121110,0,6,1
20121111,20121111,0,7,1
20121112,20121112,0,1,0
20121113,20121113,0,2,0
20121114,20121114,0,3,0
20121115,20121115,0,4,0
20121116,20121116,0,5,0
20121117,20121117,0,6,1
20121118,20121118,0,7,1
20121119,20121119,0,1,0
20121120,20121120,0,2,0
20121121,20121121,0,3,0
20121122,20121122,0,4,0
20121123,20121123,0,5,0
20121124,20121124,0,6,1
20121125,20121125,0,7,1
20121126,20121126,0,1,0
20121127,20121127,0,2,0
20121128,20121128,0,3,0
20121129,20121129,0,4,0
20121130,20121130,0,5,0
20121201,20121201,0,6,1
20121202,20121202,0,7,1
20121203,20121203,0,1,0
20121204,20121204,0,2,0
20121205,20121205,0,3,0
20121206,20121206,0,4,0
20121207,20121207,0,5,0
20121208,20121208,0,6,1
20121209,20121209,0,7,1
20121210,20121210,0,1,0
20121211,20121211,0,2,0
20121212,20121212,0,3,0
20121213,20121213,0,4,0
20121214,20121214,0,5,0
20121215,20121215,0,6,1
20121216,20121216,0,7,1
20121217,20121217,0,1,0
20121218,20121218,0,2,0
20121219,20121219,0,3,0
20121220,20121220,0,4,0
20121221,20121221,0,5,0
20121222,20121222,0,6,1
20121223,20121223,0,7,1
20121224,20121224,0,1,0
20121225,20121225,0,2,0
20121226,20121226,0,3,0
20121227,20121227,0,4,0
20121228,20121228,0,5,0
20121229,20121229,0,6,1
20121230,20121230,0,7,1
20121231,20121231,0,1,0
20130101,20130101,1,2,0
20130102,20130102,1,3,0
20130103,20130103,1,4,0
20130104,20130104,0,5,0
20130105,20130105,0,6,0
20130106,20130106,0,7,0
20130107,20130107,0,1,0
20130108,20130108,0,2,0
20130109,20130109,0,3,0
20130110,20130110,0,4,0
20130111,20130111,0,5,0
20130112,20130112,0,6,1
20130113,20130113,0,7,1
20130114,20130114,0,1,0
20130115,20130115,0,2,0
20130116,20130116,0,3,0
20130117,20130117,0,4,0
20130118,20130118,0,5,0
20130119,20130119,0,6,1
20130120,20130120,0,7,1
20130121,20130121,0,1,0
20130122,20130122,0,2,0
20130123,20130123,0,3,0
20130124,20130124,0,4,0
20130125,20130125,0,5,0
20130126,20130126,0,6,1
20130127,20130127,0,7,1
20130128,20130128,0,1,0
20130129,20130129,0,2,0
20130130,20130130,0,3,0
20130131,20130131,0,4,0
20130201,20130201,0,5,0
20130202,20130202,0,6,1
20130203,20130203,0,7,1
20130204,20130204,0,1,0
20130205,20130205,0,2,0
20130206,20130206,0,3,0
20130207,20130207,0,4,0
20130208,20130208,0,5,0
20130209,20130209,1,6,1
20130210,20130210,1,7,1
20130211,20130211,1,1,0
20130212,20130212,1,2,0
20130213,20130213,1,3,0
20130214,20130214,1,4,0
20130215,20130215,1,5,0
20130216,20130216,0,6,0
20130217,20130217,0,7,0
20130218,20130218,0,1,0
20130219,20130219,0,2,0
20130220,20130220,0,3,0
20130221,20130221,0,4,0
20130222,20130222,0,5,0
20130223,20130223,0,6,1
20130224,20130224,0,7,1
20130225,20130225,0,1,0
20130226,20130226,0,2,0
20130227,20130227,0,3,0
20130228,20130228,0,4,0
20130301,20130301,0,5,0
20130302,20130302,0,6,1
20130303,20130303,0,7,1
20130304,20130304,0,1,0
20130305,20130305,0,2,0
20130306,20130306,0,3,0
20130307,20130307,0,4,0
20130308,20130308,0,5,0
20130309,20130309,0,6,1
20130310,20130310,0,7,1
20130311,20130311,0,1,0
20130312,20130312,0,2,0
20130313,20130313,0,3,0
20130314,20130314,0,4,0
20130315,20130315,0,5,0
20130316,20130316,0,6,1
20130317,20130317,0,7,1
20130318,20130318,0,1,0
20130319,20130319,0,2,0
20130320,20130320,0,3,0
20130321,20130321,0,4,0
20130322,20130322,0,5,0
20130323,20130323,0,6,1
20130324,20130324,0,7,1
20130325,20130325,0,1,0
20130326,20130326,0,2,0
20130327,20130327,0,3,0
20130328,20130328,0,4,0
20130329,20130329,0,5,0
20130330,20130330,0,6,1
20130331,20130331,0,7,1
20130401,20130401,0,1,0
20130402,20130402,0,2,0
20130403,20130403,0,3,0
20130404,20130404,1,4,0
20130405,20130405,1,5,0
20130406,20130406,1,6,1
20130407,20130407,0,7,0
20130408,20130408,0,1,0
20130409,20130409,0,2,0
20130410,20130410,0,3,0
20130411,20130411,0,4,0
20130412,20130412,0,5,0
20130413,20130413,0,6,1
20130414,20130414,0,7,1
20130415,20130415,0,1,0
20130416,20130416,0,2,0
20130417,20130417,0,3,0
20130418,20130418,0,4,0
20130419,20130419,0,5,0
20130420,20130420,0,6,1
20130421,20130421,0,7,1
20130422,20130422,0,1,0
20130423,20130423,0,2,0
20130424,20130424,0,3,0
20130425,20130425,0,4,0
20130426,20130426,0,5,0
20130427,20130427,0,6,0
20130428,20130428,0,7,0
20130429,20130429,1,1,0
20130430,20130430,1,2,0
20130501,20130501,1,3,0
20130502,20130502,0,4,0
20130503,20130503,0,5,0
20130504,20130504,0,6,1
20130505,20130505,0,7,1
20130506,20130506,0,1,0
20130507,20130507,0,2,0
20130508,20130508,0,3,0
20130509,20130509,0,4,0
20130510,20130510,0,5,0
20130511,20130511,0,6,1
20130512,20130512,0,7,1
20130513,20130513,0,1,0
20130514,20130514,0,2,0
20130515,20130515,0,3,0
20130516,20130516,0,4,0
20130517,20130517,0,5,0
20130518,20130518,0,6,1
20130519,20130519,0,7,1
20130520,20130520,0,1,0
20130521,20130521,0,2,0
20130522,20130522,0,3,0
20130523,20130523,0,4,0
20130524,20130524,0,5,0
20130525,20130525,0,6,1
20130526,20130526,0,7,1
20130527,20130527,0,1,0
20130528,20130528,0,2,0
20130529,20130529,0,3,0
20130530,20130530,0,4,0
20130531,20130531,0,5,0
20130601,20130601,0,6,1
20130602,20130602,0,7,1
20130603,20130603,0,1,0
20130604,20130604,0,2,0
20130605,20130605,0,3,0
20130606,20130606,0,4,0
20130607,20130607,0,5,0
20130608,20130608,0,6,0
20130609,20130609,0,7,0
20130610,20130610,1,1,0
20130611,20130611,1,2,0
20130612,20130612,1,3,0
20130613,20130613,0,4,0
20130614,20130614,0,5,0
20130615,20130615,0,6,1
20130616,20130616,0,7,1
20130617,20130617,0,1,0
20130618,20130618,0,2,0
20130619,20130619,0,3,0
20130620,20130620,0,4,0
20130621,20130621,0,5,0
20130622,20130622,0,6,1
20130623,20130623,0,7,1
20130624,20130624,0,1,0
20130625,20130625,0,2,0
20130626,20130626,0,3,0
20130627,20130627,0,4,0
20130628,20130628,0,5,0
20130629,20130629,0,6,1
20130630,20130630,0,7,1
20130701,20130701,0,1,0
20130702,20130702,0,2,0
20130703,20130703,0,3,0
20130704,20130704,0,4,0
20130705,20130705,0,5,0
20130706,20130706,0,6,1
20130707,20130707,0,7,1
20130708,20130708,0,1,0
20130709,20130709,0,2,0
20130710,20130710,0,3,0
20130711,20130711,0,4,0
20130712,20130712,0,5,0
20130713,20130713,0,6,1
20130714,20130714,0,7,1
20130715,20130715,0,1,0
20130716,20130716,0,2,0
20130717,20130717,0,3,0
20130718,20130718,0,4,0
20130719,20130719,0,5,0
20130720,20130720,0,6,1
20130721,20130721,0,7,1
20130722,20130722,0,1,0
20130723,20130723,0,2,0
20130724,20130724,0,3,0
20130725,20130725,0,4,0
20130726,20130726,0,5,0
20130727,20130727,0,6,1
20130728,20130728,0,7,1
20130729,20130729,0,1,0
20130730,20130730,0,2,0
20130731,20130731,0,3,0
20130801,20130801,0,4,0
20130802,20130802,0,5,0
20130803,20130803,0,6,1
20130804,20130804,0,7,1
20130805,20130805,0,1,0
20130806,20130806,0,2,0
20130807,20130807,0,3,0
20130808,20130808,0,4,0
20130809,20130809,0,5,0
20130810,20130810,0,6,1
20130811,20130811,0,7,1
20130812,20130812,0,1,0
20130813,20130813,0,2,0
20130814,20130814,0,3,0
20130815,20130815,0,4,0
20130816,20130816,0,5,0
20130817,20130817,0,6,1
20130818,20130818,0,7,1
20130819,20130819,0,1,0
20130820,20130820,0,2,0
20130821,20130821,0,3,0
20130822,20130822,0,4,0
20130823,20130823,0,5,0
20130824,20130824,0,6,1
20130825,20130825,0,7,1
20130826,20130826,0,1,0
20130827,20130827,0,2,0
20130828,20130828,0,3,0
20130829,20130829,0,4,0
20130830,20130830,0,5,0
20130831,20130831,0,6,1
20130901,20130901,0,7,1
20130902,20130902,0,1,0
20130903,20130903,0,2,0
20130904,20130904,0,3,0
20130905,20130905,0,4,0
20130906,20130906,0,5,0
20130907,20130907,0,6,1
20130908,20130908,0,7,1
20130909,20130909,0,1,0
20130910,20130910,0,2,0
20130911,20130911,0,3,0
20130912,20130912,0,4,0
20130913,20130913,0,5,0
20130914,20130914,0,6,1
20130915,20130915,0,7,1
20130916,20130916,0,1,0
20130917,20130917,0,2,0
20130918,20130918,0,3,0
20130919,20130919,1,4,0
20130920,20130920,1,5,0
20130921,20130921,1,6,1
20130922,20130922,0,7,0
20130923,20130923,0,1,0
20130924,20130924,0,2,0
20130925,20130925,0,3,0
20130926,20130926,0,4,0
20130927,20130927,0,5,0
20130928,20130928,0,6,1
20130929,20130929,0,7,0
20130930,20130930,0,1,0
20131001,20131001,1,2,0
20131002,20131002,1,3,0
20131003,20131003,1,4,0
20131004,20131004,1,5,0
20131005,20131005,1,6,1
20131006,20131006,1,7,1
20131007,20131007,1,1,0
20131008,20131008,0,2,0
20131009,20131009,0,3,0
20131010,20131010,0,4,0
20131011,20131011,0,5,0
20131012,20131012,0,6,0
20131013,20131013,0,7,1
20131014,20131014,0,1,0
20131015,20131015,0,2,0
20131016,20131016,0,3,0
20131017,20131017,0,4,0
20131018,20131018,0,5,0
20131019,20131019,0,6,1
20131020,20131020,0,7,1
20131021,20131021,0,1,0
20131022,20131022,0,2,0
20131023,20131023,0,3,0
20131024,20131024,0,4,0
20131025,20131025,0,5,0
20131026,20131026,0,6,1
20131027,20131027,0,7,1
20131028,20131028,0,1,0
20131029,20131029,0,2,0
20131030,20131030,0,3,0
20131031,20131031,0,4,0
20131101,20131101,0,5,0
20131102,20131102,0,6,1
20131103,20131103,0,7,1
20131104,20131104,0,1,0
20131105,20131105,0,2,0
20131106,20131106,0,3,0
20131107,20131107,0,4,0
20131108,20131108,0,5,0
20131109,20131109,0,6,1
20131110,20131110,0,7,1
20131111,20131111,0,1,0
20131112,20131112,0,2,0
20131113,20131113,0,3,0
20131114,20131114,0,4,0
20131115,20131115,0,5,0
20131116,20131116,0,6,1
20131117,20131117,0,7,1
20131118,20131118,0,1,0
20131119,20131119,0,2,0
20131120,20131120,0,3,0
20131121,20131121,0,4,0
20131122,20131122,0,5,0
20131123,20131123,0,6,1
20131124,20131124,0,7,1
20131125,20131125,0,1,0
20131126,20131126,0,2,0
20131127,20131127,0,3,0
20131128,20131128,0,4,0
20131129,20131129,0,5,0
20131130,20131130,0,6,1
20131201,20131201,0,7,1
20131202,20131202,0,1,0
20131203,20131203,0,2,0
20131204,20131204,0,3,0
20131205,20131205,0,4,0
20131206,20131206,0,5,0
20131207,20131207,0,6,1
20131208,20131208,0,7,1
20131209,20131209,0,1,0
20131210,20131210,0,2,0
20131211,20131211,0,3,0
20131212,20131212,0,4,0
20131213,20131213,0,5,0
20131214,20131214,0,6,1
20131215,20131215,0,7,1
20131216,20131216,0,1,0
20131217,20131217,0,2,0
20131218,20131218,0,3,0
20131219,20131219,0,4,0
20131220,20131220,0,5,0
20131221,20131221,0,6,1
20131222,20131222,0,7,1
20131223,20131223,0,1,0
20131224,20131224,0,2,0
20131225,20131225,0,3,0
20131226,20131226,0,4,0
20131227,20131227,0,5,0
20131228,20131228,0,6,1
20131229,20131229,0,7,1
20131230,20131230,0,1,0
20131231,20131231,0,2,0
20140101,20140101,1,3,0
20140102,20140102,0,4,0
20140103,20140103,0,5,0
20140104,20140104,0,6,1
20140105,20140105,0,7,1
20140106,20140106,0,1,0
20140107,20140107,0,2,0
20140108,20140108,0,3,0
20140109,20140109,0,4,0
20140110,20140110,0,5,0
20140111,20140111,0,6,1
20140112,20140112,0,7,1
20140113,20140113,0,1,0
20140114,20140114,0,2,0
20140115,20140115,0,3,0
20140116,20140116,0,4,0
20140117,20140117,0,5,0
20140118,20140118,0,6,1
20140119,20140119,0,7,1
20140120,20140120,0,1,0
20140121,20140121,0,2,0
20140122,20140122,0,3,0
20140123,20140123,0,4,0
20140124,20140124,0,5,0
20140125,20140125,0,6,1
20140126,20140126,0,7,0
20140127,20140127,0,1,0
20140128,20140128,0,2,0
20140129,20140129,0,3,0
20140130,20140130,0,4,0
20140131,20140131,1,5,0
20140201,20140201,1,6,1
20140202,20140202,1,7,1
20140203,20140203,1,1,0
20140204,20140204,1,2,0
20140205,20140205,1,3,0
20140206,20140206,1,4,0
20140207,20140207,0,5,0
20140208,20140208,0,6,0
20140209,20140209,0,7,1
20140210,20140210,0,1,0
20140211,20140211,0,2,0
20140212,20140212,0,3,0
20140213,20140213,0,4,0
20140214,20140214,0,5,0
20140215,20140215,0,6,1
20140216,20140216,0,7,1
20140217,20140217,0,1,0
20140218,20140218,0,2,0
20140219,20140219,0,3,0
20140220,20140220,0,4,0
20140221,20140221,0,5,0
20140222,20140222,0,6,1
20140223,20140223,0,7,1
20140224,20140224,0,1,0
20140225,20140225,0,2,0
20140226,20140226,0,3,0
20140227,20140227,0,4,0
20140228,20140228,0,5,0
20140301,20140301,0,6,1
20140302,20140302,0,7,1
20140303,20140303,0,1,0
20140304,20140304,0,2,0
20140305,20140305,0,3,0
20140306,20140306,0,4,0
20140307,20140307,0,5,0
20140308,20140308,0,6,1
20140309,20140309,0,7,1
20140310,20140310,0,1,0
20140311,20140311,0,2,0
20140312,20140312,0,3,0
20140313,20140313,0,4,0
20140314,20140314,0,5,0
20140315,20140315,0,6,1
20140316,20140316,0,7,1
20140317,20140317,0,1,0
20140318,20140318,0,2,0
20140319,20140319,0,3,0
20140320,20140320,0,4,0
20140321,20140321,0,5,0
20140322,20140322,0,6,1
20140323,20140323,0,7,1
20140324,20140324,0,1,0
20140325,20140325,0,2,0
20140326,20140326,0,3,0
20140327,20140327,0,4,0
20140328,20140328,0,5,0
20140329,20140329,0,6,1
20140330,20140330,0,7,1
20140331,20140331,0,1,0
20140401,20140401,0,2,0
20140402,20140402,0,3,0
20140403,20140403,0,4,0
20140404,20140404,0,5,0
20140405,20140405,1,6,1
20140406,20140406,1,7,1
20140407,20140407,1,1,0
20140408,20140408,0,2,0
20140409,20140409,0,3,0
20140410,20140410,0,4,0
20140411,20140411,0,5,0
20140412,20140412,0,6,1
20140413,20140413,0,7,1
20140414,20140414,0,1,0
20140415,20140415,0,2,0
20140416,20140416,0,3,0
20140417,20140417,0,4,0
20140418,20140418,0,5,0
20140419,20140419,0,6,1
20140420,20140420,0,7,1
20140421,20140421,0,1,0
20140422,20140422,0,2,0
20140423,20140423,0,3,0
20140424,20140424,0,4,0
20140425,20140425,0,5,0
20140426,20140426,0,6,1
20140427,20140427,0,7,1
20140428,20140428,0,1,0
20140429,20140429,0,2,0
20140430,20140430,0,3,0
20140501,20140501,1,4,0
20140502,20140502,1,5,0
20140503,20140503,1,6,1
20140504,20140504,0,7,0
20140505,20140505,0,1,0
20140506,20140506,0,2,0
20140507,20140507,0,3,0
20140508,20140508,0,4,0
20140509,20140509,0,5,0
20140510,20140510,0,6,1
20140511,20140511,0,7,1
20140512,20140512,0,1,0
20140513,20140513,0,2,0
20140514,20140514,0,3,0
20140515,20140515,0,4,0
20140516,20140516,0,5,0
20140517,20140517,0,6,1
20140518,20140518,0,7,1
20140519,20140519,0,1,0
20140520,20140520,0,2,0
20140521,20140521,0,3,0
20140522,20140522,0,4,0
20140523,20140523,0,5,0
20140524,20140524,0,6,1
20140525,20140525,0,7,1
20140526,20140526,0,1,0
20140527,20140527,0,2,0
20140528,20140528,0,3,0
20140529,20140529,0,4,0
20140530,20140530,0,5,0
20140531,20140531,1,6,1
20140601,20140601,1,7,1
20140602,20140602,1,1,0
20140603,20140603,0,2,0
20140604,20140604,0,3,0
20140605,20140605,0,4,0
20140606,20140606,0,5,0
20140607,20140607,0,6,1
20140608,20140608,0,7,1
20140609,20140609,0,1,0
20140610,20140610,0,2,0
20140611,20140611,0,3,0
20140612,20140612,0,4,0
20140613,20140613,0,5,0
20140614,20140614,0,6,1
20140615,20140615,0,7,1
20140616,20140616,0,1,0
20140617,20140617,0,2,0
20140618,20140618,0,3,0
20140619,20140619,0,4,0
20140620,20140620,0,5,0
20140621,20140621,0,6,1
20140622,20140622,0,7,1
20140623,20140623,0,1,0
20140624,20140624,0,2,0
20140625,20140625,0,3,0
20140626,20140626,0,4,0
20140627,20140627,0,5,0
20140628,20140628,0,6,1
20140629,20140629,0,7,1
20140630,20140630,0,1,0
20140701,20140701,0,2,0
20140702,20140702,0,3,0
20140703,20140703,0,4,0
20140704,20140704,0,5,0
20140705,20140705,0,6,1
20140706,20140706,0,7,1
20140707,20140707,0,1,0
20140708,20140708,0,2,0
20140709,20140709,0,3,0
20140710,20140710,0,4,0
20140711,20140711,0,5,0
20140712,20140712,0,6,1
20140713,20140713,0,7,1
20140714,20140714,0,1,0
20140715,20140715,0,2,0
20140716,20140716,0,3,0
20140717,20140717,0,4,0
20140718,20140718,0,5,0
20140719,20140719,0,6,1
20140720,20140720,0,7,1
20140721,20140721,0,1,0
20140722,20140722,0,2,0
20140723,20140723,0,3,0
20140724,20140724,0,4,0
20140725,20140725,0,5,0
20140726,20140726,0,6,1
20140727,20140727,0,7,1
20140728,20140728,0,1,0
20140729,20140729,0,2,0
20140730,20140730,0,3,0
20140731,20140731,0,4,0
20140801,20140801,0,5,0
20140802,20140802,0,6,1
20140803,20140803,0,7,1
20140804,20140804,0,1,0
20140805,20140805,0,2,0
20140806,20140806,0,3,0
20140807,20140807,0,4,0
20140808,20140808,0,5,0
20140809,20140809,0,6,1
20140810,20140810,0,7,1
20140811,20140811,0,1,0
20140812,20140812,0,2,0
20140813,20140813,0,3,0
20140814,20140814,0,4,0
20140815,20140815,0,5,0
20140816,20140816,0,6,1
20140817,20140817,0,7,1
20140818,20140818,0,1,0
20140819,20140819,0,2,0
20140820,20140820,0,3,0
20140821,20140821,0,4,0
20140822,20140822,0,5,0
20140823,20140823,0,6,1
20140824,20140824,0,7,1
20140825,20140825,0,1,0
20140826,20140826,0,2,0
20140827,20140827,0,3,0
20140828,20140828,0,4,0
20140829,20140829,0,5,0
20140830,20140830,0,6,1
20140831,20140831,0,7,1
20140901,20140901,0,1,0
20140902,20140902,0,2,0
20140903,20140903,0,3,0
20140904,20140904,0,4,0
20140905,20140905,0,5,0
20140906,20140906,1,6,1
20140907,20140907,1,7,1
20140908,20140908,1,1,0
20140909,20140909,0,2,0
20140910,20140910,0,3,0
20140911,20140911,0,4,0
20140912,20140912,0,5,0
20140913,20140913,0,6,1
20140914,20140914,0,7,1
20140915,20140915,0,1,0
20140916,20140916,0,2,0
20140917,20140917,0,3,0
20140918,20140918,0,4,0
20140919,20140919,0,5,0
20140920,20140920,0,6,1
20140921,20140921,0,7,1
20140922,20140922,0,1,0
20140923,20140923,0,2,0
20140924,20140924,0,3,0
20140925,20140925,0,4,0
20140926,20140926,0,5,0
20140927,20140927,0,6,1
20140928,20140928,0,7,0
20140929,20140929,0,1,0
20140930,20140930,0,2,0
20141001,20141001,1,3,0
20141002,20141002,1,4,0
20141003,20141003,1,5,0
20141004,20141004,1,6,1
20141005,20141005,1,7,1
20141006,20141006,1,1,0
20141007,20141007,1,2,0
20141008,20141008,0,3,0
20141009,20141009,0,4,0
20141010,20141010,0,5,0
20141011,20141011,0,6,0
20141012,20141012,0,7,1
20141013,20141013,0,1,0
20141014,20141014,0,2,0
20141015,20141015,0,3,0
20141016,20141016,0,4,0
20141017,20141017,0,5,0
20141018,20141018,0,6,1
20141019,20141019,0,7,1
20141020,20141020,0,1,0
20141021,20141021,0,2,0
20141022,20141022,0,3,0
20141023,20141023,0,4,0
20141024,20141024,0,5,0
20141025,20141025,0,6,1
20141026,20141026,0,7,1
20141027,20141027,0,1,0
20141028,20141028,0,2,0
20141029,20141029,0,3,0
20141030,20141030,0,4,0
20141031,20141031,0,5,0
20141101,20141101,0,6,1
20141102,20141102,0,7,1
20141103,20141103,0,1,0
20141104,20141104,0,2,0
20141105,20141105,0,3,0
20141106,20141106,0,4,0
20141107,20141107,0,5,0
20141108,20141108,0,6,1
20141109,20141109,0,7,1
20141110,20141110,0,1,0
20141111,20141111,0,2,0
20141112,20141112,0,3,0
20141113,20141113,0,4,0
20141114,20141114,0,5,0
20141115,20141115,0,6,1
20141116,20141116,0,7,1
20141117,20141117,0,1,0
20141118,20141118,0,2,0
20141119,20141119,0,3,0
20141120,20141120,0,4,0
20141121,20141121,0,5,0
20141122,20141122,0,6,1
20141123,20141123,0,7,1
20141124,20141124,0,1,0
20141125,20141125,0,2,0
20141126,20141126,0,3,0
20141127,20141127,0,4,0
20141128,20141128,0,5,0
20141129,20141129,0,6,1
20141130,20141130,0,7,1
20141201,20141201,0,1,0
20141202,20141202,0,2,0
20141203,20141203,0,3,0
20141204,20141204,0,4,0
20141205,20141205,0,5,0
20141206,20141206,0,6,1
20141207,20141207,0,7,1
20141208,20141208,0,1,0
20141209,20141209,0,2,0
20141210,20141210,0,3,0
20141211,20141211,0,4,0
20141212,20141212,0,5,0
20141213,20141213,0,6,1
20141214,20141214,0,7,1
20141215,20141215,0,1,0
20141216,20141216,0,2,0
20141217,20141217,0,3,0
20141218,20141218,0,4,0
20141219,20141219,0,5,0
20141220,20141220,0,6,1
20141221,20141221,0,7,1
20141222,20141222,0,1,0
20141223,20141223,0,2,0
20141224,20141224,0,3,0
20141225,20141225,0,4,0
20141226,20141226,0,5,0
20141227,20141227,0,6,1
20141228,20141228,0,7,1
20141229,20141229,0,1,0
20141230,20141230,0,2,0
20141231,20141231,0,3,0
20150101,20150101,1,4,0
20150102,20150102,1,5,0
20150103,20150103,1,6,1
20150104,20150104,0,7,0
20150105,20150105,0,1,0
20150106,20150106,0,2,0
20150107,20150107,0,3,0
20150108,20150108,0,4,0
20150109,20150109,0,5,0
20150110,20150110,0,6,1
20150111,20150111,0,7,1
20150112,20150112,0,1,0
20150113,20150113,0,2,0
20150114,20150114,0,3,0
20150115,20150115,0,4,0
20150116,20150116,0,5,0
20150117,20150117,0,6,1
20150118,20150118,0,7,1
20150119,20150119,0,1,0
20150120,20150120,0,2,0
20150121,20150121,0,3,0
20150122,20150122,0,4,0
20150123,20150123,0,5,0
20150124,20150124,0,6,1
20150125,20150125,0,7,1
20150126,20150126,0,1,0
20150127,20150127,0,2,0
20150128,20150128,0,3,0
20150129,20150129,0,4,0
20150130,20150130,0,5,0
20150131,20150131,0,6,1
20150201,20150201,0,7,1
20150202,20150202,0,1,0
20150203,20150203,0,2,0
20150204,20150204,0,3,0
20150205,20150205,0,4,0
20150206,20150206,0,5,0
20150207,20150207,0,6,1
20150208,20150208,0,7,1
20150209,20150209,0,1,0
20150210,20150210,0,2,0
20150211,20150211,0,3,0
20150212,20150212,0,4,0
20150213,20150213,0,5,0
20150214,20150214,0,6,1
20150215,20150215,0,7,0
20150216,20150216,0,1,0
20150217,20150217,0,2,0
20150218,20150218,1,3,0
20150219,20150219,1,4,0
20150220,20150220,1,5,0
20150221,20150221,1,6,1
20150222,20150222,1,7,1
20150223,20150223,1,1,0
20150224,20150224,1,2,0
20150225,20150225,1,3,0
20150226,20150226,0,4,0
20150227,20150227,0,5,0
20150228,20150228,0,6,0
20150301,20150301,0,7,1
20150302,20150302,0,1,0
20150303,20150303,0,2,0
20150304,20150304,0,3,0
20150305,20150305,0,4,0
20150306,20150306,0,5,0
20150307,20150307,0,6,1
20150308,20150308,0,7,1
20150309,20150309,0,1,0
20150310,20150310,0,2,0
20150311,20150311,0,3,0
20150312,20150312,0,4,0
20150313,20150313,0,5,0
20150314,20150314,0,6,1
20150315,20150315,0,7,1
20150316,20150316,0,1,0
20150317,20150317,0,2,0
20150318,20150318,0,3,0
20150319,20150319,0,4,0
20150320,20150320,0,5,0
20150321,20150321,0,6,1
20150322,20150322,0,7,1
20150323,20150323,0,1,0
20150324,20150324,0,2,0
20150325,20150325,0,3,0
20150326,20150326,0,4,0
20150327,20150327,0,5,0
20150328,20150328,0,6,1
20150329,20150329,0,7,1
20150330,20150330,0,1,0
20150331,20150331,0,2,0
20150401,20150401,0,3,0
20150402,20150402,0,4,0
20150403,20150403,0,5,0
20150404,20150404,1,6,1
20150405,20150405,1,7,1
20150406,20150406,1,1,0
20150407,20150407,0,2,0
20150408,20150408,0,3,0
20150409,20150409,0,4,0
20150410,20150410,0,5,0
20150411,20150411,0,6,1
20150412,20150412,0,7,1
20150413,20150413,0,1,0
20150414,20150414,0,2,0
20150415,20150415,0,3,0
20150416,20150416,0,4,0
20150417,20150417,0,5,0
20150418,20150418,0,6,1
20150419,20150419,0,7,1
20150420,20150420,0,1,0
20150421,20150421,0,2,0
20150422,20150422,0,3,0
20150423,20150423,0,4,0
20150424,20150424,0,5,0
20150425,20150425,0,6,1
20150426,20150426,0,7,1
20150427,20150427,0,1,0
20150428,20150428,0,2,0
20150429,20150429,0,3,0
20150430,20150430,0,4,0
20150501,20150501,1,5,0
20150502,20150502,1,6,1
20150503,20150503,1,7,1
20150504,20150504,0,1,0
20150505,20150505,0,2,0
20150506,20150506,0,3,0
20150507,20150507,0,4,0
20150508,20150508,0,5,0
20150509,20150509,0,6,1
20150510,20150510,0,7,1
20150511,20150511,0,1,0
20150512,20150512,0,2,0
20150513,20150513,0,3,0
20150514,20150514,0,4,0
20150515,20150515,0,5,0
20150516,20150516,0,6,1
20150517,20150517,0,7,1
20150518,20150518,0,1,0
20150519,20150519,0,2,0
20150520,20150520,0,3,0
20150521,20150521,0,4,0
20150522,20150522,0,5,0
20150523,20150523,0,6,1
20150524,20150524,0,7,1
20150525,20150525,0,1,0
20150526,20150526,0,2,0
20150527,20150527,0,3,0
20150528,20150528,0,4,0
20150529,20150529,0,5,0
20150530,20150530,0,6,1
20150531,20150531,0,7,1
20150601,20150601,0,1,0
20150602,20150602,0,2,0
20150603,20150603,0,3,0
20150604,20150604,0,4,0
20150605,20150605,0,5,0
20150606,20150606,0,6,1
20150607,20150607,0,7,1
20150608,20150608,0,1,0
20150609,20150609,0,2,0
20150610,20150610,0,3,0
20150611,20150611,0,4,0
20150612,20150612,0,5,0
20150613,20150613,0,6,1
20150614,20150614,0,7,1
20150615,20150615,0,1,0
20150616,20150616,0,2,0
20150617,20150617,0,3,0
20150618,20150618,0,4,0
20150619,20150619,0,5,0
20150620,20150620,1,6,1
20150621,20150621,1,7,1
20150622,20150622,1,1,0
20150623,20150623,0,2,0
20150624,20150624,0,3,0
20150625,20150625,0,4,0
20150626,20150626,0,5,0
20150627,20150627,0,6,1
20150628,20150628,0,7,1
20150629,20150629,0,1,0
20150630,20150630,0,2,0
20150701,20150701,0,3,0
20150702,20150702,0,4,0
20150703,20150703,0,5,0
20150704,20150704,0,6,1
20150705,20150705,0,7,1
20150706,20150706,0,1,0
20150707,20150707,0,2,0
20150708,20150708,0,3,0
20150709,20150709,0,4,0
20150710,20150710,0,5,0
20150711,20150711,0,6,1
20150712,20150712,0,7,1
20150713,20150713,0,1,0
20150714,20150714,0,2,0
20150715,20150715,0,3,0
20150716,20150716,0,4,0
20150717,20150717,0,5,0
20150718,20150718,0,6,1
20150719,20150719,0,7,1
20150720,20150720,0,1,0
20150721,20150721,0,2,0
20150722,20150722,0,3,0
20150723,20150723,0,4,0
20150724,20150724,0,5,0
20150725,20150725,0,6,1
20150726,20150726,0,7,1
20150727,20150727,0,1,0
20150728,20150728,0,2,0
20150729,20150729,0,3,0
20150730,20150730,0,4,0
20150731,20150731,0,5,0
20150801,20150801,0,6,1
20150802,20150802,0,7,1
20150803,20150803,0,1,0
20150804,20150804,0,2,0
20150805,20150805,0,3,0
20150806,20150806,0,4,0
20150807,20150807,0,5,0
20150808,20150808,0,6,1
20150809,20150809,0,7,1
20150810,20150810,0,1,0
20150811,20150811,0,2,0
20150812,20150812,0,3,0
20150813,20150813,0,4,0
20150814,20150814,0,5,0
20150815,20150815,0,6,1
20150816,20150816,0,7,1
20150817,20150817,0,1,0
20150818,20150818,0,2,0
20150819,20150819,0,3,0
20150820,20150820,0,4,0
20150821,20150821,0,5,0
20150822,20150822,0,6,1
20150823,20150823,0,7,1
20150824,20150824,0,1,0
20150825,20150825,0,2,0
20150826,20150826,0,3,0
20150827,20150827,0,4,0
20150828,20150828,0,5,0
20150829,20150829,0,6,1
20150830,20150830,0,7,1
20150831,20150831,0,1,0
20150901,20150901,0,2,0
20150902,20150902,0,3,0
20150903,20150903,1,4,0
20150904,20150904,1,5,0
20150905,20150905,1,6,1
20150906,20150906,0,7,0
20150907,20150907,0,1,0
20150908,20150908,0,2,0
20150909,20150909,0,3,0
20150910,20150910,0,4,0
20150911,20150911,0,5,0
20150912,20150912,0,6,1
20150913,20150913,0,7,1
20150914,20150914,0,1,0
20150915,20150915,0,2,0
20150916,20150916,0,3,0
20150917,20150917,0,4,0
20150918,20150918,0,5,0
20150919,20150919,0,6,1
20150920,20150920,0,7,1
20150921,20150921,0,1,0
20150922,20150922,0,2,0
20150923,20150923,0,3,0
20150924,20150924,0,4,0
20150925,20150925,0,5,0
20150926,20150926,0,6,1
20150927,20150927,1,7,1
20150928,20150928,0,1,0
20150929,20150929,0,2,0
20150930,20150930,0,3,0
20151001,20151001,1,4,0
20151002,20151002,1,5,0
20151003,20151003,1,6,1
20151004,20151004,1,7,1
20151005,20151005,1,1,0
20151006,20151006,1,2,0
20151007,20151007,1,3,0
20151008,20151008,0,4,0
20151009,20151009,0,5,0
20151010,20151010,0,6,0
20151011,20151011,0,7,1
20151012,20151012,0,1,0
20151013,20151013,0,2,0
20151014,20151014,0,3,0
20151015,20151015,0,4,0
20151016,20151016,0,5,0
20151017,20151017,0,6,1
20151018,20151018,0,7,1
20151019,20151019,0,1,0
20151020,20151020,0,2,0
20151021,20151021,0,3,0
20151022,20151022,0,4,0
20151023,20151023,0,5,0
20151024,20151024,0,6,1
20151025,20151025,0,7,1
20151026,20151026,0,1,0
20151027,20151027,0,2,0
20151028,20151028,0,3,0
20151029,20151029,0,4,0
20151030,20151030,0,5,0
20151031,20151031,0,6,1
20151101,20151101,0,7,1
20151102,20151102,0,1,0
20151103,20151103,0,2,0
20151104,20151104,0,3,0
20151105,20151105,0,4,0
20151106,20151106,0,5,0
20151107,20151107,0,6,1
20151108,20151108,0,7,1
20151109,20151109,0,1,0
20151110,20151110,0,2,0
20151111,20151111,0,3,0
20151112,20151112,0,4,0
20151113,20151113,0,5,0
20151114,20151114,0,6,1
20151115,20151115,0,7,1
20151116,20151116,0,1,0
20151117,20151117,0,2,0
20151118,20151118,0,3,0
20151119,20151119,0,4,0
20151120,20151120,0,5,0
20151121,20151121,0,6,1
20151122,20151122,0,7,1
20151123,20151123,0,1,0
20151124,20151124,0,2,0
20151125,20151125,0,3,0
20151126,20151126,0,4,0
20151127,20151127,0,5,0
20151128,20151128,0,6,1
20151129,20151129,0,7,1
20151130,20151130,0,1,0
20151201,20151201,0,2,0
20151202,20151202,0,3,0
20151203,20151203,0,4,0
20151204,20151204,0,5,0
20151205,20151205,0,6,1
20151206,20151206,0,7,1
20151207,20151207,0,1,0
20151208,20151208,0,2,0
20151209,20151209,0,3,0
20151210,20151210,0,4,0
20151211,20151211,0,5,0
20151212,20151212,0,6,1
20151213,20151213,0,7,1
20151214,20151214,0,1,0
20151215,20151215,0,2,0
20151216,20151216,0,3,0
20151217,20151217,0,4,0
20151218,20151218,0,5,0
20151219,20151219,0,6,1
20151220,20151220,0,7,1
20151221,20151221,0,1,0
20151222,20151222,0,2,0
20151223,20151223,0,3,0
20151224,20151224,0,4,0
20151225,20151225,0,5,0
20151226,20151226,0,6,1
20151227,20151227,0,7,1
20151228,20151228,0,1,0
20151229,20151229,0,2,0
20151230,20151230,0,3,0
20151231,20151231,0,4,0
20160101,20160101,1,5,0
20160102,20160102,1,6,1
20160103,20160103,1,7,1
20160104,20160104,0,1,0
20160105,20160105,0,2,0
20160106,20160106,0,3,0
20160107,20160107,0,4,0
20160108,20160108,0,5,0
20160109,20160109,0,6,1
20160110,20160110,0,7,1
20160111,20160111,0,1,0
20160112,20160112,0,2,0
20160113,20160113,0,3,0
20160114,20160114,0,4,0
20160115,20160115,0,5,0
20160116,20160116,0,6,1
20160117,20160117,0,7,1
20160118,20160118,0,1,0
20160119,20160119,0,2,0
20160120,20160120,0,3,0
20160121,20160121,0,4,0
20160122,20160122,0,5,0
20160123,20160123,0,6,1
20160124,20160124,0,7,1
20160125,20160125,0,1,0
20160126,20160126,0,2,0
20160127,20160127,0,3,0
20160128,20160128,0,4,0
20160129,20160129,0,5,0
20160130,20160130,0,6,1
20160131,20160131,0,7,1
20160201,20160201,0,1,0
20160202,20160202,0,2,0
20160203,20160203,0,3,0
20160204,20160204,0,4,0
20160205,20160205,0,5,0
20160206,20160206,0,6,0
20160207,20160207,1,7,1
20160208,20160208,1,1,0
20160209,20160209,1,2,0
20160210,20160210,1,3,0
20160211,20160211,1,4,0
20160212,20160212,1,5,0
20160213,20160213,1,6,1
20160214,20160214,0,7,0
20160215,20160215,0,1,0
20160216,20160216,0,2,0
20160217,20160217,0,3,0
20160218,20160218,0,4,0
20160219,20160219,0,5,0
20160220,20160220,0,6,1
20160221,20160221,0,7,1
20160222,20160222,0,1,0
20160223,20160223,0,2,0
20160224,20160224,0,3,0
20160225,20160225,0,4,0
20160226,20160226,0,5,0
20160227,20160227,0,6,1
20160228,20160228,0,7,1
20160229,20160229,0,1,0
20160301,20160301,0,2,0
20160302,20160302,0,3,0
20160303,20160303,0,4,0
20160304,20160304,0,5,0
20160305,20160305,0,6,1
20160306,20160306,0,7,1
20160307,20160307,0,1,0
20160308,20160308,0,2,0
20160309,20160309,0,3,0
20160310,20160310,0,4,0
20160311,20160311,0,5,0
20160312,20160312,0,6,1
20160313,20160313,0,7,1
20160314,20160314,0,1,0
20160315,20160315,0,2,0
20160316,20160316,0,3,0
20160317,20160317,0,4,0
20160318,20160318,0,5,0
20160319,20160319,0,6,1
20160320,20160320,0,7,1
20160321,20160321,0,1,0
20160322,20160322,0,2,0
20160323,20160323,0,3,0
20160324,20160324,0,4,0
20160325,20160325,0,5,0
20160326,20160326,0,6,1
20160327,20160327,0,7,1
20160328,20160328,0,1,0
20160329,20160329,0,2,0
20160330,20160330,0,3,0
20160331,20160331,0,4,0
20160401,20160401,0,5,0
20160402,20160402,1,6,1
20160403,20160403,1,7,1
20160404,20160404,1,1,0
20160405,20160405,0,2,0
20160406,20160406,0,3,0
20160407,20160407,0,4,0
20160408,20160408,0,5,0
20160409,20160409,0,6,1
20160410,20160410,0,7,1
20160411,20160411,0,1,0
20160412,20160412,0,2,0
20160413,20160413,0,3,0
20160414,20160414,0,4,0
20160415,20160415,0,5,0
20160416,20160416,0,6,1
20160417,20160417,0,7,1
20160418,20160418,0,1,0
20160419,20160419,0,2,0
20160420,20160420,0,3,0
20160421,20160421,0,4,0
20160422,20160422,0,5,0
20160423,20160423,0,6,1
20160424,20160424,0,7,1
20160425,20160425,0,1,0
20160426,20160426,0,2,0
20160427,20160427,0,3,0
20160428,20160428,0,4,0
20160429,20160429,0,5,0
20160430,20160430,1,6,1
20160501,20160501,1,7,1
20160502,20160502,1,1,0
20160503,20160503,0,2,0
20160504,20160504,0,3,0
20160505,20160505,0,4,0
20160506,20160506,0,5,0
20160507,20160507,0,6,1
20160508,20160508,0,7,1
20160509,20160509,0,1,0
20160510,20160510,0,2,0
20160511,20160511,0,3,0
20160512,20160512,0,4,0
20160513,20160513,0,5,0
20160514,20160514,0,6,1
20160515,20160515,0,7,1
20160516,20160516,0,1,0
20160517,20160517,0,2,0
20160518,20160518,0,3,0
20160519,20160519,0,4,0
20160520,20160520,0,5,0
20160521,20160521,0,6,1
20160522,20160522,0,7,1
20160523,20160523,0,1,0
20160524,20160524,0,2,0
20160525,20160525,0,3,0
20160526,20160526,0,4,0
20160527,20160527,0,5,0
20160528,20160528,0,6,1
20160529,20160529,0,7,1
20160530,20160530,0,1,0
20160531,20160531,0,2,0
20160601,20160601,0,3,0
20160602,20160602,0,4,0
20160603,20160603,0,5,0
20160604,20160604,0,6,1
20160605,20160605,0,7,1
20160606,20160606,0,1,0
20160607,20160607,0,2,0
20160608,20160608,0,3,0
20160609,20160609,1,4,0
20160610,20160610,1,5,0
20160611,20160611,1,6,1
20160612,20160612,0,7,0
20160613,20160613,0,1,0
20160614,20160614,0,2,0
20160615,20160615,0,3,0
20160616,20160616,0,4,0
20160617,20160617,0,5,0
20160618,20160618,0,6,1
20160619,20160619,0,7,1
20160620,20160620,0,1,0
20160621,20160621,0,2,0
20160622,20160622,0,3,0
20160623,20160623,0,4,0
20160624,20160624,0,5,0
20160625,20160625,0,6,1
20160626,20160626,0,7,1
20160627,20160627,0,1,0
20160628,20160628,0,2,0
20160629,20160629,0,3,0
20160630,20160630,0,4,0
20160701,20160701,0,5,0
20160702,20160702,0,6,1
20160703,20160703,0,7,1
20160704,20160704,0,1,0
20160705,20160705,0,2,0
20160706,20160706,0,3,0
20160707,20160707,0,4,0
20160708,20160708,0,5,0
20160709,20160709,0,6,1
20160710,20160710,0,7,1
20160711,20160711,0,1,0
20160712,20160712,0,2,0
20160713,20160713,0,3,0
20160714,20160714,0,4,0
20160715,20160715,0,5,0
20160716,20160716,0,6,1
20160717,20160717,0,7,1
20160718,20160718,0,1,0
20160719,20160719,0,2,0
20160720,20160720,0,3,0
20160721,20160721,0,4,0
20160722,20160722,0,5,0
20160723,20160723,0,6,1
20160724,20160724,0,7,1
20160725,20160725,0,1,0
20160726,20160726,0,2,0
20160727,20160727,0,3,0
20160728,20160728,0,4,0
20160729,20160729,0,5,0
20160730,20160730,0,6,1
20160731,20160731,0,7,1
20160801,20160801,0,1,0
20160802,20160802,0,2,0
20160803,20160803,0,3,0
20160804,20160804,0,4,0
20160805,20160805,0,5,0
20160806,20160806,0,6,1
20160807,20160807,0,7,1
20160808,20160808,0,1,0
20160809,20160809,0,2,0
20160810,20160810,0,3,0
20160811,20160811,0,4,0
20160812,20160812,0,5,0
20160813,20160813,0,6,1
20160814,20160814,0,7,1
20160815,20160815,0,1,0
20160816,20160816,0,2,0
20160817,20160817,0,3,0
20160818,20160818,0,4,0
20160819,20160819,0,5,0
20160820,20160820,0,6,1
20160821,20160821,0,7,1
20160822,20160822,0,1,0
20160823,20160823,0,2,0
20160824,20160824,0,3,0
20160825,20160825,0,4,0
20160826,20160826,0,5,0
20160827,20160827,0,6,1
20160828,20160828,0,7,1
20160829,20160829,0,1,0
20160830,20160830,0,2,0
20160831,20160831,0,3,0
20160901,20160901,0,4,0
20160902,20160902,0,5,0
20160903,20160903,0,6,1
20160904,20160904,0,7,1
20160905,20160905,0,1,0
20160906,20160906,0,2,0
20160907,20160907,0,3,0
20160908,20160908,0,4,0
20160909,20160909,0,5,0
20160910,20160910,0,6,1
20160911,20160911,0,7,1
20160912,20160912,0,1,0
20160913,20160913,0,2,0
20160914,20160914,0,3,0
20160915,20160915,1,4,0
20160916,20160916,1,5,0
20160917,20160917,1,6,1
20160918,20160918,0,7,0
20160919,20160919,0,1,0
20160920,20160920,0,2,0
20160921,20160921,0,3,0
20160922,20160922,0,4,0
20160923,20160923,0,5,0
20160924,20160924,0,6,1
20160925,20160925,0,7,1
20160926,20160926,0,1,0
20160927,20160927,0,2,0
20160928,20160928,0,3,0
20160929,20160929,0,4,0
20160930,20160930,0,5,0
20161001,20161001,1,6,1
20161002,20161002,1,7,1
20161003,20161003,1,1,0
20161004,20161004,1,2,0
20161005,20161005,1,3,0
20161006,20161006,1,4,0
20161007,20161007,1,5,0
20161008,20161008,0,6,0
20161009,20161009,0,7,0
20161010,20161010,0,1,0
20161011,20161011,0,2,0
20161012,20161012,0,3,0
20161013,20161013,0,4,0
20161014,20161014,0,5,0
20161015,20161015,0,6,1
20161016,20161016,0,7,1
20161017,20161017,0,1,0
20161018,20161018,0,2,0
20161019,20161019,0,3,0
20161020,20161020,0,4,0
20161021,20161021,0,5,0
20161022,20161022,0,6,1
20161023,20161023,0,7,1
20161024,20161024,0,1,0
20161025,20161025,0,2,0
20161026,20161026,0,3,0
20161027,20161027,0,4,0
20161028,20161028,0,5,0
20161029,20161029,0,6,1
20161030,20161030,0,7,1
20161031,20161031,0,1,0
20161101,20161101,0,2,0
20161102,20161102,0,3,0
20161103,20161103,0,4,0
20161104,20161104,0,5,0
20161105,20161105,0,6,1
20161106,20161106,0,7,1
20161107,20161107,0,1,0
20161108,20161108,0,2,0
20161109,20161109,0,3,0
20161110,20161110,0,4,0
20161111,20161111,0,5,0
20161112,20161112,0,6,1
20161113,20161113,0,7,1
20161114,20161114,0,1,0
20161115,20161115,0,2,0
20161116,20161116,0,3,0
20161117,20161117,0,4,0
20161118,20161118,0,5,0
20161119,20161119,0,6,1
20161120,20161120,0,7,1
20161121,20161121,0,1,0
20161122,20161122,0,2,0
20161123,20161123,0,3,0
20161124,20161124,0,4,0
20161125,20161125,0,5,0
20161126,20161126,0,6,1
20161127,20161127,0,7,1
20161128,20161128,0,1,0
20161129,20161129,0,2,0
20161130,20161130,0,3,0
20161201,20161201,0,4,0
20161202,20161202,0,5,0
20161203,20161203,0,6,1
20161204,20161204,0,7,1
20161205,20161205,0,1,0
20161206,20161206,0,2,0
20161207,20161207,0,3,0
20161208,20161208,0,4,0
20161209,20161209,0,5,0
20161210,20161210,0,6,1
20161211,20161211,0,7,1
20161212,20161212,0,1,0
20161213,20161213,0,2,0
20161214,20161214,0,3,0
20161215,20161215,0,4,0
20161216,20161216,0,5,0
20161217,20161217,0,6,1
20161218,20161218,0,7,1
20161219,20161219,0,1,0
20161220,20161220,0,2,0
20161221,20161221,0,3,0
20161222,20161222,0,4,0
20161223,20161223,0,5,0
20161224,20161224,0,6,1
20161225,20161225,0,7,1
20161226,20161226,0,1,0
20161227,20161227,0,2,0
20161228,20161228,0,3,0
20161229,20161229,0,4,0
20161230,20161230,0,5,0
20161231,20161231,0,6,1
