dates,max_load
2009/9/11,18064.0
2009/9/12,15172.0
2009/9/13,14076.0
2009/9/14,16987.0
2009/9/15,16291.0
2009/9/16,16424.0
2009/9/17,16279.0
2009/9/18,15572.0
2009/9/19,14924.0
2009/9/20,14039.0
2009/9/21,15845.0
2009/9/22,15524.0
2009/9/23,15986.0
2009/9/24,16561.0
2009/9/25,17037.0
2009/9/26,15119.0
2009/9/27,15926.0
2009/9/28,16178.0
2009/9/29,15527.0
2009/9/30,14961.0
2009/10/1,11269.0
2009/10/2,11382.0
2009/10/3,11294.0
2009/10/4,12009.0
2009/10/5,12954.0
2009/10/6,12708.0
2009/10/7,13328.0
2009/10/8,13679.0
2009/10/9,14596.0
2009/10/10,14383.0
2009/10/11,13583.0
2009/10/12,14776.0
2009/10/13,14575.0
2009/10/14,14673.0
2009/10/15,14644.0
2009/10/16,15031.0
2009/10/17,13547.0
2009/10/18,13010.0
2009/10/19,14686.0
2009/10/20,14682.0
2009/10/21,14635.0
2009/10/22,14761.0
2009/10/23,14839.0
2009/10/24,13847.0
2009/10/25,13353.0
2009/10/26,14715.0
2009/10/27,14866.0
2009/10/28,14981.0
2009/10/29,15160.0
2009/10/30,15250.0
2009/10/31,14067.0
2009/11/1,13050.0
2009/11/2,14720.0
2009/11/3,14653.0
2009/11/4,
2009/11/5,14714.0
2009/11/6,14646.0
2009/11/7,13991.0
2009/11/8,13616.0
2009/11/9,15294.0
2009/11/10,14965.0
2009/11/11,14651.0
2009/11/12,14865.0
2009/11/13,15462.0
2009/11/14,13441.0
2009/11/15,13470.0
2009/11/16,16299.0
2009/11/17,17172.0
2009/11/18,17408.0
2009/11/19,17539.0
2009/11/20,18034.0
2009/11/21,16071.0
2009/11/22,14689.0
2009/11/23,16016.0
2009/11/24,15367.0
2009/11/25,15254.0
2009/11/26,14923.0
2009/11/27,15192.0
2009/11/28,14723.0
2009/11/29,14810.0
2009/11/30,17048.0
2009/12/1,16557.0
2009/12/2,16704.0
2009/12/3,17243.0
2009/12/4,16633.0
2009/12/5,15780.0
2009/12/6,14981.0
2009/12/7,16178.0
2009/12/8,16184.0
2009/12/9,16609.0
2009/12/10,16749.0
2009/12/11,16258.0
2009/12/12,15176.0
2009/12/13,15041.0
2009/12/14,16514.0
2009/12/15,17560.0
2009/12/16,17215.0
2009/12/17,17592.0
2009/12/18,18229.0
2009/12/19,17748.0
2009/12/20,17223.0
2009/12/21,18821.0
2009/12/22,18063.0
2009/12/23,17318.0
2009/12/24,16523.0
2009/12/25,17062.0
2009/12/26,16713.0
2009/12/27,17599.0
2009/12/28,19059.0
2009/12/29,18374.0
2009/12/30,17734.0
2009/12/31,17662.0
2010/1/1,14451.0
2010/1/2,14797.0
2010/1/3,15493.0
2010/1/4,17994.0
2010/1/5,19421.0
2010/1/6,19333.0
2010/1/7,19294.0
2010/1/8,19156.0
2010/1/9,16200.0
2010/1/10,17286.0
2010/1/11,19721.0
2010/1/12,19690.0
2010/1/13,20279.0
2010/1/14,19629.0
2010/1/15,18999.0
2010/1/16,17345.0
2010/1/17,16265.0
2010/1/18,17508.0
2010/1/19,16423.0
2010/1/20,16218.0
2010/1/21,18536.0
2010/1/22,19104.0
2010/1/23,17270.0
2010/1/24,16258.0
2010/1/25,18228.0
2010/1/26,17986.0
2010/1/27,18242.0
2010/1/28,18534.0
2010/1/29,17014.0
2010/1/30,15364.0
2010/1/31,15116.0
2010/2/1,17244.0
2010/2/2,17551.0
2010/2/3,17040.0
2010/2/4,17220.0
2010/2/5,17057.0
2010/2/6,15657.0
2010/2/7,14678.0
2010/2/8,15209.0
2010/2/9,13522.0
2010/2/10,14089.0
2010/2/11,14905.0
2010/2/12,13824.0
2010/2/13,12424.0
2010/2/14,12389.0
2010/2/15,12447.0
2010/2/16,12830.0
2010/2/17,12895.0
2010/2/18,13136.0
2010/2/19,13217.0
2010/2/20,13517.0
2010/2/21,13612.0
2010/2/22,14121.0
2010/2/23,14357.0
2010/2/24,14382.0
2010/2/25,14534.0
2010/2/26,15506.0
2010/2/27,14575.0
2010/2/28,13421.0
2010/3/1,16471.0
2010/3/2,17484.0
2010/3/3,17827.0
2010/3/4,17627.0
2010/3/5,18132.0
2010/3/6,18449.0
2010/3/9,19866.0
2010/3/10,19429.0
2010/3/11,17988.0
2010/3/12,16511.0
2010/3/13,15613.0
2010/3/14,14734.0
2010/3/15,17405.0
2010/3/16,16414.0
2010/3/17,16215.0
2010/3/18,17356.0
2010/3/19,16132.0
2010/3/20,14557.0
2010/3/21,14298.0
2010/3/22,16122.0
2010/3/23,16832.0
2010/3/24,17591.0
2010/3/25,16997.0
2010/3/26,16513.0
2010/3/27,15296.0
2010/3/28,14388.0
2010/3/29,15862.0
2010/3/30,16518.0
2010/3/31,15900.0
2010/4/1,16229.0
2010/4/3,14681.0
2010/4/5,12856.0
2010/4/6,15860.0
2010/4/7,15796.0
2010/4/8,16145.0
2010/4/9,16424.0
2010/4/10,14724.0
2010/4/12,16400.0
2010/4/13,16506.0
2010/4/14,17244.0
2010/4/15,17485.0
2010/4/16,16397.0
2010/4/17,14933.0
2010/4/18,14129.0
2010/4/19,15669.0
2010/4/20,16060.0
2010/4/23,15530.0
2010/4/24,14556.0
2010/4/25,13983.0
2010/4/26,15713.0
2010/4/27,15209.0
2010/4/28,15244.0
2010/4/29,15157.0
2010/4/30,13747.0
2010/5/1,11579.0
2010/5/2,12478.0
2010/5/3,13224.0
2010/5/4,14429.0
2010/5/5,15400.0
2010/5/6,16145.0
2010/5/7,15465.0
2010/5/8,14397.0
2010/5/9,15564.0
2010/5/12,15430.0
2010/5/13,15228.0
2010/5/14,15281.0
2010/5/15,14203.0
2010/5/16,13489.0
2010/5/17,15372.0
2010/5/18,16218.0
2010/5/20,16065.0
2010/5/21,15883.0
2010/5/22,14822.0
2010/5/23,13598.0
2010/5/24,15677.0
2010/5/25,16081.0
2010/5/26,16215.0
2010/5/27,16424.0
2010/5/28,15972.0
2010/5/29,14446.0
2010/5/30,15464.0
2010/6/1,15527.0
2010/6/2,15735.0
2010/6/3,15777.0
2010/6/4,15928.0
2010/6/5,16326.0
2010/6/8,16538.0
2010/6/9,15816.0
2010/6/10,16071.0
2010/6/11,16246.0
2010/6/12,16001.0
2010/6/13,15506.0
2010/6/16,17600.0
2010/6/18,18677.0
2010/6/19,18541.0
2010/6/22,17645.0
2010/6/23,19032.0
2010/6/24,17418.0
2010/6/25,17051.0
2010/6/26,15452.0
2010/6/27,14946.0
2010/6/28,17601.0
2010/6/29,17709.0
2010/6/30,20053.0
2010/7/1,21524.0
2010/7/2,22593.0
2010/7/5,20689.0
2010/7/6,19980.0
2010/7/7,20957.0
2010/7/10,19725.0
2010/7/13,19571.0
2010/7/14,18634.0
2010/7/15,19106.0
2010/7/16,19349.0
2010/7/17,17948.0
2010/7/18,22467.0
2010/7/21,23304.0
2010/7/22,23123.0
2010/7/23,22618.0
2010/7/26,20937.0
2010/7/27,19572.0
2010/7/28,22397.0
2010/7/30,23277.0
2010/7/31,21767.0
2010/8/1,22308.0
2010/8/2,25637.0
2010/8/3,25606.0
2010/8/4,25589.0
2010/8/5,24285.0
2010/8/6,23076.0
2010/8/8,19189.0
2010/8/9,23309.0
2010/8/10,23588.0
2010/8/11,24643.0
2010/8/12,25975.0
2010/8/13,25758.0
2010/8/14,24282.0
2010/8/15,23132.0
2010/8/16,25403.0
2010/8/17,24564.0
2010/8/18,24326.0
2010/8/19,23754.0
2010/8/20,23721.0
2010/8/21,21661.0
2010/8/22,20717.0
2010/8/23,24477.0
2010/8/24,24512.0
2010/8/25,24737.0
2010/8/26,24237.0
2010/8/27,22335.0
2010/8/28,18177.0
2010/8/29,17336.0
2010/8/30,20489.0
2010/8/31,21557.0
2010/9/1,21899.0
2010/9/2,21524.0
2010/9/3,22194.0
2010/9/4,20361.0
2010/9/5,18856.0
2010/9/6,22019.0
2010/9/7,22226.0
2010/9/8,23318.0
2010/9/9,23245.0
2010/9/10,21864.0
2010/9/11,19705.0
2010/9/12,16769.0
2010/9/13,18756.0
2010/9/14,20443.0
2010/9/15,19892.0
2010/9/16,19667.0
2010/9/17,19772.0
2010/9/18,18062.0
2010/9/19,20814.0
2010/9/20,22045.0
2010/9/21,22434.0
2010/9/22,17156.0
2010/9/23,14867.0
2010/9/24,15556.0
2010/9/25,16319.0
2010/9/26,15888.0
2010/9/27,16135.0
2010/9/28,16410.0
2010/9/29,15811.0
2010/9/30,15378.0
2010/10/1,11950.0
2010/10/2,12249.0
2010/10/3,12458.0
2010/10/4,13399.0
2010/10/5,13772.0
2010/10/6,14379.0
2010/10/7,14840.0
2010/10/8,16028.0
2010/10/9,15942.0
2010/10/10,14547.0
2010/10/11,16106.0
2010/10/12,16250.0
2010/10/13,16087.0
2010/10/14,16032.0
2010/10/15,15608.0
2010/10/16,14713.0
2010/10/17,14106.0
2010/10/18,15651.0
2010/10/19,15969.0
2010/10/20,15844.0
2010/10/21,15705.0
2010/10/22,15786.0
2010/10/23,15106.0
2010/10/24,14242.0
2010/10/25,15640.0
2010/10/26,15555.0
2010/10/27,15671.0
2010/10/28,15778.0
2010/10/29,15765.0
2010/10/30,14622.0
2010/10/31,13939.0
2010/11/1,15800.0
2010/11/3,15828.0
2010/11/4,15625.0
2010/11/5,15572.0
2010/11/6,14785.0
2010/11/7,14204.0
2010/11/8,15904.0
2010/11/9,15812.0
2010/11/10,15679.0
2010/11/11,15815.0
2010/11/12,15465.0
2010/11/13,14730.0
2010/11/14,14279.0
2010/11/15,16227.0
2010/11/16,16395.0
2010/11/17,16205.0
2010/11/18,16076.0
2010/11/19,15906.0
2010/11/20,15074.0
2010/11/21,14374.0
2010/11/22,15939.0
2010/11/23,16065.0
2010/11/24,16106.0
2010/11/25,16005.0
2010/11/26,15980.0
2010/11/27,14996.0
2010/11/28,14281.0
2010/11/29,15856.0
2010/11/30,15947.0
2010/12/1,15842.0
2010/12/2,15779.0
2010/12/3,15753.0
2010/12/4,15007.0
2010/12/5,14031.0
2010/12/6,16352.0
2010/12/7,16914.0
2010/12/8,16935.0
2010/12/9,16898.0
2010/12/10,16333.0
2010/12/11,15800.0
2010/12/12,15346.0
2010/12/13,16996.0
2010/12/14,17767.0
2010/12/15,19508.0
2010/12/16,19819.0
2010/12/17,19486.0
2010/12/18,17177.0
2010/12/19,15632.0
2010/12/20,17643.0
2010/12/21,17282.0
2010/12/22,17305.0
2010/12/23,16926.0
2010/12/24,19007.0
2010/12/25,18107.0
2010/12/26,17506.0
2010/12/27,18928.0
2010/12/28,18410.0
2010/12/29,18190.0
2010/12/30,18994.0
2010/12/31,19378.0
2011/1/1,16544.0
2011/1/2,17685.0
2011/1/3,19185.0
2011/1/4,20386.0
2011/1/5,21077.0
2011/1/6,21172.0
2011/1/7,21068.0
2011/1/8,18982.0
2011/1/9,19348.0
2011/1/10,20971.0
2011/1/11,21435.0
2011/1/12,21061.0
2011/1/13,20534.0
2011/1/14,20497.0
2011/1/15,20303.0
2011/1/16,20067.0
2011/1/17,21325.0
2011/1/18,21858.0
2011/1/19,21786.0
2011/1/20,21922.0
2011/1/21,20934.0
2011/1/22,19115.0
2011/1/23,18610.0
2011/1/24,20128.0
2011/1/25,19514.0
2011/1/26,19509.0
2011/1/27,18597.0
2011/1/28,18832.0
2011/1/29,17189.0
2011/1/30,17139.0
2011/1/31,15964.0
2011/2/1,14640.0
2011/2/2,12790.0
2011/2/3,12152.0
2011/2/4,11797.0
2011/2/5,11900.0
2011/2/6,12049.0
2011/2/7,12408.0
2011/2/8,12590.0
2011/2/9,14822.0
2011/2/10,17306.0
2011/2/11,17546.0
2011/2/12,17848.0
2011/2/13,17487.0
2011/2/14,19231.0
2011/2/15,19428.0
2011/2/16,19714.0
2011/2/17,19852.0
2011/2/18,19706.0
2011/2/19,17849.0
2011/2/20,16814.0
2011/2/21,18746.0
2011/2/22,18087.0
2011/2/23,17225.0
2011/2/24,16888.0
2011/2/25,17780.0
2011/2/26,16256.0
2011/2/27,15252.0
2011/2/28,18655.0
2011/3/1,19727.0
2011/3/2,19129.0
2011/3/3,18637.0
2011/3/4,18556.0
2011/3/5,16852.0
2011/3/6,16609.0
2011/3/7,18442.0
2011/3/8,17812.0
2011/3/9,17873.0
2011/3/10,17420.0
2011/3/11,17235.0
2011/3/12,16029.0
2011/3/13,15165.0
2011/3/14,17657.0
2011/3/15,18450.0
2011/3/16,17927.0
2011/3/17,16882.0
2011/3/18,17486.0
2011/3/19,16009.0
2011/3/20,15469.0
2011/3/21,18532.0
2011/3/22,18891.0
2011/3/23,17850.0
2011/3/24,17159.0
2011/3/25,17392.0
2011/3/26,15913.0
2011/3/27,15103.0
2011/3/28,16688.0
2011/3/29,16766.0
2011/3/30,16793.0
2011/3/31,16484.0
2011/4/1,16218.0
2011/4/2,16321.0
2011/4/3,15298.0
2011/4/4,14435.0
2011/4/5,13811.0
2011/4/6,16363.0
2011/4/7,16990.0
2011/4/8,16344.0
2011/4/9,15323.0
2011/4/10,14454.0
2011/4/11,16396.0
2011/4/12,16132.0
2011/4/13,16241.0
2011/4/14,16194.0
2011/4/15,16457.0
2011/4/16,15307.0
2011/4/17,14262.0
2011/4/18,15979.0
2011/4/19,16039.0
2011/4/20,16028.0
2011/4/21,16288.0
2011/4/22,16536.0
2011/4/23,15077.0
2011/4/24,14556.0
2011/4/25,16124.0
2011/4/26,16256.0
2011/4/27,16399.0
2011/4/28,15800.0
2011/4/29,16076.0
2011/4/30,14421.0
2011/5/1,12289.0
2011/5/2,13225.0
2011/5/3,16115.0
2011/5/4,15705.0
2011/5/5,15843.0
2011/5/6,16360.0
2011/5/7,15858.0
2011/5/8,15380.0
2011/5/9,18070.0
2011/5/10,19334.0
2011/5/11,17288.0
2011/5/12,16934.0
2011/5/13,16928.0
2011/5/14,15472.0
2011/5/15,14618.0
2011/5/16,17070.0
2011/5/17,17561.0
2011/5/18,17457.0
2011/5/19,18060.0
2011/5/20,19311.0
2011/5/21,16118.0
2011/5/22,14295.0
2011/5/23,15940.0
2011/5/24,15883.0
2011/5/25,16127.0
2011/5/26,16214.0
2011/5/27,16107.0
2011/5/28,15042.0
2011/5/29,14139.0
2011/5/30,16333.0
2011/5/31,16961.0
2011/6/1,16690.0
2011/6/2,17685.0
2011/6/3,17472.0
2011/6/4,15405.0
2011/6/5,13901.0
2011/6/6,12942.0
2011/6/7,16019.0
2011/6/8,17448.0
2011/6/9,19371.0
2011/6/10,18528.0
2011/6/11,16179.0
2011/6/12,14700.0
2011/6/13,17954.0
2011/6/14,16953.0
2011/6/15,16547.0
2011/6/16,16647.0
2011/6/17,16798.0
2011/6/18,15764.0
2011/6/19,14181.0
2011/6/20,16683.0
2011/6/21,17516.0
2011/6/22,19934.0
2011/6/23,20696.0
2011/6/24,21379.0
2011/6/25,18081.0
2011/6/26,15721.0
2011/6/27,19646.0
2011/6/28,21091.0
2011/6/29,21082.0
2011/6/30,20288.0
2011/7/1,21266.0
2011/7/2,20781.0
2011/7/3,21557.0
2011/7/4,24129.0
2011/7/5,22710.0
2011/7/6,24193.0
2011/7/7,24908.0
2011/7/8,23183.0
2011/7/9,20294.0
2011/7/10,18686.0
2011/7/11,21595.0
2011/7/12,21453.0
2011/7/13,21667.0
2011/7/14,22318.0
2011/7/15,22151.0
2011/7/16,20667.0
2011/7/17,18682.0
2011/7/18,22656.0
2011/7/19,22774.0
2011/7/20,22560.0
2011/7/21,23120.0
2011/7/22,24091.0
2011/7/23,22988.0
2011/7/24,22128.0
2011/7/25,25082.0
2011/7/26,25489.0
2011/7/27,24914.0
2011/7/28,24461.0
2011/7/29,25079.0
2011/7/30,23711.0
2011/7/31,21869.0
2011/8/1,23719.0
2011/8/2,24172.0
2011/8/3,24441.0
2011/8/4,22877.0
2011/8/5,22792.0
2011/8/6,20131.0
2011/8/7,17775.0
2011/8/8,22699.0
2011/8/9,23696.0
2011/8/10,24487.0
2011/8/11,24608.0
2011/8/12,23094.0
2011/8/13,20562.0
2011/8/14,19930.0
2011/8/15,24052.0
2011/8/16,23845.0
2011/8/17,23640.0
2011/8/18,22980.0
2011/8/19,22470.0
2011/8/20,21740.0
2011/8/21,19488.0
2011/8/22,20710.0
2011/8/23,20515.0
2011/8/24,19544.0
2011/8/25,18451.0
2011/8/26,18978.0
2011/8/27,17922.0
2011/8/28,17418.0
2011/8/29,20333.0
2011/8/30,21509.0
2011/8/31,22185.0
2011/9/1,21419.0
2011/9/2,21206.0
2011/9/3,18843.0
2011/9/4,17440.0
2011/9/5,19927.0
2011/9/6,19325.0
2011/9/7,18786.0
2011/9/8,19245.0
2011/9/9,18789.0
2011/9/10,17425.0
2011/9/11,15760.0
2011/9/12,14801.0
2011/9/13,20044.0
2011/9/14,20893.0
2011/9/15,21961.0
2011/9/16,22021.0
2011/9/17,18270.0
2011/9/18,16915.0
2011/9/19,17509.0
2011/9/20,17000.0
2011/9/21,16673.0
2011/9/22,16336.0
2011/9/23,16556.0
2011/9/24,15561.0
2011/9/25,14537.0
2011/9/26,17409.0
2011/9/27,17594.0
2011/9/28,18216.0
2011/9/29,19355.0
2011/9/30,16163.0
2011/10/1,12634.0
2011/10/2,12217.0
2011/10/3,12006.0
2011/10/4,12606.0
2011/10/5,13801.0
2011/10/6,14519.0
2011/10/7,15008.0
2011/10/8,15935.0
2011/10/9,15750.0
2011/10/10,16926.0
2011/10/11,16896.0
2011/10/12,16598.0
2011/10/13,16826.0
2011/10/14,16466.0
2011/10/15,15362.0
2011/10/16,14382.0
2011/10/17,16187.0
2011/10/18,16097.0
2011/10/19,16064.0
2011/10/20,16286.0
2011/10/21,16346.0
2011/10/22,14918.0
2011/10/23,14233.0
2011/10/24,16235.0
2011/10/25,15841.0
2011/10/26,15822.0
2011/10/27,15898.0
2011/10/28,15829.0
2011/10/29,14558.0
2011/10/30,13976.0
2011/10/31,15624.0
2011/11/1,16002.0
2011/11/2,16389.0
2011/11/3,16450.0
2011/11/4,16683.0
2011/11/5,15564.0
2011/11/6,14800.0
2011/11/7,16190.0
2011/11/8,16133.0
2011/11/9,16162.0
2011/11/10,16158.0
2011/11/11,16152.0
2011/11/12,14921.0
2011/11/13,14273.0
2011/11/14,16174.0
2011/11/15,15893.0
2011/11/16,16201.0
2011/11/17,16559.0
2011/11/18,16658.0
2011/11/19,14798.0
2011/11/20,14310.0
2011/11/21,16102.0
2011/11/22,16123.0
2011/11/23,16303.0
2011/11/24,16601.0
2011/11/25,16391.0
2011/11/26,14997.0
2011/11/27,14450.0
2011/11/28,16182.0
2011/11/29,16220.0
2011/11/30,16490.0
2011/12/1,16976.0
2011/12/2,17750.0
2011/12/3,16000.0
2011/12/4,14982.0
2011/12/5,16945.0
2011/12/6,16969.0
2011/12/7,17192.0
2011/12/8,18444.0
2011/12/9,18690.0
2011/12/10,17996.0
2011/12/11,17507.0
2011/12/12,19294.0
2011/12/13,19158.0
2011/12/14,18748.0
2011/12/15,19183.0
2011/12/16,19748.0
2011/12/17,18533.0
2011/12/18,17793.0
2011/12/19,19444.0
2011/12/20,19510.0
2011/12/21,19358.0
2011/12/22,19491.0
2011/12/23,19717.0
2011/12/24,18450.0
2011/12/25,17778.0
2011/12/26,19601.0
2011/12/27,19438.0
2011/12/28,18839.0
2011/12/29,18506.0
2011/12/30,18574.0
2011/12/31,17657.0
2012/1/1,15488.0
2012/1/2,16920.0
2012/1/3,19275.0
2012/1/4,20582.0
2012/1/5,20996.0
2012/1/6,20905.0
2012/1/7,18739.0
2012/1/8,18027.0
2012/1/9,19707.0
2012/1/10,19448.0
2012/1/11,19425.0
2012/1/12,19327.0
2012/1/13,18987.0
2012/1/14,17588.0
2012/1/15,16807.0
2012/1/16,18028.0
2012/1/17,16955.0
2012/1/18,16881.0
2012/1/19,15933.0
2012/1/20,14960.0
2012/1/21,13724.0
2012/1/22,13450.0
2012/1/23,13537.0
2012/1/24,13393.0
2012/1/25,13731.0
2012/1/26,13365.0
2012/1/27,13956.0
2012/1/28,13834.0
2012/1/29,15835.0
2012/1/30,16309.0
2012/1/31,16514.0
2012/2/1,17513.0
2012/2/2,19049.0
2012/2/3,19277.0
2012/2/4,17939.0
2012/2/5,17173.0
2012/2/6,18980.0
2012/2/7,20304.0
2012/2/8,21177.0
2012/2/9,20680.0
2012/2/10,21354.0
2012/2/11,18945.0
2012/2/12,17961.0
2012/2/13,20280.0
2012/2/14,20399.0
2012/2/15,20539.0
2012/2/16,20545.0
2012/2/17,20084.0
2012/2/18,18323.0
2012/2/19,17861.0
2012/2/20,20297.0
2012/2/21,20087.0
2012/2/22,19245.0
2012/2/23,19728.0
2012/2/24,20238.0
2012/2/25,18567.0
2012/2/26,18453.0
2012/2/27,21023.0
2012/2/28,21241.0
2012/2/29,20061.0
2012/3/1,19938.0
2012/3/2,20284.0
2012/3/3,18711.0
2012/3/4,18183.0
2012/3/5,20358.0
2012/3/6,20019.0
2012/3/7,20429.0
2012/3/8,20306.0
2012/3/9,20032.0
2012/3/10,17887.0
2012/3/11,17079.0
2012/3/12,19863.0
2012/3/13,19335.0
2012/3/14,18488.0
2012/3/15,18629.0
2012/3/16,17703.0
2012/3/17,16801.0
2012/3/18,16613.0
2012/3/19,18889.0
2012/3/20,19487.0
2012/3/21,18170.0
2012/3/22,17520.0
2012/3/23,19087.0
2012/3/24,15966.0
2012/3/25,14989.0
2012/3/26,17224.0
2012/3/27,16686.0
2012/3/28,16302.0
2012/3/29,16161.0
2012/3/30,16449.0
2012/3/31,15926.0
2012/4/1,15375.0
2012/4/2,14931.0
2012/4/3,14654.0
2012/4/4,14217.0
2012/4/5,15709.0
2012/4/6,15874.0
2012/4/7,14965.0
2012/4/8,14115.0
2012/4/9,16161.0
2012/4/10,16310.0
2012/4/11,16405.0
2012/4/12,16153.0
2012/4/13,16679.0
2012/4/14,15122.0
2012/4/15,14451.0
2012/4/16,16159.0
2012/4/17,16109.0
2012/4/18,16266.0
2012/4/19,16304.0
2012/4/20,16405.0
2012/4/21,15331.0
2012/4/22,14311.0
2012/4/23,16325.0
2012/4/24,16760.0
2012/4/25,16599.0
2012/4/26,16185.0
2012/4/27,16310.0
2012/4/28,16132.0
2012/4/29,14438.0
2012/4/30,13634.0
2012/5/1,12724.0
2012/5/2,15597.0
2012/5/3,16243.0
2012/5/4,16477.0
2012/5/5,15510.0
2012/5/6,14800.0
2012/5/7,17825.0
2012/5/8,16853.0
2012/5/9,16665.0
2012/5/10,16626.0
2012/5/11,16542.0
2012/5/12,15238.0
2012/5/13,14358.0
2012/5/14,16545.0
2012/5/15,16360.0
2012/5/16,17061.0
2012/5/17,17385.0
2012/5/18,17394.0
2012/5/19,15303.0
2012/5/20,14388.0
2012/5/21,16437.0
2012/5/22,16426.0
2012/5/23,16568.0
2012/5/24,16696.0
2012/5/25,16426.0
2012/5/26,15201.0
2012/5/27,14218.0
2012/5/28,16659.0
2012/5/29,16928.0
2012/5/30,16142.0
2012/5/31,16203.0
2012/6/1,16209.0
2012/6/2,15117.0
2012/6/3,13973.0
2012/6/4,16696.0
2012/6/5,17126.0
2012/6/6,16998.0
2012/6/7,17682.0
2012/6/8,19137.0
2012/6/9,16781.0
2012/6/10,15382.0
2012/6/11,19363.0
2012/6/12,19348.0
2012/6/13,19365.0
2012/6/14,19136.0
2012/6/15,18907.0
2012/6/16,17414.0
2012/6/17,16437.0
2012/6/18,17648.0
2012/6/19,17578.0
2012/6/20,17634.0
2012/6/21,17900.0
2012/6/22,16145.0
2012/6/23,14561.0
2012/6/24,13850.0
2012/6/25,19027.0
2012/6/26,18521.0
2012/6/27,18526.0
2012/6/28,18475.0
2012/6/29,19812.0
2012/6/30,18638.0
2012/7/1,18146.0
2012/7/2,24095.0
2012/7/3,24044.0
2012/7/4,24457.0
2012/7/5,25049.0
2012/7/6,25739.0
2012/7/7,22706.0
2012/7/8,20836.0
2012/7/9,24399.0
2012/7/10,25284.0
2012/7/11,24234.0
2012/7/12,24865.0
2012/7/13,24646.0
2012/7/14,20281.0
2012/7/15,19066.0
2012/7/16,20657.0
2012/7/17,21228.0
2012/7/18,20599.0
2012/7/19,22319.0
2012/7/20,23904.0
2012/7/21,22409.0
2012/7/22,21507.0
2012/7/23,24481.0
2012/7/24,24415.0
2012/7/25,24203.0
2012/7/26,24022.0
2012/7/27,24740.0
2012/7/28,22682.0
2012/7/29,21291.0
2012/7/30,24760.0
2012/7/31,24471.0
2012/8/1,23738.0
2012/8/2,22589.0
2012/8/3,22301.0
2012/8/4,21872.0
2012/8/5,19952.0
2012/8/6,23618.0
2012/8/7,22618.0
2012/8/8,20524.0
2012/8/9,20140.0
2012/8/10,23248.0
2012/8/11,21381.0
2012/8/12,20880.0
2012/8/13,24834.0
2012/8/14,25701.0
2012/8/15,25756.0
2012/8/16,25074.0
2012/8/17,25278.0
2012/8/18,23212.0
2012/8/19,21942.0
2012/8/20,24413.0
2012/8/21,24261.0
2012/8/22,21938.0
2012/8/23,21503.0
2012/8/24,20521.0
2012/8/25,20549.0
2012/8/26,18231.0
2012/8/27,21100.0
2012/8/28,22677.0
2012/8/29,22294.0
2012/8/30,22164.0
2012/8/31,22014.0
2012/9/1,20348.0
2012/9/2,19530.0
2012/9/3,21353.0
2012/9/4,19862.0
2012/9/5,18784.0
2012/9/6,19420.0
2012/9/7,20512.0
2012/9/8,18131.0
2012/9/9,17250.0
2012/9/10,18490.0
2012/9/11,18989.0
2012/9/12,20041.0
2012/9/13,18326.0
2012/9/14,17625.0
2012/9/15,16507.0
2012/9/16,15268.0
2012/9/17,16854.0
2012/9/18,17238.0
2012/9/19,17452.0
2012/9/20,18006.0
2012/9/21,17967.0
2012/9/22,16027.0
2012/9/23,14911.0
2012/9/24,17570.0
2012/9/25,17726.0
2012/9/26,17913.0
2012/9/27,17953.0
2012/9/28,17578.0
2012/9/29,16019.0
2012/9/30,12553.0
2012/10/1,11760.0
2012/10/2,11972.0
2012/10/3,12253.0
2012/10/4,13509.0
2012/10/5,13849.0
2012/10/6,14545.0
2012/10/7,14854.0
2012/10/8,16378.0
2012/10/9,16661.0
2012/10/10,16638.0
2012/10/11,16279.0
2012/10/12,16404.0
2012/10/13,15209.0
2012/10/14,14454.0
2012/10/15,16491.0
2012/10/16,16588.0
2012/10/17,15973.0
2012/10/18,15872.0
2012/10/19,16014.0
2012/10/20,14717.0
2012/10/21,14261.0
2012/10/22,16367.0
2012/10/23,15870.0
2012/10/24,16031.0
2012/10/25,16214.0
2012/10/26,16341.0
2012/10/27,15101.0
2012/10/28,14214.0
2012/10/29,15998.0
2012/10/30,16330.0
2012/10/31,15834.0
2012/11/1,15725.0
2012/11/2,15992.0
2012/11/3,14808.0
2012/11/4,14310.0
2012/11/5,16039.0
2012/11/6,16131.0
2012/11/7,16142.0
2012/11/8,16312.0
2012/11/9,16565.0
2012/11/10,15211.0
2012/11/11,14501.0
2012/11/12,16368.0
2012/11/13,16431.0
2012/11/14,16480.0
2012/11/15,16543.0
2012/11/16,16906.0
2012/11/17,15559.0
2012/11/18,14604.0
2012/11/19,16620.0
2012/11/20,16731.0
2012/11/21,17148.0
2012/11/22,16940.0
2012/11/23,17499.0
2012/11/24,15952.0
2012/11/25,14906.0
2012/11/26,18104.0
2012/11/27,17823.0
2012/11/28,17518.0
2012/11/29,17526.0
2012/11/30,17906.0
2012/12/1,16131.0
2012/12/2,15578.0
2012/12/3,18005.0
2012/12/4,18630.0
2012/12/5,18407.0
2012/12/6,18893.0
2012/12/7,18438.0
2012/12/8,17105.0
2012/12/9,17295.0
2012/12/10,19860.0
2012/12/11,19449.0
2012/12/12,19462.0
2012/12/13,19522.0
2012/12/14,18649.0
2012/12/15,16803.0
2012/12/16,16425.0
2012/12/17,19329.0
2012/12/18,20310.0
2012/12/19,20442.0
2012/12/20,20161.0
2012/12/21,20027.0
2012/12/22,18624.0
2012/12/23,18608.0
2012/12/24,21498.0
2012/12/25,20803.0
2012/12/26,21479.0
2012/12/27,20998.0
2012/12/28,20501.0
2012/12/29,19371.0
2012/12/30,19381.0
2012/12/31,20417.0
2013/1/1,16693.0
2013/1/2,17929.0
2013/1/3,19840.0
2013/1/4,22392.0
2013/1/5,22664.0
2013/1/6,21625.0
2013/1/7,22903.0
2013/1/8,22248.0
2013/1/9,22092.0
2013/1/10,21723.0
2013/1/11,21442.0
2013/1/12,19949.0
2013/1/13,19696.0
2013/1/14,20824.0
2013/1/15,20698.0
2013/1/16,21584.0
2013/1/17,21895.0
2013/1/18,22043.0
2013/1/19,19391.0
2013/1/20,18716.0
2013/1/21,20141.0
2013/1/22,21210.0
2013/1/23,21336.0
2013/1/24,20303.0
2013/1/25,20493.0
2013/1/26,18245.0
2013/1/27,17673.0
2013/1/28,19910.0
2013/1/29,18733.0
2013/1/30,17836.0
2013/1/31,17251.0
2013/2/1,16565.0
2013/2/2,15788.0
2013/2/3,14841.0
2013/2/4,16580.0
2013/2/5,16701.0
2013/2/6,16485.0
2013/2/7,16069.0
2013/2/8,15228.0
2013/2/9,14870.0
2013/2/10,13648.0
2013/2/11,13752.0
2013/2/12,13483.0
2013/2/13,13575.0
2013/2/14,13991.0
2013/2/15,13889.0
2013/2/16,14987.0
2013/2/17,15739.0
2013/2/18,17688.0
2013/2/19,19414.0
2013/2/20,18906.0
2013/2/21,18292.0
2013/2/22,18488.0
2013/2/23,16436.0
2013/2/24,15865.0
2013/2/25,17652.0
2013/2/26,17969.0
2013/2/27,17885.0
2013/2/28,17193.0
2013/3/1,18870.0
2013/3/2,16884.0
2013/3/3,16156.0
2013/3/4,18009.0
2013/3/5,17555.0
2013/3/6,16916.0
2013/3/7,16617.0
2013/3/8,16431.0
2013/3/9,14997.0
2013/3/10,15001.0
2013/3/11,18217.0
2013/3/12,17054.0
2013/3/13,18323.0
2013/3/14,19064.0
2013/3/15,18067.0
2013/3/16,15814.0
2013/3/17,14960.0
2013/3/18,16889.0
2013/3/19,16367.0
2013/3/20,17534.0
2013/3/21,17698.0
2013/3/22,17134.0
2013/3/23,16280.0
2013/3/24,15648.0
2013/3/25,18093.0
2013/3/26,18684.0
2013/3/27,18021.0
2013/3/28,17195.0
2013/3/29,17808.0
2013/3/30,16061.0
2013/3/31,15507.0
2013/4/1,17275.0
2013/4/2,16916.0
2013/4/3,16531.0
2013/4/4,13573.0
2013/4/5,14560.0
2013/4/6,15492.0
2013/4/7,16517.0
2013/4/8,16932.0
2013/4/9,16657.0
2013/4/10,16734.0
2013/4/11,16653.0
2013/4/12,16474.0
2013/4/13,15340.0
2013/4/14,14603.0
2013/4/15,16365.0
2013/4/16,16543.0
2013/4/17,16398.0
2013/4/18,16434.0
2013/4/19,16566.0
2013/4/20,15748.0
2013/4/21,15074.0
2013/4/22,16469.0
2013/4/23,17103.0
2013/4/24,16603.0
2013/4/25,16615.0
2013/4/26,16460.0
2013/4/27,16138.0
2013/4/28,15864.0
2013/4/29,15087.0
2013/4/30,14134.0
2013/5/1,13280.0
2013/5/2,16266.0
2013/5/3,15944.0
2013/5/4,14572.0
2013/5/5,13985.0
2013/5/6,16363.0
2013/5/7,16491.0
2013/5/8,16446.0
2013/5/9,16896.0
2013/5/10,16792.0
2013/5/11,15443.0
2013/5/12,14581.0
2013/5/13,17560.0
2013/5/14,17621.0
2013/5/15,17500.0
2013/5/16,17001.0
2013/5/17,16761.0
2013/5/18,14924.0
2013/5/19,14459.0
2013/5/20,17436.0
2013/5/21,17816.0
2013/5/22,18485.0
2013/5/23,17651.0
2013/5/24,17994.0
2013/5/25,16124.0
2013/5/26,14687.0
2013/5/27,17949.0
2013/5/28,18274.0
2013/5/29,19086.0
2013/5/30,18132.0
2013/5/31,17631.0
2013/6/1,15615.0
2013/6/2,14284.0
2013/6/3,18206.0
2013/6/4,17552.0
2013/6/5,17459.0
2013/6/6,17695.0
2013/6/7,18022.0
2013/6/8,17920.0
2013/6/9,17382.0
2013/6/10,15869.0
2013/6/11,14663.0
2013/6/12,13271.0
2013/6/13,17400.0
2013/6/14,17033.0
2013/6/15,16185.0
2013/6/16,16014.0
2013/6/17,21693.0
2013/6/18,22967.0
2013/6/19,23931.0
2013/6/20,21623.0
2013/6/21,21100.0
2013/6/22,18137.0
2013/6/23,18154.0
2013/6/24,20598.0
2013/6/25,20587.0
2013/6/26,20267.0
2013/6/27,19499.0
2013/6/28,19333.0
2013/6/29,16385.0
2013/6/30,17643.0
2013/7/1,22612.0
2013/7/2,24551.0
2013/7/3,24834.0
2013/7/4,25845.0
2013/7/5,25289.0
2013/7/6,18727.0
2013/7/7,18822.0
2013/7/8,25741.0
2013/7/9,26480.0
2013/7/10,26921.0
2013/7/11,27330.0
2013/7/12,25391.0
2013/7/13,19635.0
2013/7/14,19767.0
2013/7/15,25881.0
2013/7/16,26212.0
2013/7/17,26123.0
2013/7/18,26537.0
2013/7/19,26307.0
2013/7/20,22698.0
2013/7/21,20924.0
2013/7/22,25641.0
2013/7/23,26714.0
2013/7/24,27685.0
2013/7/25,28172.0
2013/7/26,28545.0
2013/7/27,24000.0
2013/7/28,24168.0
2013/7/29,28620.0
2013/7/30,28685.0
2013/7/31,28603.0
2013/8/1,28046.0
2013/8/2,27804.0
2013/8/3,24370.0
2013/8/4,23818.0
2013/8/5,28009.0
2013/8/6,28715.0
2013/8/7,29303.0
2013/8/8,29080.0
2013/8/9,29242.0
2013/8/10,25381.0
2013/8/11,24130.0
2013/8/12,27683.0
2013/8/13,27604.0
2013/8/14,27351.0
2013/8/15,27044.0
2013/8/16,26470.0
2013/8/17,23103.0
2013/8/18,22042.0
2013/8/19,25891.0
2013/8/20,26435.0
2013/8/21,25523.0
2013/8/22,25149.0
2013/8/23,26013.0
2013/8/24,24066.0
2013/8/25,20740.0
2013/8/26,24813.0
2013/8/27,24222.0
2013/8/28,25443.0
2013/8/29,26274.0
2013/8/30,23741.0
2013/8/31,20762.0
2013/9/1,20130.0
2013/9/2,22814.0
2013/9/3,20319.0
2013/9/4,20033.0
2013/9/5,19445.0
2013/9/6,18395.0
2013/9/7,16855.0
2013/9/8,15780.0
2013/9/9,19198.0
2013/9/10,22240.0
2013/9/11,21981.0
2013/9/12,22272.0
2013/9/13,22910.0
2013/9/14,19223.0
2013/9/15,17607.0
2013/9/16,20619.0
2013/9/17,21910.0
2013/9/18,20228.0
2013/9/19,15616.0
2013/9/20,16144.0
2013/9/21,16309.0
2013/9/22,20302.0
2013/9/23,21029.0
2013/9/24,21636.0
2013/9/25,18671.0
2013/9/26,17852.0
2013/9/27,17710.0
2013/9/28,16026.0
2013/9/29,17248.0
2013/9/30,17147.0
2013/10/1,12639.0
2013/10/2,12386.0
2013/10/3,12729.0
2013/10/4,13761.0
2013/10/5,14387.0
2013/10/6,14784.0
2013/10/7,14992.0
2013/10/8,16988.0
2013/10/9,17018.0
2013/10/10,17322.0
2013/10/11,17747.0
2013/10/12,17443.0
2013/10/13,15410.0
2013/10/14,17887.0
2013/10/15,16718.0
2013/10/16,16524.0
2013/10/17,16564.0
2013/10/18,16713.0
2013/10/19,15421.0
2013/10/20,14450.0
2013/10/21,16590.0
2013/10/22,16634.0
2013/10/23,16687.0
2013/10/24,16621.0
2013/10/25,16703.0
2013/10/26,15441.0
2013/10/27,14636.0
2013/10/28,16403.0
2013/10/29,16595.0
2013/10/30,16819.0
2013/10/31,16729.0
2013/11/1,16542.0
2013/11/2,15516.0
2013/11/3,14675.0
2013/11/4,16500.0
2013/11/5,16560.0
2013/11/6,16689.0
2013/11/7,16669.0
2013/11/8,16698.0
2013/11/9,15822.0
2013/11/10,14818.0
2013/11/11,16620.0
2013/11/12,16825.0
2013/11/13,16519.0
2013/11/14,16884.0
2013/11/15,16669.0
2013/11/16,15661.0
2013/11/17,14915.0
2013/11/18,17187.0
2013/11/19,17514.0
2013/11/20,17406.0
2013/11/21,17274.0
2013/11/22,17140.0
2013/11/23,15593.0
2013/11/24,15380.0
2013/11/25,17420.0
2013/11/26,17602.0
2013/11/27,17923.0
2013/11/28,19093.0
2013/11/29,19344.0
2013/11/30,17173.0
2013/12/1,16949.0
2013/12/2,18663.0
2013/12/3,18457.0
2013/12/4,17991.0
2013/12/5,17913.0
2013/12/6,18220.0
2013/12/7,17074.0
2013/12/8,16250.0
2013/12/9,18821.0
2013/12/10,19201.0
2013/12/11,19585.0
2013/12/12,19617.0
2013/12/13,19375.0
2013/12/14,17223.0
2013/12/15,17090.0
2013/12/16,20057.0
2013/12/17,20420.0
2013/12/18,20379.0
2013/12/19,20723.0
2013/12/20,21302.0
2013/12/21,18174.0
2013/12/22,17928.0
2013/12/23,21139.0
2013/12/24,21202.0
2013/12/25,20774.0
2013/12/26,21568.0
2013/12/27,21611.0
2013/12/28,20359.0
2013/12/29,19633.0
2013/12/30,21516.0
2013/12/31,21086.0
2014/1/1,17484.0
2014/1/2,20109.0
2014/1/3,19658.0
2014/1/4,18073.0
2014/1/5,18807.0
2014/1/6,21366.0
2014/1/7,20174.0
2014/1/8,20911.0
2014/1/9,21643.0
2014/1/10,22070.0
2014/1/11,19685.0
2014/1/12,18674.0
2014/1/13,21457.0
2014/1/14,21092.0
2014/1/15,21141.0
2014/1/16,20880.0
2014/1/17,20631.0
2014/1/18,18604.0
2014/1/19,17878.0
2014/1/20,20024.0
2014/1/21,20118.0
2014/1/22,20104.0
2014/1/23,19732.0
2014/1/24,19175.0
2014/1/25,17271.0
2014/1/26,16600.0
2014/1/27,16633.0
2014/1/28,15221.0
2014/1/29,14123.0
2014/1/30,13057.0
2014/1/31,12267.0
2014/2/1,11935.0
2014/2/2,11055.0
2014/2/3,12501.0
2014/2/4,13214.0
2014/2/5,13746.0
2014/2/6,14424.0
2014/2/7,15827.0
2014/2/8,17595.0
2014/2/9,20004.0
2014/2/11,21098.0
2014/2/12,21506.0
2014/2/13,21152.0
2014/2/14,20825.0
2014/2/15,18065.0
2014/2/16,17785.0
2014/2/17,20637.0
2014/2/18,21706.0
2014/2/19,21902.0
2014/2/20,20978.0
2014/2/21,20809.0
2014/2/22,18203.0
2014/2/23,17675.0
2014/2/24,20421.0
2014/2/25,20815.0
2014/2/26,20279.0
2014/2/27,19970.0
2014/2/28,19911.0
2014/3/1,18359.0
2014/3/2,17460.0
2014/3/3,19801.0
2014/3/4,19898.0
2014/3/5,19967.0
2014/3/6,20624.0
2014/3/7,20053.0
2014/3/8,18380.0
2014/3/9,17755.0
2014/3/10,19208.0
2014/3/11,18894.0
2014/3/12,19153.0
2014/3/13,19532.0
2014/3/14,18858.0
2014/3/15,17008.0
2014/3/16,16031.0
2014/3/17,18139.0
2014/3/18,16749.0
2014/3/19,17471.0
2014/3/20,17999.0
2014/3/21,17834.0
2014/3/22,16136.0
2014/3/23,15650.0
2014/3/24,17386.0
2014/3/25,17425.0
2014/3/26,17097.0
2014/3/27,17050.0
2014/3/28,17522.0
2014/3/29,15693.0
2014/3/30,14732.0
2014/3/31,16699.0
2014/4/1,16565.0
2014/4/2,16765.0
2014/4/3,16670.0
2014/4/4,16302.0
2014/4/5,13543.0
2014/4/6,13919.0
2014/4/7,15054.0
2014/4/8,16606.0
2014/4/9,16629.0
2014/4/10,16354.0
2014/4/11,16322.0
2014/4/12,15490.0
2014/4/13,14552.0
2014/4/14,16369.0
2014/4/15,16388.0
2014/4/16,16438.0
2014/4/17,16514.0
2014/4/18,16702.0
2014/4/19,15782.0
2014/4/20,14707.0
2014/4/21,16545.0
2014/4/22,16502.0
2014/4/23,16623.0
2014/4/24,16711.0
2014/4/25,16903.0
2014/4/26,15865.0
2014/4/27,14697.0
2014/4/28,16912.0
2014/4/29,16643.0
2014/4/30,16383.0
2014/5/1,12772.0
2014/5/2,13352.0
2014/5/3,14473.0
2014/5/4,16296.0
2014/5/5,16540.0
2014/5/6,16631.0
2014/5/7,16549.0
2014/5/8,16933.0
2014/5/9,16689.0
2014/5/10,14960.0
2014/5/11,14748.0
2014/5/12,16940.0
2014/5/13,16931.0
2014/5/14,17085.0
2014/5/15,17193.0
2014/5/16,17250.0
2014/5/17,15926.0
2014/5/18,14554.0
2014/5/19,17091.0
2014/5/20,17355.0
2014/5/21,16897.0
2014/5/22,17548.0
2014/5/23,17690.0
2014/5/24,16149.0
2014/5/25,15045.0
2014/5/26,17994.0
2014/5/27,19077.0
2014/5/28,19423.0
2014/5/29,19250.0
2014/5/30,19555.0
2014/5/31,17012.0
2014/6/1,14826.0
2014/6/2,13561.0
2014/6/3,17308.0
2014/6/4,17538.0
2014/6/5,17725.0
2014/6/6,18192.0
2014/6/7,17230.0
2014/6/8,15417.0
2014/6/9,18264.0
2014/6/10,18463.0
2014/6/11,18723.0
2014/6/12,18958.0
2014/6/13,19566.0
2014/6/14,17525.0
2014/6/15,16071.0
2014/6/16,19142.0
2014/6/17,18897.0
2014/6/18,18273.0
2014/6/19,18867.0
2014/6/20,18727.0
2014/6/21,17055.0
2014/6/22,15860.0
2014/6/23,18144.0
2014/6/24,19054.0
2014/6/25,18460.0
2014/6/26,18231.0
2014/6/27,18051.0
2014/6/28,16858.0
2014/6/29,15592.0
2014/6/30,17895.0
2014/7/1,18285.0
2014/7/2,18877.0
2014/7/3,19228.0
2014/7/4,19066.0
2014/7/5,17298.0
2014/7/6,15993.0
2014/7/7,19815.0
2014/7/8,20329.0
2014/7/9,20752.0
2014/7/10,22030.0
2014/7/11,23394.0
2014/7/12,18895.0
2014/7/13,17133.0
2014/7/14,20796.0
2014/7/15,21313.0
2014/7/16,22141.0
2014/7/17,23239.0
2014/7/18,23371.0
2014/7/19,21460.0
2014/7/20,21209.0
2014/7/21,25401.0
2014/7/22,25704.0
2014/7/23,26306.0
2014/7/24,25713.0
2014/7/25,24454.0
2014/7/26,21783.0
2014/7/27,20741.0
2014/7/28,24744.0
2014/7/29,25097.0
2014/7/30,25765.0
2014/7/31,25449.0
2014/8/1,23156.0
2014/8/2,20192.0
2014/8/3,20571.0
2014/8/4,26209.0
2014/8/5,26775.0
2014/8/6,26838.0
2014/8/7,26008.0
2014/8/8,25275.0
2014/8/9,20736.0
2014/8/10,19688.0
2014/8/11,23373.0
2014/8/12,20570.0
2014/8/13,21651.0
2014/8/14,21393.0
2014/8/15,20502.0
2014/8/16,19096.0
2014/8/17,17546.0
2014/8/18,20083.0
2014/8/19,18686.0
2014/8/20,18658.0
2014/8/21,19457.0
2014/8/22,20478.0
2014/8/23,19229.0
2014/8/24,18500.0
2014/8/25,20713.0
2014/8/26,21383.0
2014/8/27,20304.0
2014/8/28,20649.0
2014/8/29,19615.0
2014/8/30,18604.0
2014/8/31,18920.0
2014/9/1,20450.0
2014/9/2,20872.0
2014/9/3,20284.0
2014/9/4,19592.0
2014/9/5,20234.0
2014/9/6,16339.0
2014/9/7,14942.0
2014/9/8,14388.0
2014/9/9,19899.0
2014/9/10,19865.0
2014/9/11,19576.0
2014/9/12,19266.0
2014/9/13,17501.0
2014/9/14,16480.0
2014/9/15,19089.0
2014/9/16,18935.0
2014/9/17,18894.0
2014/9/18,18239.0
2014/9/19,17835.0
2014/9/20,16725.0
2014/9/21,16292.0
2014/9/22,18565.0
2014/9/23,17770.0
2014/9/24,18321.0
2014/9/25,18302.0
2014/9/26,18456.0
2014/9/27,17129.0
2014/9/28,17996.0
2014/9/29,18049.0
2014/9/30,16985.0
2014/10/1,12460.0
2014/10/2,12241.0
2014/10/3,12635.0
2014/10/4,13662.0
2014/10/5,14113.0
2014/10/6,14662.0
2014/10/7,15326.0
2014/10/8,16726.0
2014/10/9,17048.0
2014/10/10,17256.0
2014/10/11,17250.0
2014/10/12,16266.0
2014/10/13,16834.0
2014/10/14,16465.0
2014/10/15,16624.0
2014/10/16,16718.0
2014/10/17,16640.0
2014/10/18,15113.0
2014/10/19,14864.0
2014/10/20,16660.0
2014/10/21,16666.0
2014/10/22,16747.0
2014/10/23,16840.0
2014/10/24,16743.0
2014/10/25,15513.0
2014/10/26,14928.0
2014/10/27,16751.0
2014/10/28,16596.0
2014/10/29,16769.0
2014/10/30,16734.0
2014/10/31,16730.0
2014/11/1,15495.0
2014/11/2,14665.0
2014/11/3,16349.0
2014/11/4,16495.0
2014/11/5,16496.0
2014/11/6,16672.0
2014/11/7,16515.0
2014/11/8,15496.0
2014/11/9,14439.0
2014/11/10,16767.0
2014/11/11,16778.0
2014/11/12,16919.0
2014/11/13,17031.0
2014/11/14,17149.0
2014/11/15,15998.0
2014/11/16,15235.0
2014/11/17,17291.0
2014/11/18,17237.0
2014/11/19,17270.0
2014/11/20,17250.0
2014/11/21,16973.0
2014/11/22,15688.0
2014/11/23,15023.0
2014/11/24,17258.0
2014/11/25,17311.0
2014/11/26,17207.0
2014/11/27,17391.0
2014/11/28,17374.0
2014/11/29,16079.0
2014/11/30,15517.0
2014/12/1,18544.0
2014/12/2,18797.0
2014/12/3,19796.0
2014/12/4,19904.0
2014/12/5,20767.0
2014/12/6,19238.0
2014/12/7,18374.0
2014/12/8,19916.0
2014/12/9,20386.0
2014/12/10,20111.0
2014/12/11,20585.0
2014/12/12,21296.0
2014/12/13,19554.0
2014/12/14,18633.0
2014/12/15,20753.0
2014/12/16,21879.0
2014/12/17,22185.0
2014/12/18,22203.0
2014/12/19,21737.0
2014/12/20,19485.0
2014/12/21,18931.0
2014/12/22,21805.0
2014/12/23,21708.0
2014/12/24,21413.0
2014/12/25,20897.0
2014/12/26,20923.0
2014/12/27,19111.0
2014/12/28,18807.0
2014/12/29,20511.0
2014/12/30,20257.0
2014/12/31,19876.0
2015/1/1,16711.0
2015/1/2,18439.0
2015/1/3,19246.0
2015/1/4,20507.0
2015/1/5,19477.0
2015/1/6,20634.0
2015/1/7,21360.0
2015/1/8,21678.0
2015/1/9,21538.0
2015/1/10,19005.0
2015/1/11,18263.0
2015/1/12,20724.0
2015/1/13,20788.0
2015/1/14,21759.0
2015/1/15,21589.0
2015/1/16,21534.0
2015/1/17,18675.0
2015/1/18,18089.0
2015/1/19,21224.0
2015/1/20,21514.0
2015/1/21,20745.0
2015/1/22,21452.0
2015/1/23,21340.0
2015/1/24,19701.0
2015/1/25,18708.0
2015/1/26,20567.0
2015/1/27,20509.0
2015/1/28,21819.0
2015/1/29,22707.0
2015/1/30,22884.0
2015/1/31,20957.0
2015/2/1,19794.0
2015/2/2,22226.0
2015/2/3,21783.0
2015/2/4,23132.0
2015/2/5,22360.0
2015/2/6,21756.0
2015/2/7,19796.0
2015/2/8,19407.0
2015/2/9,21496.0
2015/2/10,21418.0
2015/2/11,20858.0
2015/2/12,18351.0
2015/2/13,17677.0
2015/2/14,15965.0
2015/2/15,15627.0
2015/2/16,14122.0
2015/2/17,13121.0
2015/2/18,12391.0
2015/2/19,10818.0
2015/2/20,11304.0
2015/2/21,11682.0
2015/2/22,12032.0
2015/2/23,12913.0
2015/2/24,13848.0
2015/2/25,16156.0
2015/2/26,17046.0
2015/2/27,18008.0
2015/2/28,18766.0
2015/3/1,17645.0
2015/3/2,19789.0
2015/3/3,19689.0
2015/3/4,19933.0
2015/3/5,20509.0
2015/3/6,20483.0
2015/3/7,18065.0
2015/3/8,17699.0
2015/3/9,20363.0
2015/3/10,20661.0
2015/3/11,20594.0
2015/3/12,20745.0
2015/3/13,19852.0
2015/3/14,17296.0
2015/3/15,16620.0
2015/3/16,18812.0
2015/3/17,18241.0
2015/3/18,18155.0
2015/3/19,18338.0
2015/3/20,18351.0
2015/3/21,16531.0
2015/3/22,15767.0
2015/3/23,18096.0
2015/3/24,18115.0
2015/3/25,17928.0
2015/3/26,17790.0
2015/3/27,18218.0
2015/3/28,16228.0
2015/3/29,15199.0
2015/3/30,17753.0
2015/3/31,17222.0
2015/4/1,17070.0
2015/4/2,17070.0
2015/4/3,17322.0
2015/4/4,13402.0
2015/4/5,13790.0
2015/4/6,15515.0
2015/4/7,16981.0
2015/4/8,18776.0
2015/4/9,18546.0
2015/4/10,17404.0
2015/4/11,16023.0
2015/4/12,15116.0
2015/4/13,17434.0
2015/4/14,17389.0
2015/4/15,17070.0
2015/4/16,16718.0
2015/4/17,17022.0
2015/4/18,15880.0
2015/4/19,14921.0
2015/4/20,17254.0
2015/4/21,17097.0
2015/4/22,16970.0
2015/4/23,16909.0
2015/4/24,17145.0
2015/4/25,15739.0
2015/4/26,14978.0
2015/4/27,17161.0
2015/4/28,17559.0
2015/4/29,17731.0
2015/4/30,17731.0
2015/5/1,13156.0
2015/5/2,14040.0
2015/5/3,14720.0
2015/5/4,17095.0
2015/5/5,17159.0
2015/5/6,17202.0
2015/5/7,17165.0
2015/5/8,17428.0
2015/5/9,16167.0
2015/5/10,15114.0
2015/5/11,17458.0
2015/5/12,17521.0
2015/5/13,17696.0
2015/5/14,17850.0
2015/5/15,17852.0
2015/5/16,16081.0
2015/5/17,15220.0
2015/5/18,18234.0
2015/5/19,18114.0
2015/5/20,17967.0
2015/5/21,17827.0
2015/5/22,17640.0
2015/5/23,16406.0
2015/5/24,15217.0
2015/5/25,17919.0
2015/5/26,17781.0
2015/5/27,18031.0
