,date,index
0,2009/9/11,27
1,2009/9/12,123
2,2009/9/13,219
3,2009/9/14,315
4,2009/9/15,410
5,2009/9/16,506
6,2009/9/17,597
7,2009/9/18,693
8,2009/9/19,789
9,2009/9/20,885
10,2009/9/21,981
11,2009/9/22,1076
12,2009/9/23,1172
13,2009/9/24,1268
14,2009/9/25,1364
15,2009/9/26,1460
16,2009/9/27,1556
17,2009/9/28,1652
18,2009/9/29,1748
19,2009/9/30,1844
20,2009/10/1,1940
21,2009/10/2,2036
22,2009/10/3,2132
23,2009/10/4,2228
24,2009/10/5,2324
25,2009/10/6,2420
26,2009/10/7,2516
27,2009/10/8,2612
28,2009/10/9,2708
29,2009/10/10,2804
30,2009/10/11,2900
31,2009/10/12,2996
32,2009/10/13,3092
33,2009/10/14,3188
34,2009/10/15,3284
35,2009/10/16,3380
36,2009/10/17,3476
37,2009/10/18,3572
38,2009/10/19,3668
39,2009/10/20,3764
40,2009/10/21,3860
41,2009/10/22,3956
42,2009/10/23,4051
43,2009/10/24,4147
44,2009/10/25,4243
45,2009/10/26,4339
46,2009/10/27,4432
47,2009/10/28,4528
48,2009/10/29,4624
49,2009/10/30,4720
50,2009/10/31,4816
51,2009/11/1,4912
52,2009/11/2,5008
53,2009/11/3,5104
54,2009/11/4,5200
55,2009/11/5,5295
56,2009/11/6,5391
57,2009/11/7,5487
58,2009/11/8,5583
59,2009/11/9,5679
60,2009/11/10,5775
61,2009/11/11,5871
62,2009/11/12,5967
63,2009/11/13,6063
64,2009/11/14,6158
65,2009/11/15,6254
66,2009/11/16,6350
67,2009/11/17,6446
68,2009/11/18,6542
69,2009/11/19,6638
70,2009/11/20,6734
71,2009/11/21,6830
72,2009/11/22,6926
73,2009/11/23,7022
74,2009/11/24,7118
75,2009/11/25,7214
76,2009/11/26,7310
77,2009/11/27,7406
78,2009/11/28,7502
79,2009/11/29,7598
80,2009/11/30,7694
81,2009/12/1,7790
82,2009/12/2,7886
83,2009/12/3,7982
84,2009/12/4,8078
85,2009/12/5,8174
86,2009/12/6,8270
87,2009/12/7,8366
88,2009/12/8,8462
89,2009/12/9,8558
90,2009/12/10,8654
91,2009/12/11,8750
92,2009/12/12,8846
93,2009/12/13,8942
94,2009/12/14,9038
95,2009/12/15,9134
96,2009/12/16,9230
97,2009/12/17,9326
98,2009/12/18,9422
99,2009/12/19,9518
100,2009/12/20,9614
101,2009/12/21,9710
102,2009/12/22,9806
103,2009/12/23,9902
104,2009/12/24,9998
105,2009/12/25,10094
106,2009/12/26,10190
107,2009/12/27,10286
108,2009/12/28,10382
109,2009/12/29,10476
110,2009/12/30,10572
111,2009/12/31,10668
112,2010/1/1,10764
113,2010/1/2,10860
114,2010/1/3,10956
115,2010/1/4,11051
116,2010/1/5,11147
117,2010/1/6,11243
118,2010/1/7,11339
119,2010/1/8,11435
120,2010/1/9,11529
121,2010/1/10,11625
122,2010/1/11,11721
123,2010/1/12,11817
124,2010/1/13,11912
125,2010/1/14,12008
126,2010/1/15,12104
127,2010/1/16,12186
128,2010/1/17,12282
129,2010/1/18,12378
130,2010/1/19,12474
131,2010/1/20,12570
132,2010/1/21,12666
133,2010/1/22,12762
134,2010/1/23,12858
135,2010/1/24,12954
136,2010/1/25,13050
137,2010/1/26,13146
138,2010/1/27,13242
139,2010/1/28,13338
140,2010/1/29,13434
141,2010/1/30,13530
142,2010/1/31,13626
143,2010/2/1,13722
144,2010/2/2,13818
145,2010/2/3,13914
146,2010/2/4,14010
147,2010/2/5,14106
148,2010/2/6,14202
149,2010/2/7,14298
150,2010/2/8,14394
151,2010/2/9,14490
152,2010/2/10,14586
153,2010/2/11,14682
154,2010/2/12,14778
155,2010/2/13,14874
156,2010/2/14,14970
157,2010/2/15,15066
158,2010/2/16,15162
159,2010/2/17,15242
160,2010/2/18,15338
161,2010/2/19,15434
162,2010/2/20,15530
163,2010/2/21,15626
164,2010/2/22,15722
165,2010/2/23,15818
166,2010/2/24,15914
167,2010/2/25,16010
168,2010/2/26,16106
169,2010/2/27,16189
170,2010/2/28,16285
171,2010/3/1,16381
172,2010/3/2,16474
173,2010/3/3,16570
174,2010/3/4,16666
175,2010/3/5,16762
176,2010/3/6,16858
177,2010/3/9,17001
178,2010/3/10,17097
179,2010/3/11,17177
180,2010/3/12,17273
181,2010/3/13,17369
182,2010/3/14,17465
183,2010/3/15,17561
184,2010/3/16,17657
185,2010/3/17,17753
186,2010/3/18,17848
187,2010/3/19,17943
188,2010/3/20,18039
189,2010/3/21,18134
190,2010/3/22,18230
191,2010/3/23,18326
192,2010/3/24,18422
193,2010/3/25,18517
194,2010/3/26,18613
195,2010/3/27,18708
196,2010/3/28,18804
197,2010/3/29,18900
198,2010/3/30,18995
199,2010/3/31,19090
200,2010/4/1,19185
201,2010/4/3,19317
202,2010/4/5,19442
203,2010/4/6,19538
204,2010/4/7,19634
205,2010/4/8,19729
206,2010/4/9,19825
207,2010/4/10,19921
208,2010/4/12,20053
209,2010/4/13,20149
210,2010/4/14,20244
211,2010/4/15,20340
212,2010/4/16,20428
213,2010/4/17,20524
214,2010/4/18,20620
215,2010/4/19,20716
216,2010/4/20,20808
217,2010/4/23,20985
218,2010/4/24,21081
219,2010/4/25,21177
220,2010/4/26,21273
221,2010/4/27,21369
222,2010/4/28,21465
223,2010/4/29,21561
224,2010/4/30,21654
225,2010/5/1,21749
226,2010/5/2,21845
227,2010/5/3,21941
228,2010/5/4,22018
229,2010/5/5,22114
230,2010/5/6,22208
231,2010/5/7,22304
232,2010/5/8,22400
233,2010/5/9,22495
234,2010/5/12,22609
235,2010/5/13,22699
236,2010/5/14,22790
237,2010/5/15,22886
238,2010/5/16,22975
239,2010/5/17,23071
240,2010/5/18,23167
241,2010/5/20,23301
242,2010/5/21,23394
243,2010/5/22,23489
244,2010/5/23,23581
245,2010/5/24,23677
246,2010/5/25,23773
247,2010/5/26,23869
248,2010/5/27,23965
249,2010/5/28,24061
250,2010/5/29,24153
251,2010/5/30,24249
252,2010/6/1,24397
253,2010/6/2,24493
254,2010/6/3,24589
255,2010/6/4,24681
256,2010/6/5,24777
257,2010/6/8,24842
258,2010/6/9,24938
259,2010/6/10,25034
260,2010/6/11,25126
261,2010/6/12,25222
262,2010/6/13,25318
263,2010/6/16,25372
264,2010/6/18,25491
265,2010/6/19,25587
266,2010/6/22,25711
267,2010/6/23,25768
268,2010/6/24,25856
269,2010/6/25,25944
270,2010/6/26,26040
271,2010/6/27,26136
272,2010/6/28,26232
273,2010/6/29,26328
274,2010/6/30,26424
275,2010/7/1,26505
276,2010/7/2,26601
277,2010/7/5,26715
278,2010/7/6,26811
279,2010/7/7,26907
280,2010/7/10,27071
281,2010/7/13,27161
282,2010/7/14,27256
283,2010/7/15,27321
284,2010/7/16,27417
285,2010/7/17,27510
286,2010/7/18,27606
287,2010/7/21,27766
288,2010/7/22,27860
289,2010/7/23,27956
290,2010/7/26,28073
291,2010/7/27,28169
292,2010/7/28,28265
293,2010/7/30,28391
294,2010/7/31,28487
295,2010/8/1,28583
296,2010/8/2,28678
297,2010/8/3,28774
298,2010/8/4,28870
299,2010/8/5,28966
300,2010/8/6,29062
301,2010/8/8,29239
302,2010/8/9,29335
303,2010/8/10,29431
304,2010/8/11,29527
305,2010/8/12,29623
306,2010/8/13,29719
307,2010/8/14,29815
308,2010/8/15,29911
309,2010/8/16,30007
310,2010/8/17,30103
311,2010/8/18,30199
312,2010/8/19,30295
313,2010/8/20,30391
314,2010/8/21,30487
315,2010/8/22,30583
316,2010/8/23,30679
317,2010/8/24,30775
318,2010/8/25,30867
319,2010/8/26,30963
320,2010/8/27,31059
321,2010/8/28,31155
322,2010/8/29,31251
323,2010/8/30,31347
324,2010/8/31,31443
325,2010/9/1,31539
326,2010/9/2,31635
327,2010/9/3,31731
328,2010/9/4,31827
329,2010/9/5,31923
330,2010/9/6,32019
331,2010/9/7,32115
332,2010/9/8,32211
333,2010/9/9,32307
334,2010/9/10,32403
335,2010/9/11,32499
336,2010/9/12,32595
337,2010/9/13,32691
338,2010/9/14,32787
339,2010/9/15,32883
340,2010/9/16,32979
341,2010/9/17,33075
342,2010/9/18,33171
343,2010/9/19,33267
344,2010/9/20,33363
345,2010/9/21,33459
346,2010/9/22,33555
347,2010/9/23,33651
348,2010/9/24,33747
349,2010/9/25,33843
350,2010/9/26,33939
351,2010/9/27,34035
352,2010/9/28,34131
353,2010/9/29,34227
354,2010/9/30,34323
355,2010/10/1,34419
356,2010/10/2,34515
357,2010/10/3,34611
358,2010/10/4,34707
359,2010/10/5,34803
360,2010/10/6,34899
361,2010/10/7,34995
362,2010/10/8,35091
363,2010/10/9,35187
364,2010/10/10,35283
365,2010/10/11,35379
366,2010/10/12,35475
367,2010/10/13,35571
368,2010/10/14,35667
369,2010/10/15,35763
370,2010/10/16,35859
371,2010/10/17,35955
372,2010/10/18,36051
373,2010/10/19,36144
374,2010/10/20,36240
375,2010/10/21,36336
376,2010/10/22,36431
377,2010/10/23,36527
378,2010/10/24,36622
379,2010/10/25,36716
380,2010/10/26,36812
381,2010/10/27,36908
382,2010/10/28,37004
383,2010/10/29,37100
384,2010/10/30,37196
385,2010/10/31,37292
386,2010/11/1,37386
387,2010/11/3,37532
388,2010/11/4,37627
389,2010/11/5,37722
390,2010/11/6,37817
391,2010/11/7,37912
392,2010/11/8,38007
393,2010/11/9,38103
394,2010/11/10,38199
395,2010/11/11,38295
396,2010/11/12,38391
397,2010/11/13,38487
398,2010/11/14,38583
399,2010/11/15,38679
400,2010/11/16,38775
401,2010/11/17,38871
402,2010/11/18,38967
403,2010/11/19,39063
404,2010/11/20,39159
405,2010/11/21,39255
406,2010/11/22,39351
407,2010/11/23,39447
408,2010/11/24,39543
409,2010/11/25,39639
410,2010/11/26,39735
411,2010/11/27,39831
412,2010/11/28,39927
413,2010/11/29,40023
414,2010/11/30,40119
415,2010/12/1,40215
416,2010/12/2,40311
417,2010/12/3,40405
418,2010/12/4,40501
419,2010/12/5,40595
420,2010/12/6,40691
421,2010/12/7,40787
422,2010/12/8,40883
423,2010/12/9,40979
424,2010/12/10,41075
425,2010/12/11,41171
426,2010/12/12,41267
427,2010/12/13,41363
428,2010/12/14,41459
429,2010/12/15,41555
430,2010/12/16,41650
431,2010/12/17,41746
432,2010/12/18,41841
433,2010/12/19,41937
434,2010/12/20,42033
435,2010/12/21,42129
436,2010/12/22,42225
437,2010/12/23,42317
438,2010/12/24,42413
439,2010/12/25,42508
440,2010/12/26,42588
441,2010/12/27,42683
442,2010/12/28,42777
443,2010/12/29,42873
444,2010/12/30,42966
445,2010/12/31,43062
446,2011/1/1,43156
447,2011/1/2,43252
448,2011/1/3,43348
449,2011/1/4,43444
450,2011/1/5,43540
451,2011/1/6,43636
452,2011/1/7,43732
453,2011/1/8,43828
454,2011/1/9,43924
455,2011/1/10,44020
456,2011/1/11,44116
457,2011/1/12,44212
458,2011/1/13,44308
459,2011/1/14,44404
460,2011/1/15,44500
461,2011/1/16,44596
462,2011/1/17,44692
463,2011/1/18,44788
464,2011/1/19,44884
465,2011/1/20,44980
466,2011/1/21,45076
467,2011/1/22,45172
468,2011/1/23,45268
469,2011/1/24,45364
470,2011/1/25,45460
471,2011/1/26,45556
472,2011/1/27,45652
473,2011/1/28,45748
474,2011/1/29,45844
475,2011/1/30,45940
476,2011/1/31,46036
477,2011/2/1,46132
478,2011/2/2,46228
479,2011/2/3,46324
480,2011/2/4,46420
481,2011/2/5,46516
482,2011/2/6,46612
483,2011/2/7,46708
484,2011/2/8,46804
485,2011/2/9,46900
486,2011/2/10,46996
487,2011/2/11,47092
488,2011/2/12,47188
489,2011/2/13,47284
490,2011/2/14,47380
491,2011/2/15,47476
492,2011/2/16,47572
493,2011/2/17,47668
494,2011/2/18,47764
495,2011/2/19,47860
496,2011/2/20,47956
497,2011/2/21,48052
498,2011/2/22,48148
499,2011/2/23,48244
500,2011/2/24,48340
501,2011/2/25,48436
502,2011/2/26,48532
503,2011/2/27,48628
504,2011/2/28,48724
505,2011/3/1,48820
506,2011/3/2,48916
507,2011/3/3,49012
508,2011/3/4,49108
509,2011/3/5,49204
510,2011/3/6,49300
511,2011/3/7,49396
512,2011/3/8,49492
513,2011/3/9,49588
514,2011/3/10,49684
515,2011/3/11,49780
516,2011/3/12,49876
517,2011/3/13,49972
518,2011/3/14,50068
519,2011/3/15,50164
520,2011/3/16,50260
521,2011/3/17,50356
522,2011/3/18,50452
523,2011/3/19,50548
524,2011/3/20,50644
525,2011/3/21,50740
526,2011/3/22,50836
527,2011/3/23,50932
528,2011/3/24,51028
529,2011/3/25,51124
530,2011/3/26,51220
531,2011/3/27,51316
532,2011/3/28,51412
533,2011/3/29,51508
534,2011/3/30,51604
535,2011/3/31,51700
536,2011/4/1,51796
537,2011/4/2,51892
538,2011/4/3,51988
539,2011/4/4,52084
540,2011/4/5,52180
541,2011/4/6,52276
542,2011/4/7,52372
543,2011/4/8,52468
544,2011/4/9,52564
545,2011/4/10,52660
546,2011/4/11,52756
547,2011/4/12,52852
548,2011/4/13,52948
549,2011/4/14,53044
550,2011/4/15,53140
551,2011/4/16,53236
552,2011/4/17,53332
553,2011/4/18,53428
554,2011/4/19,53524
555,2011/4/20,53620
556,2011/4/21,53716
557,2011/4/22,53812
558,2011/4/23,53908
559,2011/4/24,54004
560,2011/4/25,54100
561,2011/4/26,54196
562,2011/4/27,54292
563,2011/4/28,54388
564,2011/4/29,54481
565,2011/4/30,54577
566,2011/5/1,54673
567,2011/5/2,54769
568,2011/5/3,54865
569,2011/5/4,54961
570,2011/5/5,55057
571,2011/5/6,55153
572,2011/5/7,55249
573,2011/5/8,55345
574,2011/5/9,55441
575,2011/5/10,55537
576,2011/5/11,55632
577,2011/5/12,55728
578,2011/5/13,55824
579,2011/5/14,55920
580,2011/5/15,56016
581,2011/5/16,56112
582,2011/5/17,56208
583,2011/5/18,56304
584,2011/5/19,56400
585,2011/5/20,56496
586,2011/5/21,56592
587,2011/5/22,56688
588,2011/5/23,56784
589,2011/5/24,56880
590,2011/5/25,56976
591,2011/5/26,57072
592,2011/5/27,57168
593,2011/5/28,57264
594,2011/5/29,57360
595,2011/5/30,57456
596,2011/5/31,57552
597,2011/6/1,57648
598,2011/6/2,57744
599,2011/6/3,57840
600,2011/6/4,57936
601,2011/6/5,58032
602,2011/6/6,58128
603,2011/6/7,58224
604,2011/6/8,58320
605,2011/6/9,58416
606,2011/6/10,58512
607,2011/6/11,58608
608,2011/6/12,58704
609,2011/6/13,58800
610,2011/6/14,58896
611,2011/6/15,58992
612,2011/6/16,59088
613,2011/6/17,59184
614,2011/6/18,59280
615,2011/6/19,59376
616,2011/6/20,59472
617,2011/6/21,59568
618,2011/6/22,59664
619,2011/6/23,59760
620,2011/6/24,59856
621,2011/6/25,59952
622,2011/6/26,60048
623,2011/6/27,60144
624,2011/6/28,60240
625,2011/6/29,60336
626,2011/6/30,60432
627,2011/7/1,60528
628,2011/7/2,60624
629,2011/7/3,60720
630,2011/7/4,60816
631,2011/7/5,60912
632,2011/7/6,61008
633,2011/7/7,61104
634,2011/7/8,61200
635,2011/7/9,61296
636,2011/7/10,61392
637,2011/7/11,61488
638,2011/7/12,61584
639,2011/7/13,61680
640,2011/7/14,61776
641,2011/7/15,61872
642,2011/7/16,61968
643,2011/7/17,62064
644,2011/7/18,62160
645,2011/7/19,62256
646,2011/7/20,62352
647,2011/7/21,62448
648,2011/7/22,62544
649,2011/7/23,62640
650,2011/7/24,62736
651,2011/7/25,62832
652,2011/7/26,62928
653,2011/7/27,63024
654,2011/7/28,63120
655,2011/7/29,63216
656,2011/7/30,63312
657,2011/7/31,63408
658,2011/8/1,63504
659,2011/8/2,63600
660,2011/8/3,63696
661,2011/8/4,63792
662,2011/8/5,63888
663,2011/8/6,63984
664,2011/8/7,64080
665,2011/8/8,64176
666,2011/8/9,64272
667,2011/8/10,64368
668,2011/8/11,64464
669,2011/8/12,64560
670,2011/8/13,64656
671,2011/8/14,64752
672,2011/8/15,64848
673,2011/8/16,64944
674,2011/8/17,65040
675,2011/8/18,65136
676,2011/8/19,65232
677,2011/8/20,65328
678,2011/8/21,65424
679,2011/8/22,65520
680,2011/8/23,65616
681,2011/8/24,65712
682,2011/8/25,65808
683,2011/8/26,65904
684,2011/8/27,66000
685,2011/8/28,66096
686,2011/8/29,66192
687,2011/8/30,66288
688,2011/8/31,66384
689,2011/9/1,66480
690,2011/9/2,66576
691,2011/9/3,66672
692,2011/9/4,66768
693,2011/9/5,66864
694,2011/9/6,66960
695,2011/9/7,67056
696,2011/9/8,67152
697,2011/9/9,67248
698,2011/9/10,67344
699,2011/9/11,67440
700,2011/9/12,67536
701,2011/9/13,67632
702,2011/9/14,67728
703,2011/9/15,67824
704,2011/9/16,67920
705,2011/9/17,68016
706,2011/9/18,68112
707,2011/9/19,68208
708,2011/9/20,68304
709,2011/9/21,68400
710,2011/9/22,68496
711,2011/9/23,68592
712,2011/9/24,68688
713,2011/9/25,68784
714,2011/9/26,68880
715,2011/9/27,68976
716,2011/9/28,69072
717,2011/9/29,69168
718,2011/9/30,69264
719,2011/10/1,69360
720,2011/10/2,69456
721,2011/10/3,69552
722,2011/10/4,69648
723,2011/10/5,69744
724,2011/10/6,69840
725,2011/10/7,69936
726,2011/10/8,70032
727,2011/10/9,70128
728,2011/10/10,70224
729,2011/10/11,70320
730,2011/10/12,70416
731,2011/10/13,70512
732,2011/10/14,70608
733,2011/10/15,70704
734,2011/10/16,70800
735,2011/10/17,70896
736,2011/10/18,70992
737,2011/10/19,71088
738,2011/10/20,71184
739,2011/10/21,71280
740,2011/10/22,71376
741,2011/10/23,71472
742,2011/10/24,71568
743,2011/10/25,71664
744,2011/10/26,71760
745,2011/10/27,71855
746,2011/10/28,71951
747,2011/10/29,72047
748,2011/10/30,72143
749,2011/10/31,72239
750,2011/11/1,72335
751,2011/11/2,72431
752,2011/11/3,72527
753,2011/11/4,72623
754,2011/11/5,72719
755,2011/11/6,72815
756,2011/11/7,72911
757,2011/11/8,73007
758,2011/11/9,73103
759,2011/11/10,73199
760,2011/11/11,73295
761,2011/11/12,73391
762,2011/11/13,73487
763,2011/11/14,73583
764,2011/11/15,73679
765,2011/11/16,73775
766,2011/11/17,73871
767,2011/11/18,73967
768,2011/11/19,74063
769,2011/11/20,74159
770,2011/11/21,74255
771,2011/11/22,74351
772,2011/11/23,74447
773,2011/11/24,74543
774,2011/11/25,74639
775,2011/11/26,74735
776,2011/11/27,74831
777,2011/11/28,74927
778,2011/11/29,75023
779,2011/11/30,75119
780,2011/12/1,75213
781,2011/12/2,75309
782,2011/12/3,75405
783,2011/12/4,75501
784,2011/12/5,75597
785,2011/12/6,75693
786,2011/12/7,75789
787,2011/12/8,75885
788,2011/12/9,75981
789,2011/12/10,76077
790,2011/12/11,76173
791,2011/12/12,76269
792,2011/12/13,76365
793,2011/12/14,76461
794,2011/12/15,76557
795,2011/12/16,76653
796,2011/12/17,76749
797,2011/12/18,76845
798,2011/12/19,76941
799,2011/12/20,77037
800,2011/12/21,77133
801,2011/12/22,77229
802,2011/12/23,77325
803,2011/12/24,77421
804,2011/12/25,77517
805,2011/12/26,77613
806,2011/12/27,77709
807,2011/12/28,77805
808,2011/12/29,77901
809,2011/12/30,77997
810,2011/12/31,78093
811,2012/1/1,78189
812,2012/1/2,78285
813,2012/1/3,78381
814,2012/1/4,78477
815,2012/1/5,78573
816,2012/1/6,78669
817,2012/1/7,78765
818,2012/1/8,78861
819,2012/1/9,78957
820,2012/1/10,79053
821,2012/1/11,79149
822,2012/1/12,79245
823,2012/1/13,79341
824,2012/1/14,79437
825,2012/1/15,79533
826,2012/1/16,79629
827,2012/1/17,79725
828,2012/1/18,79821
829,2012/1/19,79917
830,2012/1/20,80013
831,2012/1/21,80109
832,2012/1/22,80205
833,2012/1/23,80301
834,2012/1/24,80397
835,2012/1/25,80493
836,2012/1/26,80589
837,2012/1/27,80685
838,2012/1/28,80781
839,2012/1/29,80877
840,2012/1/30,80973
841,2012/1/31,81069
842,2012/2/1,81165
843,2012/2/2,81261
844,2012/2/3,81357
845,2012/2/4,81453
846,2012/2/5,81549
847,2012/2/6,81645
848,2012/2/7,81741
849,2012/2/8,81837
850,2012/2/9,81933
851,2012/2/10,82029
852,2012/2/11,82125
853,2012/2/12,82221
854,2012/2/13,82317
855,2012/2/14,82413
856,2012/2/15,82509
857,2012/2/16,82605
858,2012/2/17,82701
859,2012/2/18,82797
860,2012/2/19,82893
861,2012/2/20,82989
862,2012/2/21,83085
863,2012/2/22,83181
864,2012/2/23,83277
865,2012/2/24,83373
866,2012/2/25,83469
867,2012/2/26,83565
868,2012/2/27,83661
869,2012/2/28,83757
870,2012/2/29,83853
871,2012/3/1,83949
872,2012/3/2,84045
873,2012/3/3,84141
874,2012/3/4,84237
875,2012/3/5,84333
876,2012/3/6,84429
877,2012/3/7,84525
878,2012/3/8,84621
879,2012/3/9,84717
880,2012/3/10,84813
881,2012/3/11,84909
882,2012/3/12,85005
883,2012/3/13,85101
884,2012/3/14,85197
885,2012/3/15,85293
886,2012/3/16,85389
887,2012/3/17,85485
888,2012/3/18,85581
889,2012/3/19,85677
890,2012/3/20,85773
891,2012/3/21,85869
892,2012/3/22,85965
893,2012/3/23,86061
894,2012/3/24,86157
895,2012/3/25,86253
896,2012/3/26,86349
897,2012/3/27,86445
898,2012/3/28,86541
899,2012/3/29,86637
900,2012/3/30,86733
901,2012/3/31,86829
902,2012/4/1,86925
903,2012/4/2,87021
904,2012/4/3,87117
905,2012/4/4,87213
906,2012/4/5,87309
907,2012/4/6,87405
908,2012/4/7,87501
909,2012/4/8,87597
910,2012/4/9,87693
911,2012/4/10,87789
912,2012/4/11,87885
913,2012/4/12,87981
914,2012/4/13,88077
915,2012/4/14,88173
916,2012/4/15,88269
917,2012/4/16,88365
918,2012/4/17,88461
919,2012/4/18,88557
920,2012/4/19,88653
921,2012/4/20,88749
922,2012/4/21,88845
923,2012/4/22,88941
924,2012/4/23,89037
925,2012/4/24,89133
926,2012/4/25,89229
927,2012/4/26,89325
928,2012/4/27,89421
929,2012/4/28,89517
930,2012/4/29,89613
931,2012/4/30,89709
932,2012/5/1,89805
933,2012/5/2,89901
934,2012/5/3,89997
935,2012/5/4,90093
936,2012/5/5,90189
937,2012/5/6,90285
938,2012/5/7,90381
939,2012/5/8,90477
940,2012/5/9,90573
941,2012/5/10,90669
942,2012/5/11,90765
943,2012/5/12,90861
944,2012/5/13,90957
945,2012/5/14,91053
946,2012/5/15,91149
947,2012/5/16,91245
948,2012/5/17,91341
949,2012/5/18,91437
950,2012/5/19,91533
951,2012/5/20,91629
952,2012/5/21,91725
953,2012/5/22,91821
954,2012/5/23,91917
955,2012/5/24,92013
956,2012/5/25,92109
957,2012/5/26,92205
958,2012/5/27,92301
959,2012/5/28,92397
960,2012/5/29,92493
961,2012/5/30,92589
962,2012/5/31,92685
963,2012/6/1,92781
964,2012/6/2,92877
965,2012/6/3,92973
966,2012/6/4,93069
967,2012/6/5,93165
968,2012/6/6,93261
969,2012/6/7,93357
970,2012/6/8,93453
971,2012/6/9,93549
972,2012/6/10,93645
973,2012/6/11,93741
974,2012/6/12,93837
975,2012/6/13,93933
976,2012/6/14,94029
977,2012/6/15,94125
978,2012/6/16,94221
979,2012/6/17,94317
980,2012/6/18,94413
981,2012/6/19,94509
982,2012/6/20,94605
983,2012/6/21,94701
984,2012/6/22,94797
985,2012/6/23,94893
986,2012/6/24,94989
987,2012/6/25,95085
988,2012/6/26,95181
989,2012/6/27,95277
990,2012/6/28,95373
991,2012/6/29,95469
992,2012/6/30,95565
993,2012/7/1,95661
994,2012/7/2,95757
995,2012/7/3,95853
996,2012/7/4,95949
997,2012/7/5,96044
998,2012/7/6,96140
999,2012/7/7,96236
1000,2012/7/8,96332
1001,2012/7/9,96428
1002,2012/7/10,96524
1003,2012/7/11,96620
1004,2012/7/12,96716
1005,2012/7/13,96812
1006,2012/7/14,96908
1007,2012/7/15,97004
1008,2012/7/16,97100
1009,2012/7/17,97196
1010,2012/7/18,97292
1011,2012/7/19,97388
1012,2012/7/20,97484
1013,2012/7/21,97580
1014,2012/7/22,97676
1015,2012/7/23,97772
1016,2012/7/24,97868
1017,2012/7/25,97964
1018,2012/7/26,98060
1019,2012/7/27,98156
1020,2012/7/28,98252
1021,2012/7/29,98348
1022,2012/7/30,98444
1023,2012/7/31,98540
1024,2012/8/1,98636
1025,2012/8/2,98732
1026,2012/8/3,98828
1027,2012/8/4,98924
1028,2012/8/5,99020
1029,2012/8/6,99116
1030,2012/8/7,99212
1031,2012/8/8,99308
1032,2012/8/9,99404
1033,2012/8/10,99500
1034,2012/8/11,99596
1035,2012/8/12,99692
1036,2012/8/13,99788
1037,2012/8/14,99884
1038,2012/8/15,99980
1039,2012/8/16,100076
1040,2012/8/17,100172
1041,2012/8/18,100268
1042,2012/8/19,100364
1043,2012/8/20,100460
1044,2012/8/21,100556
1045,2012/8/22,100652
1046,2012/8/23,100748
1047,2012/8/24,100844
1048,2012/8/25,100940
1049,2012/8/26,101036
1050,2012/8/27,101131
1051,2012/8/28,101227
1052,2012/8/29,101323
1053,2012/8/30,101419
1054,2012/8/31,101515
1055,2012/9/1,101611
1056,2012/9/2,101707
1057,2012/9/3,101803
1058,2012/9/4,101899
1059,2012/9/5,101995
1060,2012/9/6,102091
1061,2012/9/7,102187
1062,2012/9/8,102283
1063,2012/9/9,102379
1064,2012/9/10,102475
1065,2012/9/11,102571
1066,2012/9/12,102667
1067,2012/9/13,102763
1068,2012/9/14,102859
1069,2012/9/15,102955
1070,2012/9/16,103051
1071,2012/9/17,103147
1072,2012/9/18,103243
1073,2012/9/19,103339
1074,2012/9/20,103435
1075,2012/9/21,103531
1076,2012/9/22,103627
1077,2012/9/23,103723
1078,2012/9/24,103819
1079,2012/9/25,103915
1080,2012/9/26,104011
1081,2012/9/27,104107
1082,2012/9/28,104203
1083,2012/9/29,104299
1084,2012/9/30,104395
1085,2012/10/1,104491
1086,2012/10/2,104587
1087,2012/10/3,104683
1088,2012/10/4,104779
1089,2012/10/5,104875
1090,2012/10/6,104971
1091,2012/10/7,105067
1092,2012/10/8,105163
1093,2012/10/9,105259
1094,2012/10/10,105355
1095,2012/10/11,105451
1096,2012/10/12,105547
1097,2012/10/13,105643
1098,2012/10/14,105739
1099,2012/10/15,105835
1100,2012/10/16,105931
1101,2012/10/17,106027
1102,2012/10/18,106123
1103,2012/10/19,106219
1104,2012/10/20,106315
1105,2012/10/21,106411
1106,2012/10/22,106507
1107,2012/10/23,106603
1108,2012/10/24,106699
1109,2012/10/25,106795
1110,2012/10/26,106891
1111,2012/10/27,106987
1112,2012/10/28,107083
1113,2012/10/29,107179
1114,2012/10/30,107275
1115,2012/10/31,107371
1116,2012/11/1,107467
1117,2012/11/2,107563
1118,2012/11/3,107659
1119,2012/11/4,107755
1120,2012/11/5,107851
1121,2012/11/6,107947
1122,2012/11/7,108043
1123,2012/11/8,108139
1124,2012/11/9,108235
1125,2012/11/10,108331
1126,2012/11/11,108427
1127,2012/11/12,108523
1128,2012/11/13,108619
1129,2012/11/14,108715
1130,2012/11/15,108811
1131,2012/11/16,108907
1132,2012/11/17,109003
1133,2012/11/18,109099
1134,2012/11/19,109195
1135,2012/11/20,109291
1136,2012/11/21,109387
1137,2012/11/22,109483
1138,2012/11/23,109579
1139,2012/11/24,109675
1140,2012/11/25,109771
1141,2012/11/26,109867
1142,2012/11/27,109963
1143,2012/11/28,110059
1144,2012/11/29,110155
1145,2012/11/30,110251
1146,2012/12/1,110347
1147,2012/12/2,110443
1148,2012/12/3,110539
1149,2012/12/4,110635
1150,2012/12/5,110731
1151,2012/12/6,110827
1152,2012/12/7,110923
1153,2012/12/8,111019
1154,2012/12/9,111115
1155,2012/12/10,111211
1156,2012/12/11,111307
1157,2012/12/12,111403
1158,2012/12/13,111499
1159,2012/12/14,111595
1160,2012/12/15,111691
1161,2012/12/16,111787
1162,2012/12/17,111883
1163,2012/12/18,111979
1164,2012/12/19,112075
1165,2012/12/20,112171
1166,2012/12/21,112267
1167,2012/12/22,112363
1168,2012/12/23,112459
1169,2012/12/24,112555
1170,2012/12/25,112651
1171,2012/12/26,112747
1172,2012/12/27,112843
1173,2012/12/28,112939
1174,2012/12/29,113035
1175,2012/12/30,113131
1176,2012/12/31,113227
1177,2013/1/1,113323
1178,2013/1/2,113419
1179,2013/1/3,113515
1180,2013/1/4,113611
1181,2013/1/5,113707
1182,2013/1/6,113803
1183,2013/1/7,113899
1184,2013/1/8,113995
1185,2013/1/9,114091
1186,2013/1/10,114187
1187,2013/1/11,114283
1188,2013/1/12,114379
1189,2013/1/13,114475
1190,2013/1/14,114571
1191,2013/1/15,114667
1192,2013/1/16,114763
1193,2013/1/17,114859
1194,2013/1/18,114955
1195,2013/1/19,115051
1196,2013/1/20,115147
1197,2013/1/21,115243
1198,2013/1/22,115339
1199,2013/1/23,115435
1200,2013/1/24,115531
1201,2013/1/25,115627
1202,2013/1/26,115723
1203,2013/1/27,115819
1204,2013/1/28,115915
1205,2013/1/29,116011
1206,2013/1/30,116107
1207,2013/1/31,116203
1208,2013/2/1,116299
1209,2013/2/2,116395
1210,2013/2/3,116491
1211,2013/2/4,116587
1212,2013/2/5,116683
1213,2013/2/6,116779
1214,2013/2/7,116875
1215,2013/2/8,116971
1216,2013/2/9,117067
1217,2013/2/10,117163
1218,2013/2/11,117259
1219,2013/2/12,117355
1220,2013/2/13,117451
1221,2013/2/14,117547
1222,2013/2/15,117643
1223,2013/2/16,117739
1224,2013/2/17,117835
1225,2013/2/18,117931
1226,2013/2/19,118027
1227,2013/2/20,118123
1228,2013/2/21,118219
1229,2013/2/22,118315
1230,2013/2/23,118411
1231,2013/2/24,118507
1232,2013/2/25,118603
1233,2013/2/26,118699
1234,2013/2/27,118795
1235,2013/2/28,118891
1236,2013/3/1,118987
1237,2013/3/2,119083
1238,2013/3/3,119179
1239,2013/3/4,119275
1240,2013/3/5,119371
1241,2013/3/6,119467
1242,2013/3/7,119563
1243,2013/3/8,119659
1244,2013/3/9,119755
1245,2013/3/10,119851
1246,2013/3/11,119947
1247,2013/3/12,120043
1248,2013/3/13,120139
1249,2013/3/14,120235
1250,2013/3/15,120331
1251,2013/3/16,120427
1252,2013/3/17,120523
1253,2013/3/18,120619
1254,2013/3/19,120715
1255,2013/3/20,120811
1256,2013/3/21,120907
1257,2013/3/22,121003
1258,2013/3/23,121099
1259,2013/3/24,121195
1260,2013/3/25,121291
1261,2013/3/26,121387
1262,2013/3/27,121483
1263,2013/3/28,121579
1264,2013/3/29,121675
1265,2013/3/30,121771
1266,2013/3/31,121867
1267,2013/4/1,121963
1268,2013/4/2,122059
1269,2013/4/3,122155
1270,2013/4/4,122251
1271,2013/4/5,122347
1272,2013/4/6,122443
1273,2013/4/7,122539
1274,2013/4/8,122635
1275,2013/4/9,122731
1276,2013/4/10,122827
1277,2013/4/11,122923
1278,2013/4/12,123019
1279,2013/4/13,123115
1280,2013/4/14,123211
1281,2013/4/15,123307
1282,2013/4/16,123403
1283,2013/4/17,123499
1284,2013/4/18,123595
1285,2013/4/19,123691
1286,2013/4/20,123787
1287,2013/4/21,123883
1288,2013/4/22,123979
1289,2013/4/23,124075
1290,2013/4/24,124171
1291,2013/4/25,124267
1292,2013/4/26,124363
1293,2013/4/27,124459
1294,2013/4/28,124555
1295,2013/4/29,124651
1296,2013/4/30,124747
1297,2013/5/1,124843
1298,2013/5/2,124939
1299,2013/5/3,125035
1300,2013/5/4,125131
1301,2013/5/5,125227
1302,2013/5/6,125323
1303,2013/5/7,125419
1304,2013/5/8,125515
1305,2013/5/9,125611
1306,2013/5/10,125707
1307,2013/5/11,125803
1308,2013/5/12,125899
1309,2013/5/13,125995
1310,2013/5/14,126091
1311,2013/5/15,126187
1312,2013/5/16,126283
1313,2013/5/17,126379
1314,2013/5/18,126475
1315,2013/5/19,126571
1316,2013/5/20,126667
1317,2013/5/21,126763
1318,2013/5/22,126859
1319,2013/5/23,126955
1320,2013/5/24,127051
1321,2013/5/25,127147
1322,2013/5/26,127243
1323,2013/5/27,127339
1324,2013/5/28,127435
1325,2013/5/29,127531
1326,2013/5/30,127627
1327,2013/5/31,127723
1328,2013/6/1,127819
1329,2013/6/2,127915
1330,2013/6/3,128011
1331,2013/6/4,128107
1332,2013/6/5,128203
1333,2013/6/6,128299
1334,2013/6/7,128395
1335,2013/6/8,128491
1336,2013/6/9,128587
1337,2013/6/10,128683
1338,2013/6/11,128779
1339,2013/6/12,128875
1340,2013/6/13,128971
1341,2013/6/14,129067
1342,2013/6/15,129163
1343,2013/6/16,129259
1344,2013/6/17,129355
1345,2013/6/18,129451
1346,2013/6/19,129547
1347,2013/6/20,129643
1348,2013/6/21,129739
1349,2013/6/22,129835
1350,2013/6/23,129931
1351,2013/6/24,130027
1352,2013/6/25,130123
1353,2013/6/26,130219
1354,2013/6/27,130315
1355,2013/6/28,130411
1356,2013/6/29,130507
1357,2013/6/30,130603
1358,2013/7/1,130699
1359,2013/7/2,130795
1360,2013/7/3,130891
1361,2013/7/4,130987
1362,2013/7/5,131083
1363,2013/7/6,131179
1364,2013/7/7,131275
1365,2013/7/8,131371
1366,2013/7/9,131467
1367,2013/7/10,131563
1368,2013/7/11,131659
1369,2013/7/12,131755
1370,2013/7/13,131851
1371,2013/7/14,131947
1372,2013/7/15,132043
1373,2013/7/16,132139
1374,2013/7/17,132235
1375,2013/7/18,132331
1376,2013/7/19,132426
1377,2013/7/20,132520
1378,2013/7/21,132616
1379,2013/7/22,132712
1380,2013/7/23,132808
1381,2013/7/24,132904
1382,2013/7/25,133000
1383,2013/7/26,133096
1384,2013/7/27,133192
1385,2013/7/28,133288
1386,2013/7/29,133383
1387,2013/7/30,133479
1388,2013/7/31,133575
1389,2013/8/1,133671
1390,2013/8/2,133764
1391,2013/8/3,133860
1392,2013/8/4,133953
1393,2013/8/5,134047
1394,2013/8/6,134143
1395,2013/8/7,134239
1396,2013/8/8,134335
1397,2013/8/9,134431
1398,2013/8/10,134527
1399,2013/8/11,134623
1400,2013/8/12,134719
1401,2013/8/13,134815
1402,2013/8/14,134908
1403,2013/8/15,135000
1404,2013/8/16,135096
1405,2013/8/17,135192
1406,2013/8/18,135288
1407,2013/8/19,135384
1408,2013/8/20,135480
1409,2013/8/21,135576
1410,2013/8/22,135672
1411,2013/8/23,135768
1412,2013/8/24,135864
1413,2013/8/25,135960
1414,2013/8/26,136056
1415,2013/8/27,136152
1416,2013/8/28,136248
1417,2013/8/29,136344
1418,2013/8/30,136440
1419,2013/8/31,136536
1420,2013/9/1,136632
1421,2013/9/2,138071
1422,2013/9/3,139511
1423,2013/9/4,140951
1424,2013/9/5,142391
1425,2013/9/6,143831
1426,2013/9/7,145268
1427,2013/9/8,146708
1428,2013/9/9,148148
1429,2013/9/10,149588
1430,2013/9/11,151028
1431,2013/9/12,152468
1432,2013/9/13,153908
1433,2013/9/14,155347
1434,2013/9/15,156787
1435,2013/9/16,158227
1436,2013/9/17,159667
1437,2013/9/18,161107
1438,2013/9/19,162547
1439,2013/9/20,163987
1440,2013/9/21,165427
1441,2013/9/22,166867
1442,2013/9/23,168306
1443,2013/9/24,169745
1444,2013/9/25,171185
1445,2013/9/26,172625
1446,2013/9/27,174064
1447,2013/9/28,175504
1448,2013/9/29,176943
1449,2013/9/30,178383
1450,2013/10/1,179823
1451,2013/10/2,181263
1452,2013/10/3,182703
1453,2013/10/4,184143
1454,2013/10/5,185583
1455,2013/10/6,187023
1456,2013/10/7,188463
1457,2013/10/8,189903
1458,2013/10/9,191343
1459,2013/10/10,192782
1460,2013/10/11,194222
1461,2013/10/12,195662
1462,2013/10/13,197102
1463,2013/10/14,198542
1464,2013/10/15,199982
1465,2013/10/16,201422
1466,2013/10/17,202862
1467,2013/10/18,204302
1468,2013/10/19,205742
1469,2013/10/20,207182
1470,2013/10/21,208622
1471,2013/10/22,210062
1472,2013/10/23,211501
1473,2013/10/24,212940
1474,2013/10/25,214380
1475,2013/10/26,215820
1476,2013/10/27,217260
1477,2013/10/28,218700
1478,2013/10/29,220140
1479,2013/10/30,221580
1480,2013/10/31,223019
1481,2013/11/1,224459
1482,2013/11/2,225899
1483,2013/11/3,227339
1484,2013/11/4,228779
1485,2013/11/5,230051
1486,2013/11/6,231491
1487,2013/11/7,232931
1488,2013/11/8,234370
1489,2013/11/9,235810
1490,2013/11/10,237250
1491,2013/11/11,238689
1492,2013/11/12,240129
1493,2013/11/13,241569
1494,2013/11/14,243009
1495,2013/11/15,244449
1496,2013/11/16,245888
1497,2013/11/17,247327
1498,2013/11/18,248767
1499,2013/11/19,250206
1500,2013/11/20,251646
1501,2013/11/21,253085
1502,2013/11/22,254478
1503,2013/11/23,255918
1504,2013/11/24,257358
1505,2013/11/25,258798
1506,2013/11/26,260238
1507,2013/11/27,261677
1508,2013/11/28,263115
1509,2013/11/29,264554
1510,2013/11/30,265993
1511,2013/12/1,267433
1512,2013/12/2,268873
1513,2013/12/3,270312
1514,2013/12/4,271752
1515,2013/12/5,273190
1516,2013/12/6,274629
1517,2013/12/7,276068
1518,2013/12/8,277507
1519,2013/12/9,278946
1520,2013/12/10,280386
1521,2013/12/11,281825
1522,2013/12/12,283265
1523,2013/12/13,284704
1524,2013/12/14,286144
1525,2013/12/15,287584
1526,2013/12/16,289024
1527,2013/12/17,290463
1528,2013/12/18,291902
1529,2013/12/19,293340
1530,2013/12/20,294780
1531,2013/12/21,296220
1532,2013/12/22,297660
1533,2013/12/23,299100
1534,2013/12/24,300539
1535,2013/12/25,301979
1536,2013/12/26,303418
1537,2013/12/27,304858
1538,2013/12/28,306298
1539,2013/12/29,307737
1540,2013/12/30,309177
1541,2013/12/31,310617
1542,2014/1/1,312057
1543,2014/1/2,313495
1544,2014/1/3,314935
1545,2014/1/4,316375
1546,2014/1/5,317814
1547,2014/1/6,319252
1548,2014/1/7,320692
1549,2014/1/8,322131
1550,2014/1/9,323571
1551,2014/1/10,325009
1552,2014/1/11,326449
1553,2014/1/12,327886
1554,2014/1/13,329326
1555,2014/1/14,330750
1556,2014/1/15,332167
1557,2014/1/16,333603
1558,2014/1/17,335042
1559,2014/1/18,336480
1560,2014/1/19,337920
1561,2014/1/20,339357
1562,2014/1/21,340796
1563,2014/1/22,342233
1564,2014/1/23,343672
1565,2014/1/24,345110
1566,2014/1/25,346548
1567,2014/1/26,347987
1568,2014/1/27,349426
1569,2014/1/28,350861
1570,2014/1/29,352300
1571,2014/1/30,353735
1572,2014/1/31,355174
1573,2014/2/1,356610
1574,2014/2/2,358049
1575,2014/2/3,359488
1576,2014/2/4,360928
1577,2014/2/5,362367
1578,2014/2/6,363805
1579,2014/2/7,365243
1580,2014/2/8,366682
1581,2014/2/9,368122
1582,2014/2/11,369516
1583,2014/2/12,370950
1584,2014/2/13,372388
1585,2014/2/14,373828
1586,2014/2/15,375268
1587,2014/2/16,376707
1588,2014/2/17,378147
1589,2014/2/18,379587
1590,2014/2/19,381027
1591,2014/2/20,382466
1592,2014/2/21,383895
1593,2014/2/22,385335
1594,2014/2/23,386775
1595,2014/2/24,388215
1596,2014/2/25,389654
1597,2014/2/26,391093
1598,2014/2/27,392533
1599,2014/2/28,393973
1600,2014/3/1,395411
1601,2014/3/2,396851
1602,2014/3/3,398291
1603,2014/3/4,399728
1604,2014/3/5,401167
1605,2014/3/6,402607
1606,2014/3/7,404047
1607,2014/3/8,405487
1608,2014/3/9,406926
1609,2014/3/10,408366
1610,2014/3/11,409805
1611,2014/3/12,411243
1612,2014/3/13,412682
1613,2014/3/14,414122
1614,2014/3/15,415562
1615,2014/3/16,417001
1616,2014/3/17,418441
1617,2014/3/18,419880
1618,2014/3/19,421320
1619,2014/3/20,422759
1620,2014/3/21,424199
1621,2014/3/22,425639
1622,2014/3/23,427079
1623,2014/3/24,428519
1624,2014/3/25,429959
1625,2014/3/26,431399
1626,2014/3/27,432839
1627,2014/3/28,434279
1628,2014/3/29,435719
1629,2014/3/30,437159
1630,2014/3/31,438599
1631,2014/4/1,440039
1632,2014/4/2,441479
1633,2014/4/3,442919
1634,2014/4/4,444359
1635,2014/4/5,445799
1636,2014/4/6,447239
1637,2014/4/7,448679
1638,2014/4/8,450119
1639,2014/4/9,451559
1640,2014/4/10,452999
1641,2014/4/11,454439
1642,2014/4/12,455879
1643,2014/4/13,457319
1644,2014/4/14,458759
1645,2014/4/15,460199
1646,2014/4/16,461639
1647,2014/4/17,463079
1648,2014/4/18,464519
1649,2014/4/19,465959
1650,2014/4/20,467399
1651,2014/4/21,468839
1652,2014/4/22,470279
1653,2014/4/23,471719
1654,2014/4/24,473159
1655,2014/4/25,474599
1656,2014/4/26,476039
1657,2014/4/27,477479
1658,2014/4/28,478919
1659,2014/4/29,480359
1660,2014/4/30,481799
1661,2014/5/1,483239
1662,2014/5/2,484679
1663,2014/5/3,486119
1664,2014/5/4,487559
1665,2014/5/5,488999
1666,2014/5/6,490439
1667,2014/5/7,491879
1668,2014/5/8,493319
1669,2014/5/9,494759
1670,2014/5/10,496199
1671,2014/5/11,497639
1672,2014/5/12,499079
1673,2014/5/13,500519
1674,2014/5/14,501959
1675,2014/5/15,503399
1676,2014/5/16,504839
1677,2014/5/17,506279
1678,2014/5/18,507719
1679,2014/5/19,509158
1680,2014/5/20,510598
1681,2014/5/21,512038
1682,2014/5/22,513477
1683,2014/5/23,514902
1684,2014/5/24,516342
1685,2014/5/25,517782
1686,2014/5/26,519222
1687,2014/5/27,520662
1688,2014/5/28,522102
1689,2014/5/29,523541
1690,2014/5/30,524981
1691,2014/5/31,526412
1692,2014/6/1,527852
1693,2014/6/2,529292
1694,2014/6/3,530732
1695,2014/6/4,532172
1696,2014/6/5,533612
1697,2014/6/6,535052
1698,2014/6/7,536492
1699,2014/6/8,537932
1700,2014/6/9,539372
1701,2014/6/10,540812
1702,2014/6/11,542252
1703,2014/6/12,543692
1704,2014/6/13,545132
1705,2014/6/14,546572
1706,2014/6/15,548012
1707,2014/6/16,549452
1708,2014/6/17,550892
1709,2014/6/18,552332
1710,2014/6/19,553772
1711,2014/6/20,555212
1712,2014/6/21,556652
1713,2014/6/22,558092
1714,2014/6/23,559532
1715,2014/6/24,560972
1716,2014/6/25,562412
1717,2014/6/26,563852
1718,2014/6/27,565292
1719,2014/6/28,566732
1720,2014/6/29,568172
1721,2014/6/30,569612
1722,2014/7/1,571052
1723,2014/7/2,572492
1724,2014/7/3,573932
1725,2014/7/4,575372
1726,2014/7/5,576812
1727,2014/7/6,578252
1728,2014/7/7,579692
1729,2014/7/8,581132
1730,2014/7/9,582572
1731,2014/7/10,584012
1732,2014/7/11,585452
1733,2014/7/12,586892
1734,2014/7/13,588332
1735,2014/7/14,589772
1736,2014/7/15,591212
1737,2014/7/16,592652
1738,2014/7/17,594092
1739,2014/7/18,595532
1740,2014/7/19,596972
1741,2014/7/20,598412
1742,2014/7/21,599852
1743,2014/7/22,601292
1744,2014/7/23,602732
1745,2014/7/24,604172
1746,2014/7/25,605612
1747,2014/7/26,607052
1748,2014/7/27,608492
1749,2014/7/28,609932
1750,2014/7/29,611372
1751,2014/7/30,612812
1752,2014/7/31,614252
1753,2014/8/1,615692
1754,2014/8/2,617132
1755,2014/8/3,618572
1756,2014/8/4,620012
1757,2014/8/5,621452
1758,2014/8/6,622892
1759,2014/8/7,624331
1760,2014/8/8,625770
1761,2014/8/9,627207
1762,2014/8/10,628647
1763,2014/8/11,630087
1764,2014/8/12,631527
1765,2014/8/13,632967
1766,2014/8/14,634407
1767,2014/8/15,635847
1768,2014/8/16,637287
1769,2014/8/17,638727
1770,2014/8/18,640167
1771,2014/8/19,641607
1772,2014/8/20,643047
1773,2014/8/21,644487
1774,2014/8/22,645927
1775,2014/8/23,647367
1776,2014/8/24,648807
1777,2014/8/25,650247
1778,2014/8/26,651687
1779,2014/8/27,653127
1780,2014/8/28,654567
1781,2014/8/29,656007
1782,2014/8/30,657447
1783,2014/8/31,658887
1784,2014/9/1,660327
1785,2014/9/2,661767
1786,2014/9/3,663207
1787,2014/9/4,664646
1788,2014/9/5,666086
1789,2014/9/6,667526
1790,2014/9/7,668966
1791,2014/9/8,670406
1792,2014/9/9,671846
1793,2014/9/10,673286
1794,2014/9/11,674726
1795,2014/9/12,676166
1796,2014/9/13,677606
1797,2014/9/14,679046
1798,2014/9/15,680484
1799,2014/9/16,681924
1800,2014/9/17,683364
1801,2014/9/18,684804
1802,2014/9/19,686234
1803,2014/9/20,687673
1804,2014/9/21,689113
1805,2014/9/22,690553
1806,2014/9/23,691993
1807,2014/9/24,693433
1808,2014/9/25,694873
1809,2014/9/26,696311
1810,2014/9/27,697751
1811,2014/9/28,699191
1812,2014/9/29,700631
1813,2014/9/30,702071
1814,2014/10/1,703511
1815,2014/10/2,704951
1816,2014/10/3,706391
1817,2014/10/4,707831
1818,2014/10/5,709271
1819,2014/10/6,710711
1820,2014/10/7,712151
1821,2014/10/8,713591
1822,2014/10/9,715031
1823,2014/10/10,716471
1824,2014/10/11,717911
1825,2014/10/12,719351
1826,2014/10/13,720791
1827,2014/10/14,722231
1828,2014/10/15,723671
1829,2014/10/16,725111
1830,2014/10/17,726551
1831,2014/10/18,727991
1832,2014/10/19,729431
1833,2014/10/20,730871
1834,2014/10/21,732287
1835,2014/10/22,733727
1836,2014/10/23,735167
1837,2014/10/24,736607
1838,2014/10/25,738047
1839,2014/10/26,739487
1840,2014/10/27,740927
1841,2014/10/28,742367
1842,2014/10/29,743807
1843,2014/10/30,745241
1844,2014/10/31,746681
1845,2014/11/1,748121
1846,2014/11/2,749561
1847,2014/11/3,751001
1848,2014/11/4,752441
1849,2014/11/5,753881
1850,2014/11/6,755321
1851,2014/11/7,756761
1852,2014/11/8,758201
1853,2014/11/9,759641
1854,2014/11/10,761081
1855,2014/11/11,762521
1856,2014/11/12,763961
1857,2014/11/13,765401
1858,2014/11/14,766841
1859,2014/11/15,768281
1860,2014/11/16,769721
1861,2014/11/17,771161
1862,2014/11/18,772601
1863,2014/11/19,774041
1864,2014/11/20,775481
1865,2014/11/21,776921
1866,2014/11/22,778361
1867,2014/11/23,779801
1868,2014/11/24,781241
1869,2014/11/25,782681
1870,2014/11/26,784121
1871,2014/11/27,785561
1872,2014/11/28,787001
1873,2014/11/29,788441
1874,2014/11/30,789881
1875,2014/12/1,791321
1876,2014/12/2,792761
1877,2014/12/3,794201
1878,2014/12/4,795641
1879,2014/12/5,797081
1880,2014/12/6,798521
1881,2014/12/7,799961
1882,2014/12/8,801401
1883,2014/12/9,802841
1884,2014/12/10,804281
1885,2014/12/11,805721
1886,2014/12/12,807161
1887,2014/12/13,808601
1888,2014/12/14,810041
1889,2014/12/15,811481
1890,2014/12/16,812921
1891,2014/12/17,814361
1892,2014/12/18,815801
1893,2014/12/19,817241
1894,2014/12/20,818681
1895,2014/12/21,820121
1896,2014/12/22,821561
1897,2014/12/23,823001
1898,2014/12/24,824441
1899,2014/12/25,825881
1900,2014/12/26,827321
1901,2014/12/27,828761
1902,2014/12/28,830201
1903,2014/12/29,831641
1904,2014/12/30,833081
1905,2014/12/31,834521
1906,2015/1/1,835961
1907,2015/1/2,837379
1908,2015/1/3,838819
1909,2015/1/4,840259
1910,2015/1/5,841699
1911,2015/1/6,843139
1912,2015/1/7,844579
1913,2015/1/8,846019
1914,2015/1/9,847459
1915,2015/1/10,848899
1916,2015/1/11,850339
1917,2015/1/12,851779
1918,2015/1/13,853219
1919,2015/1/14,854659
1920,2015/1/15,856099
1921,2015/1/16,857539
1922,2015/1/17,858979
1923,2015/1/18,860419
1924,2015/1/19,861859
1925,2015/1/20,863299
1926,2015/1/21,864739
1927,2015/1/22,866179
1928,2015/1/23,867619
1929,2015/1/24,869059
1930,2015/1/25,870499
1931,2015/1/26,871939
1932,2015/1/27,873379
1933,2015/1/28,874819
1934,2015/1/29,876259
1935,2015/1/30,877699
1936,2015/1/31,879139
1937,2015/2/1,880579
1938,2015/2/2,882019
1939,2015/2/3,883459
1940,2015/2/4,884899
1941,2015/2/5,886339
1942,2015/2/6,887779
1943,2015/2/7,889219
1944,2015/2/8,890659
1945,2015/2/9,892099
1946,2015/2/10,893539
1947,2015/2/11,894979
1948,2015/2/12,896419
1949,2015/2/13,897859
1950,2015/2/14,899299
1951,2015/2/15,900739
1952,2015/2/16,902179
1953,2015/2/17,903619
1954,2015/2/18,905059
1955,2015/2/19,906499
1956,2015/2/20,907939
1957,2015/2/21,909379
1958,2015/2/22,910819
1959,2015/2/23,912259
1960,2015/2/24,913699
1961,2015/2/25,915139
1962,2015/2/26,916579
1963,2015/2/27,918019
1964,2015/2/28,919459
1965,2015/3/1,920899
1966,2015/3/2,922339
1967,2015/3/3,923779
1968,2015/3/4,925219
1969,2015/3/5,926659
1970,2015/3/6,928099
1971,2015/3/7,929539
1972,2015/3/8,930979
1973,2015/3/9,932419
1974,2015/3/10,933859
1975,2015/3/11,935299
1976,2015/3/12,936739
1977,2015/3/13,938179
1978,2015/3/14,939619
1979,2015/3/15,941059
1980,2015/3/16,942499
1981,2015/3/17,943939
1982,2015/3/18,945379
1983,2015/3/19,946819
1984,2015/3/20,948259
1985,2015/3/21,949699
1986,2015/3/22,951139
1987,2015/3/23,952579
1988,2015/3/24,954019
1989,2015/3/25,955459
1990,2015/3/26,956899
1991,2015/3/27,958339
1992,2015/3/28,959779
1993,2015/3/29,961219
1994,2015/3/30,962659
1995,2015/3/31,964099
1996,2015/4/1,965539
1997,2015/4/2,966979
1998,2015/4/3,968419
1999,2015/4/4,969859
2000,2015/4/5,971299
2001,2015/4/6,972738
2002,2015/4/7,974178
2003,2015/4/8,975618
2004,2015/4/9,977058
2005,2015/4/10,978498
2006,2015/4/11,979938
2007,2015/4/12,981378
2008,2015/4/13,982818
2009,2015/4/14,984258
2010,2015/4/15,985698
2011,2015/4/16,987138
2012,2015/4/17,988578
2013,2015/4/18,990018
2014,2015/4/19,991458
2015,2015/4/20,992898
2016,2015/4/21,994338
2017,2015/4/22,995778
2018,2015/4/23,997218
2019,2015/4/24,998658
2020,2015/4/25,1000098
2021,2015/4/26,1001538
2022,2015/4/27,1002978
2023,2015/4/28,1004418
2024,2015/4/29,1005858
2025,2015/4/30,1007298
2026,2015/5/1,1008738
2027,2015/5/2,1010178
2028,2015/5/3,1011618
2029,2015/5/4,1013058
2030,2015/5/5,1014498
2031,2015/5/6,1015938
2032,2015/5/7,1017378
2033,2015/5/8,1018818
2034,2015/5/9,1020258
2035,2015/5/10,1021698
2036,2015/5/11,1023138
2037,2015/5/12,1024578
2038,2015/5/13,1026018
2039,2015/5/14,1027458
2040,2015/5/15,1028898
2041,2015/5/16,1030338
2042,2015/5/17,1031778
2043,2015/5/18,1033218
2044,2015/5/19,1034658
2045,2015/5/20,1036098
2046,2015/5/21,1037538
2047,2015/5/22,1038978
2048,2015/5/23,1040418
2049,2015/5/24,1041858
2050,2015/5/25,1043298
2051,2015/5/26,1044738
2052,2015/5/27,1046177
2053,2015/5/28,1047617
