,date,FDL
1,2008/01/01,26316
2,2008/01/02,31697
3,2008/01/03,33152
4,2008/01/04,32804
5,2008/01/05,30479
6,2008/01/06,28588
7,2008/01/07,30814
8,2008/01/08,31671
9,2008/01/09,31437
10,2008/01/10,31384
11,2008/01/11,30983
12,2008/01/12,31076
13,2008/01/13,30798
14,2008/01/14,34332
15,2008/01/15,35422
16,2008/01/16,35863
17,2008/01/17,36328
18,2008/01/18,35596
19,2008/01/19,33385
20,2008/01/20,31576
21,2008/01/21,34815
22,2008/01/22,36273
23,2008/01/23,36452
24,2008/01/24,36258
25,2008/01/25,35976
26,2008/01/26,34470
27,2008/01/27,32989
28,2008/01/28,35775
29,2008/01/29,35342
30,2008/01/30,35644
31,2008/01/31,35243
32,2008/02/01,34700
33,2008/02/02,33412
34,2008/02/03,29175
35,2008/02/04,29529
36,2008/02/05,27647
37,2008/02/06,24580
38,2008/02/07,23156
39,2008/02/08,22806
40,2008/02/09,23798
41,2008/02/10,24079
42,2008/02/11,25041
43,2008/02/12,26188
44,2008/02/13,29655
45,2008/02/14,30589
46,2008/02/15,30917
47,2008/02/16,29158
48,2008/02/17,28095
49,2008/02/18,31804
50,2008/02/19,31569
51,2008/02/20,31431
52,2008/02/21,30612
53,2008/02/22,29910
54,2008/02/23,28905
55,2008/02/24,28548
56,2008/02/25,31680
57,2008/02/26,33186
58,2008/02/27,32500
59,2008/02/28,31338
60,2008/02/29,30560
61,2008/03/01,28579
62,2008/03/02,26521
63,2008/03/03,29561
64,2008/03/04,30080
65,2008/03/05,30162
66,2008/03/06,30673
67,2008/03/07,31003
68,2008/03/08,30261
69,2008/03/09,27812
70,2008/03/10,29631
71,2008/03/11,29116
72,2008/03/12,28923
73,2008/03/13,29437
74,2008/03/14,29173
75,2008/03/15,27760
76,2008/03/16,26633
77,2008/03/17,28792
78,2008/03/18,29773
79,2008/03/19,29756
80,2008/03/20,29648
81,2008/03/21,29487
82,2008/03/22,28191
83,2008/03/23,26342
84,2008/03/24,28568
85,2008/03/25,29028
86,2008/03/26,28848
87,2008/03/27,28589
88,2008/03/28,28757
89,2008/03/29,27831
90,2008/03/30,26779
91,2008/03/31,28468
92,2008/04/01,29124
93,2008/04/02,28989
94,2008/04/03,28406
95,2008/04/04,24585
96,2008/04/05,25716
97,2008/04/06,26350
98,2008/04/07,28364
99,2008/04/08,29150
100,2008/04/09,28917
101,2008/04/10,29029
102,2008/04/11,28961
103,2008/04/12,27197
104,2008/04/13,26009
105,2008/04/14,28508
106,2008/04/15,29368
107,2008/04/16,29341
108,2008/04/17,28982
109,2008/04/18,28902
110,2008/04/19,27622
111,2008/04/20,25985
112,2008/04/21,28400
113,2008/04/22,28928
114,2008/04/23,28879
115,2008/04/24,28724
116,2008/04/25,28697
117,2008/04/26,27454
118,2008/04/27,26291
119,2008/04/28,28182
120,2008/04/29,28653
121,2008/04/30,27675
122,2008/05/01,22626
123,2008/05/02,23356
124,2008/05/03,25310
125,2008/05/04,27382
126,2008/05/05,28150
127,2008/05/06,28633
128,2008/05/07,28871
129,2008/05/08,29195
130,2008/05/09,28866
131,2008/05/10,27244
132,2008/05/11,25772
133,2008/05/12,28103
134,2008/05/13,28367
135,2008/05/14,28689
136,2008/05/15,28931.21
137,2008/05/16,29139
138,2008/05/17,27927.04
139,2008/05/18,26649.75
140,2008/05/19,28704.61
141,2008/05/20,29209.84
142,2008/05/21,29709.9
143,2008/05/22,30625.58
144,2008/05/23,31606.25
145,2008/05/24,29265.95
146,2008/05/25,27696
147,2008/05/26,30879.3
148,2008/05/27,32107.06
149,2008/05/28,31901.5
150,2008/05/29,30658.77
151,2008/05/30,30008.76
152,2008/05/31,27664.3
153,2008/06/01,25915.36
154,2008/06/02,29653.1
155,2008/06/03,30203.58
156,2008/06/04,30191.97
157,2008/06/05,30239.75
158,2008/06/06,30392.92
159,2008/06/07,28514
160,2008/06/08,24850.49
161,2008/06/09,26902.7
162,2008/06/10,30121.23
163,2008/06/11,29882.81
164,2008/06/12,30547.3
165,2008/06/13,30430.5
166,2008/06/14,28927.5
167,2008/06/15,27117.23
168,2008/06/16,29742.35
169,2008/06/17,31308
170,2008/06/18,30659.17
171,2008/06/19,32728.34
172,2008/06/20,34932.23
173,2008/06/21,33571.06
174,2008/06/22,30340.14
175,2008/06/23,33361.04
176,2008/06/24,33194.73
177,2008/06/25,31133.87
178,2008/06/26,30984.48
179,2008/06/27,30760.86
180,2008/06/28,28655.75
181,2008/06/29,27895.4
182,2008/06/30,30943.63
183,2008/07/01,35341.86
184,2008/07/02,36516.55
185,2008/07/03,37131.78
186,2008/07/04,40255.03
187,2008/07/05,40038
188,2008/07/06,39181.05
189,2008/07/07,41792.4
190,2008/07/08,40663.51
191,2008/07/09,40358.21
192,2008/07/10,40731.01
193,2008/07/11,40576.37
194,2008/07/12,37533
195,2008/07/13,36778.93
196,2008/07/14,40738.45
197,2008/07/15,41488.58
198,2008/07/16,41902.87
199,2008/07/17,42179.07
200,2008/07/18,42352.46
201,2008/07/19,37942.91
202,2008/07/20,33826
203,2008/07/21,39437.68
204,2008/07/22,41515.56
205,2008/07/23,43978.08
206,2008/07/24,45693.21
207,2008/07/25,44506.26
208,2008/07/26,40355.37
209,2008/07/27,38247.6
210,2008/07/28,41625.12
211,2008/07/29,38836.73
212,2008/07/30,37488.54
213,2008/07/31,36851.91
214,2008/08/01,39319.09
215,2008/08/02,38727.55
216,2008/08/03,36327.25
217,2008/08/04,40683.07
218,2008/08/05,40910.07
219,2008/08/06,40772.64
220,2008/08/07,40097.27
221,2008/08/08,38564.36
222,2008/08/09,37383.91
223,2008/08/10,34433.86
224,2008/08/11,38708.96
225,2008/08/12,40723.61
226,2008/08/13,41398.52
227,2008/08/14,40292.72
228,2008/08/15,38902.27
229,2008/08/16,36375.93
230,2008/08/17,37435.6
231,2008/08/18,40763.95
232,2008/08/19,41073.7
233,2008/08/20,40550.64
234,2008/08/21,41764.81
235,2008/08/22,41437.2
236,2008/08/23,34032.57
237,2008/08/24,31984.62
238,2008/08/25,33304.17
239,2008/08/26,34501.58
240,2008/08/27,34914.31
241,2008/08/28,34381.63
242,2008/08/29,32870.88
243,2008/08/30,30792.96
244,2008/08/31,28718.48
245,2008/09/01,31166.36
246,2008/09/02,32242.4
247,2008/09/03,32672.4
248,2008/09/04,32939
249,2008/09/05,32121.25
250,2008/09/06,29838.55
251,2008/09/07,28956.5
252,2008/09/08,33022
253,2008/09/09,34201.6
254,2008/09/10,35103.75
255,2008/09/11,35743.25
256,2008/09/12,34656.75
257,2008/09/13,31507.8
258,2008/09/14,27081.45
259,2008/09/15,30059.05
260,2008/09/16,34694
261,2008/09/17,35477.74
262,2008/09/18,35311.2
263,2008/09/19,36297.6
264,2008/09/20,34627.5
265,2008/09/21,31778.5
266,2008/09/22,36362.65
267,2008/09/23,37699
268,2008/09/24,37687
269,2008/09/25,37671.75
270,2008/09/26,31632
271,2008/09/27,29473.8
272,2008/09/28,28420.1
273,2008/09/29,26379.85
274,2008/09/30,24397.35
275,2008/10/01,21601.8
276,2008/10/02,21566
277,2008/10/03,22229.65
278,2008/10/04,23921.34
279,2008/10/05,25039.7
280,2008/10/06,27871.75
281,2008/10/07,28615.15
282,2008/10/08,28773.1
283,2008/10/09,29815.85
284,2008/10/10,29980
285,2008/10/11,27527.5
286,2008/10/12,25769.5
287,2008/10/13,28380
288,2008/10/14,29017.65
289,2008/10/15,29034.75
290,2008/10/16,29209.2
291,2008/10/17,29564.3
292,2008/10/18,27768.75
293,2008/10/19,26620.82
294,2008/10/20,29548
295,2008/10/21,30080
296,2008/10/22,29918.51
297,2008/10/23,29316.7
298,2008/10/24,27996.2
299,2008/10/25,26381.65
300,2008/10/26,24485.75
301,2008/10/27,26855.05
302,2008/10/28,27303.6
303,2008/10/29,27563.25
304,2008/10/30,27329.19
305,2008/10/31,27044.5
306,2008/11/01,25113.4
307,2008/11/02,23668.6
308,2008/11/03,26491.83
309,2008/11/04,26930.88
310,2008/11/05,27254.4
311,2008/11/06,27422.25
312,2008/11/07,27077.6
313,2008/11/08,25106.95
314,2008/11/09,23630.12
315,2008/11/10,26693.68
316,2008/11/11,27436.35
317,2008/11/12,27332.2
318,2008/11/13,27068.5
319,2008/11/14,26822.75
320,2008/11/15,24802
321,2008/11/16,23593.9
322,2008/11/17,26483.4
323,2008/11/18,27255.8
324,2008/11/19,27910
325,2008/11/20,28091.5
326,2008/11/21,27764.4
327,2008/11/22,25690.3
328,2008/11/23,24724.09
329,2008/11/24,27624.67
330,2008/11/25,27915
331,2008/11/26,28282.2
332,2008/11/27,29125.2
333,2008/11/28,29284
334,2008/11/29,26643
335,2008/11/30,24903.75
336,2008/12/01,27447.6
337,2008/12/02,27872.42
338,2008/12/03,27716.48
339,2008/12/04,28609.77
340,2008/12/05,30544.15
341,2008/12/06,29016.63
342,2008/12/07,27100.5
343,2008/12/08,28992.75
344,2008/12/09,28721.05
345,2008/12/10,27992.52
346,2008/12/11,28717.8
347,2008/12/12,28328.15
348,2008/12/13,26354
349,2008/12/14,25529
350,2008/12/15,29173.25
351,2008/12/16,29251.15
352,2008/12/17,28964.5
353,2008/12/18,29226.25
354,2008/12/19,28790.23
355,2008/12/20,26384.7
356,2008/12/21,26212
357,2008/12/22,31857.8
358,2008/12/23,33069.9
359,2008/12/24,32886.7
360,2008/12/25,32143
361,2008/12/26,32070.55
362,2008/12/27,28985
363,2008/12/28,27356.25
364,2008/12/29,30381.25
365,2008/12/30,30295.85
366,2008/12/31,29904.8
367,2009/01/01,26123.8
368,2009/01/02,27441.8
369,2009/01/03,27647
370,2009/01/04,30889.9
371,2009/01/05,32222.13
372,2009/01/06,33090.5
373,2009/01/07,33606.53
374,2009/01/08,33355
375,2009/01/09,34409.6
376,2009/01/10,32536.9
377,2009/01/11,30560.45
378,2009/01/12,34397.05
379,2009/01/13,34951.75
380,2009/01/14,34464
381,2009/01/15,33887.35
382,2009/01/16,32135.95
383,2009/01/17,29190.3
384,2009/01/18,26888.3
385,2009/01/19,29108.3
386,2009/01/20,28115.3
387,2009/01/21,27698
388,2009/01/22,25713.9
389,2009/01/23,27225.75
390,2009/01/24,25515.45
391,2009/01/25,22962
392,2009/01/26,21735.75
393,2009/01/27,20406.08
394,2009/01/28,19748.79
395,2009/01/29,20301
396,2009/01/30,21056.2
397,2009/01/31,21256.13
398,2009/02/01,23195.43
399,2009/02/02,24746.25
400,2009/02/03,26340.24
401,2009/02/04,26979.6
402,2009/02/05,26960.15
403,2009/02/06,26823.65
404,2009/02/07,25226
405,2009/02/08,24772.5
406,2009/02/09,28111
407,2009/02/10,27614.85
408,2009/02/11,27242.3
409,2009/02/12,26710
410,2009/02/13,26722
411,2009/02/14,25983.77
412,2009/02/15,25400.75
413,2009/02/16,30288.85
414,2009/02/17,31562.65
415,2009/02/18,32303.95
416,2009/02/19,31945
417,2009/02/20,31779.6
418,2009/02/21,28917.96
419,2009/02/22,27550.5
420,2009/02/23,31046.5
421,2009/02/24,31279.4
422,2009/02/25,32275.1
423,2009/02/26,32577.8
424,2009/02/27,33064.55
425,2009/02/28,30294.76
426,2009/03/01,28423.6
427,2009/03/02,32628.75
428,2009/03/03,33558.65
429,2009/03/04,33135.25
430,2009/03/05,33091.3
431,2009/03/06,31676
432,2009/03/07,29734
433,2009/03/08,27339.4
434,2009/03/09,29079.35
435,2009/03/10,29678.15
436,2009/03/11,30035.2
437,2009/03/12,30518.85
438,2009/03/13,31530.7
439,2009/03/14,28718.75
440,2009/03/15,26378.05
441,2009/03/16,28099.78
442,2009/03/17,28059.8
443,2009/03/18,28041.24
444,2009/03/19,28270.75
445,2009/03/20,27812.25
446,2009/03/21,26389
447,2009/03/22,25262.3
448,2009/03/23,29585.05
449,2009/03/24,29385.08
450,2009/03/25,29579.1
451,2009/03/26,29163.5
452,2009/03/27,30315.4
453,2009/03/28,28278
454,2009/03/29,26643.75
455,2009/03/30,28637.25
456,2009/03/31,28612.7
457,2009/04/01,29385.1
458,2009/04/02,29311.4
459,2009/04/03,29084.15
460,2009/04/04,24622.4
461,2009/04/05,24377.8
462,2009/04/06,25969.15
463,2009/04/07,28003.75
464,2009/04/08,28067.5
465,2009/04/09,28025.85
466,2009/04/10,28085.9
467,2009/04/11,26579.95
468,2009/04/12,25209.75
469,2009/04/13,27678
470,2009/04/14,27973.75
471,2009/04/15,27991
472,2009/04/16,28328
473,2009/04/17,27906.62
474,2009/04/18,26385.35
475,2009/04/19,24837.36
476,2009/04/20,27540.2
477,2009/04/21,27932.9
478,2009/04/22,28230.8
479,2009/04/23,28146.7
480,2009/04/24,28243
481,2009/04/25,26461
482,2009/04/26,25102.75
483,2009/04/27,27350.55
484,2009/04/28,27753
485,2009/04/29,27586.28
486,2009/04/30,26752
487,2009/05/01,22154.15
488,2009/05/02,22710.4
489,2009/05/03,23918.5
490,2009/05/04,26672.12
491,2009/05/05,27582
492,2009/05/06,27848.1
493,2009/05/07,28187.55
494,2009/05/08,28735.75
495,2009/05/09,27291.75
496,2009/05/10,26275.7
497,2009/05/11,30480.25
498,2009/05/12,30169.45
499,2009/05/13,28939.5
500,2009/05/14,28941
501,2009/05/15,29157.6
502,2009/05/16,27918.1
503,2009/05/17,25521.65
504,2009/05/18,28536.55
505,2009/05/19,29212.75
506,2009/05/20,28680
507,2009/05/21,28743.08
508,2009/05/22,29193.45
509,2009/05/23,27455
510,2009/05/24,26217.25
511,2009/05/25,28502.9
512,2009/05/26,28990.75
513,2009/05/27,28825.8
514,2009/05/28,24201.18
515,2009/05/29,25421.3
516,2009/05/30,26119.4
517,2009/05/31,28133
518,2009/06/01,29957.23
519,2009/06/02,29427.61
520,2009/06/03,29814.8
521,2009/06/04,30231.13
522,2009/06/05,30189.76
523,2009/06/06,27889.53
524,2009/06/07,26703.5
525,2009/06/08,30006.17
526,2009/06/09,29590.87
527,2009/06/10,30969.22
528,2009/06/11,31443.55
529,2009/06/12,30840
530,2009/06/13,29501.48
531,2009/06/14,28227.7
532,2009/06/15,31339.62
533,2009/06/16,32314.3
534,2009/06/17,33274.05
535,2009/06/18,34395.5
536,2009/06/19,34042.14
537,2009/06/20,33326.68
538,2009/06/21,33336.35
539,2009/06/22,37764.6
540,2009/06/23,35738.42
541,2009/06/24,34112
542,2009/06/25,35706.6
543,2009/06/26,33993.77
544,2009/06/27,32334.65
545,2009/06/28,33425.9
546,2009/06/29,36404.32
547,2009/06/30,34083.18
548,2009/07/01,33447.6
549,2009/07/02,34548.12
550,2009/07/03,34577.98
551,2009/07/04,33112.7
552,2009/07/05,31410.5
553,2009/07/06,36890.85
554,2009/07/07,37155.98
555,2009/07/08,39947.71
556,2009/07/09,42527.2
557,2009/07/10,40561
558,2009/07/11,39668.63
559,2009/07/12,38021.65
560,2009/07/13,41214.57
561,2009/07/14,42357.98
562,2009/07/15,42975.81
563,2009/07/16,44229.14
564,2009/07/17,44462.64
565,2009/07/18,41258.15
566,2009/07/19,41219.72
567,2009/07/20,47650.43
568,2009/07/21,48183.46
569,2009/07/22,40670.6
570,2009/07/23,39580.03
571,2009/07/24,37539.77
572,2009/07/25,33780.25
573,2009/07/26,32359.73
574,2009/07/27,34862.47
575,2009/07/28,34198.39
576,2009/07/29,33747.5
577,2009/07/30,33331.5
578,2009/07/31,34157.08
579,2009/08/01,32455.48
580,2009/08/02,30383.5
581,2009/08/03,34209.01
582,2009/08/04,35849.08
583,2009/08/05,36914.64
584,2009/08/06,36059.65
585,2009/08/07,37433.77
586,2009/08/08,35460.91
587,2009/08/09,32694.84
588,2009/08/10,36319.7
589,2009/08/11,35875.49
590,2009/08/12,35417.97
591,2009/08/13,36331.9
592,2009/08/14,37392.89
593,2009/08/15,33714.4
594,2009/08/16,32977.5
595,2009/08/17,38211.65
596,2009/08/18,41307.66
597,2009/08/19,42712.53
598,2009/08/20,43371.5
599,2009/08/21,42906.98
600,2009/08/22,39886.05
601,2009/08/23,37655.9
602,2009/08/24,39006.28
603,2009/08/25,39617.53
604,2009/08/26,42826.97
605,2009/08/27,44140.38
606,2009/08/28,41839.63
607,2009/08/29,35273.64
608,2009/08/30,29957.95
609,2009/08/31,31650.69
610,2009/09/01,33940.65
611,2009/09/02,35495.14
612,2009/09/03,36432.5
613,2009/09/04,37206.6
614,2009/09/05,35535.25
615,2009/09/06,33664.75
616,2009/09/07,36856.9
617,2009/09/08,35174.84
618,2009/09/09,34060.19
619,2009/09/10,34319.12
620,2009/09/11,35934.25
621,2009/09/12,32265.55
622,2009/09/13,30034.25
623,2009/09/14,34264.39
624,2009/09/15,34707.8
625,2009/09/16,33058.44
626,2009/09/17,33085.92
627,2009/09/18,32376.01
628,2009/09/19,31199.1
629,2009/09/20,29834.9
630,2009/09/21,31810.5
631,2009/09/22,31803.95
632,2009/09/23,32781.2
633,2009/09/24,33546.6
634,2009/09/25,34133.05
635,2009/09/26,32151
636,2009/09/27,32443.55
637,2009/09/28,32637.75
638,2009/09/29,31951.35
639,2009/09/30,29720.9
640,2009/10/01,24042.4
641,2009/10/02,23255.95
642,2009/10/03,23402.65
643,2009/10/04,24789.15
644,2009/10/05,26582.75
645,2009/10/06,26729.5
646,2009/10/07,27808.25
647,2009/10/08,28508
648,2009/10/09,30055.55
649,2009/10/10,29935.49
650,2009/10/11,28022.2
651,2009/10/12,30142.05
652,2009/10/13,30146.4
653,2009/10/14,30193.25
654,2009/10/15,30072.2
655,2009/10/16,30418.75
656,2009/10/17,28703.1
657,2009/10/18,27313.3
658,2009/10/19,29813.15
659,2009/10/20,30134
660,2009/10/21,30340.25
661,2009/10/22,30531.25
662,2009/10/23,30649.75
663,2009/10/24,29351.7
664,2009/10/25,27845.99
665,2009/10/26,30021.4
666,2009/10/27,30715.95
667,2009/10/28,30956.7
668,2009/10/29,31260.25
669,2009/10/30,31435.55
670,2009/10/31,29517.25
671,2009/11/01,26997
672,2009/11/02,29708.52
673,2009/11/03,30344.62
674,2009/11/04,30136
675,2009/11/05,30217.8
676,2009/11/06,30417.75
677,2009/11/07,29194
678,2009/11/08,28061.8
679,2009/11/09,30364.8
680,2009/11/10,30668.75
681,2009/11/11,30292.68
682,2009/11/12,30618.21
683,2009/11/13,31849.21
684,2009/11/14,30041.75
685,2009/11/15,28954.6
686,2009/11/16,32818.75
687,2009/11/17,35079.92
688,2009/11/18,35930.86
689,2009/11/19,36165.36
690,2009/11/20,36666.14
691,2009/11/21,33294.52
692,2009/11/22,30802
693,2009/11/23,32865.99
694,2009/11/24,32062.08
695,2009/11/25,31702.53
696,2009/11/26,31236.4
697,2009/11/27,31245.91
698,2009/11/28,30489
699,2009/11/29,29991.8
700,2009/11/30,34015.75
701,2009/12/01,34053
702,2009/12/02,33722.51
703,2009/12/03,34964.56
704,2009/12/04,34294.76
705,2009/12/05,32788.53
706,2009/12/06,30887.66
707,2009/12/07,33036.29
708,2009/12/08,33374.1
709,2009/12/09,33810.8
710,2009/12/10,34185.09
711,2009/12/11,33708.34
712,2009/12/12,31686.35
713,2009/12/13,30947.78
714,2009/12/14,33604.11
715,2009/12/15,35728.63
716,2009/12/16,35698
717,2009/12/17,36584.18
718,2009/12/18,37570.71
719,2009/12/19,36329.7
720,2009/12/20,34846.55
721,2009/12/21,38097.21
722,2009/12/22,36833.25
723,2009/12/23,35577.79
724,2009/12/24,34396.48
725,2009/12/25,35476.75
726,2009/12/26,34597.7
727,2009/12/27,35204.11
728,2009/12/28,38217.64
729,2009/12/29,37715.63
730,2009/12/30,36705.34
731,2009/12/31,35883
732,2010/01/01,30217
733,2010/01/02,30108.05
734,2010/01/03,31534.06
735,2010/01/04,36237.66
736,2010/01/05,39420.42
737,2010/01/06,39526.99
738,2010/01/07,39879.17
739,2010/01/08,39511.61
740,2010/01/09,36519.5
741,2010/01/10,35601.71
742,2010/01/11,39823
743,2010/01/12,40252.41
744,2010/01/13,41407.24
745,2010/01/14,40444.42
746,2010/01/15,39339.53
747,2010/01/16,36341.1
748,2010/01/17,33586.4
749,2010/01/18,35634.24
750,2010/01/19,34479
751,2010/01/20,33596.9
752,2010/01/21,37588.02
753,2010/01/22,38713.43
754,2010/01/23,36318.23
755,2010/01/24,33999
756,2010/01/25,36900.71
757,2010/01/26,37245
758,2010/01/27,37077.52
759,2010/01/28,35786.27
760,2010/01/29,34839
761,2010/01/30,32552.7
762,2010/01/31,31713.45
763,2010/02/01,34618.7
764,2010/02/02,36086.75
765,2010/02/03,35256.75
766,2010/02/04,35188.4
767,2010/02/05,34617
768,2010/02/06,32739.95
769,2010/02/07,31028.82
770,2010/02/08,30650
771,2010/02/09,28783.57
772,2010/02/10,29264.4
773,2010/02/11,30851.6
774,2010/02/12,29325.45
775,2010/02/13,25891.95
776,2010/02/14,25695.65
777,2010/02/15,25507.45
778,2010/02/16,25847.75
779,2010/02/17,26148.7
780,2010/02/18,26718.75
781,2010/02/19,27022
782,2010/02/20,28334.83
783,2010/02/21,28384.95
784,2010/02/22,29129
785,2010/02/23,29475.6
786,2010/02/24,29702.5
787,2010/02/25,29859.05
788,2010/02/26,31457.7
789,2010/02/27,30361.5
790,2010/02/28,28365
791,2010/03/01,32810.73
792,2010/03/02,34726.2
793,2010/03/03,35850
794,2010/03/04,35759.78
795,2010/03/05,36466.18
796,2010/03/06,35363.68
797,2010/03/07,33754.7
798,2010/03/08,37264.18
799,2010/03/09,39886.82
800,2010/03/10,39345.5
801,2010/03/11,36892.1
802,2010/03/12,33799.89
803,2010/03/13,32417.9
804,2010/03/14,30882.25
805,2010/03/15,34566
806,2010/03/16,34185
807,2010/03/17,33589.05
808,2010/03/18,34121.25
809,2010/03/19,32884.95
810,2010/03/20,30669.65
811,2010/03/21,29444.7
812,2010/03/22,32436.3
813,2010/03/23,34178.15
814,2010/03/24,35529.5
815,2010/03/25,34585.6
816,2010/03/26,34206
817,2010/03/27,32436.87
818,2010/03/28,30003
819,2010/03/29,32703.7
820,2010/03/30,33702.1
821,2010/03/31,32622
822,2010/04/01,33243.3
823,2010/04/02,32875.31
824,2010/04/03,30746.9
825,2010/04/04,29127
826,2010/04/05,26644.7
827,2010/04/06,32174
828,2010/04/07,32353.2
829,2010/04/08,33433.1
830,2010/04/09,33636.05
831,2010/04/10,31527
832,2010/04/11,30660
833,2010/04/12,33048.05
834,2010/04/13,34239.1
835,2010/04/14,35313.98
836,2010/04/15,35603.3
837,2010/04/16,34078.25
838,2010/04/17,31652.4
839,2010/04/18,29783.45
840,2010/04/19,32118.85
841,2010/04/20,32722.15
842,2010/04/21,32488.46
843,2010/04/22,33053.45
844,2010/04/23,32234
845,2010/04/24,30921
846,2010/04/25,29577.8
847,2010/04/26,31841.55
848,2010/04/27,31787.53
849,2010/04/28,31656
850,2010/04/29,31330.14
851,2010/04/30,28658.67
852,2010/05/01,24505
853,2010/05/02,25280.5
854,2010/05/03,27367.25
855,2010/05/04,29742.3
856,2010/05/05,31693.45
857,2010/05/06,32448.3
858,2010/05/07,31984.7
859,2010/05/08,30492.5
860,2010/05/09,28996
861,2010/05/10,31124.78
862,2010/05/11,31965
863,2010/05/12,31830.82
864,2010/05/13,31696.36
865,2010/05/14,31663.4
866,2010/05/15,30272.13
867,2010/05/16,28705.66
868,2010/05/17,31405.2
869,2010/05/18,33021.9
870,2010/05/19,33004.92
871,2010/05/20,32688
872,2010/05/21,32577.64
873,2010/05/22,31110.16
874,2010/05/23,28829.05
875,2010/05/24,32210.1
876,2010/05/25,33142.77
877,2010/05/26,33136.35
878,2010/05/27,33266.76
879,2010/05/28,32642.19
880,2010/05/29,30579.27
881,2010/05/30,28931.87
882,2010/05/31,31543.62
883,2010/06/01,31898.83
884,2010/06/02,32320.75
885,2010/06/03,32578.23
886,2010/06/04,32772.95
887,2010/06/05,31133.4
888,2010/06/06,29701.54
889,2010/06/07,33129.1
890,2010/06/08,33356.46
891,2010/06/09,32730.87
892,2010/06/10,33266.64
893,2010/06/11,33360.29
894,2010/06/12,32997.78
895,2010/06/13,32318.72
896,2010/06/14,31781.77
897,2010/06/15,30795
898,2010/06/16,28085.79
899,2010/06/17,34287.75
900,2010/06/18,37454.93
901,2010/06/19,38057.25
902,2010/06/20,33049.18
903,2010/06/21,35390.96
904,2010/06/22,35931.74
905,2010/06/23,37342.18
906,2010/06/24,35717.78
907,2010/06/25,34650.01
908,2010/06/26,32741.55
909,2010/06/27,31837.43
910,2010/06/28,35246.1
911,2010/06/29,36070.38
912,2010/06/30,39786.86
913,2010/07/01,42743.65
914,2010/07/02,45665.6
915,2010/07/03,43184.51
916,2010/07/04,38400.65
917,2010/07/05,40551.97
918,2010/07/06,40238.34
919,2010/07/07,40867.8
920,2010/07/08,40480.57
921,2010/07/09,40869.74
922,2010/07/10,39635.71
923,2010/07/11,36729.45
924,2010/07/12,39358.93
925,2010/07/13,39195.78
926,2010/07/14,37818.65
927,2010/07/15,39016.66
928,2010/07/16,38661.65
929,2010/07/17,37787.55
930,2010/07/18,38369.47
931,2010/07/19,43095.37
932,2010/07/20,44619.44
933,2010/07/21,45989.12
934,2010/07/22,46480.98
935,2010/07/23,45780.45
936,2010/07/24,41719.83
937,2010/07/25,38934.09
938,2010/07/26,41220.08
939,2010/07/27,39949.74
940,2010/07/28,41984.09
941,2010/07/29,44499.44
942,2010/07/30,46052.04
943,2010/07/31,45440.48
944,2010/08/01,45973.38
945,2010/08/02,51611.28
946,2010/08/03,52216.97
947,2010/08/04,50790.53
948,2010/08/05,49229.44
949,2010/08/06,47302.63
950,2010/08/07,43616
951,2010/08/08,41124.89
952,2010/08/09,46280
953,2010/08/10,47749.93
954,2010/08/11,49828
955,2010/08/12,52881.26
956,2010/08/13,53482.02
957,2010/08/14,51963.82
958,2010/08/15,47966.38
959,2010/08/16,49246.89
960,2010/08/17,48575.82
961,2010/08/18,47870.32
962,2010/08/19,47902.58
963,2010/08/20,47580.58
964,2010/08/21,45164.75
965,2010/08/22,43924.5
966,2010/08/23,48732.2
967,2010/08/24,49300.12
968,2010/08/25,47892.45
969,2010/08/26,46803.01
970,2010/08/27,44474.65
971,2010/08/28,39443.17
972,2010/08/29,37256.36
973,2010/08/30,40897.13
974,2010/08/31,42228.5
975,2010/09/01,42828.9
976,2010/09/02,43328.23
977,2010/09/03,44557.91
978,2010/09/04,42260.86
979,2010/09/05,40302.08
980,2010/09/06,43988.83
981,2010/09/07,45031.02
982,2010/09/08,46695.86
983,2010/09/09,47267.6
984,2010/09/10,45118.54
985,2010/09/11,41188.76
986,2010/09/12,36427.86
987,2010/09/13,38182
988,2010/09/14,39509.05
989,2010/09/15,39839.04
990,2010/09/16,39517.58
991,2010/09/17,39382.34
992,2010/09/18,37977.07
993,2010/09/19,41964.41
994,2010/09/20,44429.02
995,2010/09/21,45063
996,2010/09/22,32724.35
997,2010/09/23,30872.46
998,2010/09/24,32383.01
999,2010/09/25,33718.43
1000,2010/09/26,33031.01
1001,2010/09/27,33502.4
1002,2010/09/28,33896.29
1003,2010/09/29,32812.88
1004,2010/09/30,31237.39
1005,2010/10/01,25603.94
1006,2010/10/02,25724.31
1007,2010/10/03,25925.28
1008,2010/10/04,27567.97
1009,2010/10/05,28935.95
1010,2010/10/06,29913.85
1011,2010/10/07,30768.8
1012,2010/10/08,32763.29
1013,2010/10/09,32942.95
1014,2010/10/10,30842
1015,2010/10/11,33000
1016,2010/10/12,33424.66
1017,2010/10/13,33165.95
1018,2010/10/14,32993.6
1019,2010/10/15,32504.7
1020,2010/10/16,31182.72
1021,2010/10/17,29646
1022,2010/10/18,32089.67
1023,2010/10/19,33045.1
1024,2010/10/20,32788.85
1025,2010/10/21,32534.9
1026,2010/10/22,32702.63
1027,2010/10/23,31448.25
1028,2010/10/24,29818.97
1029,2010/10/25,31937.55
1030,2010/10/26,32251
1031,2010/10/27,32506.5
1032,2010/10/28,32787.41
1033,2010/10/29,32795.92
1034,2010/10/30,30987.39
1035,2010/10/31,29312.55
1036,2010/11/01,31652.85
1037,2010/11/02,32660.65
1038,2010/11/03,32768.57
1039,2010/11/04,32604.7
1040,2010/11/05,32599
1041,2010/11/06,31141.8
1042,2010/11/07,29556.39
1043,2010/11/08,32218.8
1044,2010/11/09,32706.14
1045,2010/11/10,32619.3
1046,2010/11/11,32422.3
1047,2010/11/12,32426.55
1048,2010/11/13,30980.1
1049,2010/11/14,29666
1050,2010/11/15,32813
1051,2010/11/16,33614.5
1052,2010/11/17,33464.85
1053,2010/11/18,33212.05
1054,2010/11/19,33069.86
1055,2010/11/20,31591.65
1056,2010/11/21,29942.02
1057,2010/11/22,32558.3
1058,2010/11/23,33281.53
1059,2010/11/24,33343.35
1060,2010/11/25,33081.37
1061,2010/11/26,33225.4
1062,2010/11/27,31461.93
1063,2010/11/28,29716.7
1064,2010/11/29,32211.22
1065,2010/11/30,32767.1
1066,2010/12/01,32614.95
1067,2010/12/02,32634.73
1068,2010/12/03,32639.59
1069,2010/12/04,31248.72
1070,2010/12/05,29171.78
1071,2010/12/06,33001.88
1072,2010/12/07,34787.42
1073,2010/12/08,35004.46
1074,2010/12/09,34999
1075,2010/12/10,34030.85
1076,2010/12/11,32602.95
1077,2010/12/12,31617.93
1078,2010/12/13,34415.18
1079,2010/12/14,36342
1080,2010/12/15,39255
1081,2010/12/16,40325.34
1082,2010/12/17,39734.99
1083,2010/12/18,36060.95
1084,2010/12/19,32931.83
1085,2010/12/20,35756.78
1086,2010/12/21,35793.77
1087,2010/12/22,35686.48
1088,2010/12/23,35185.26
1089,2010/12/24,38442.34
1090,2010/12/25,37201.57
1091,2010/12/26,35536.72
1092,2010/12/27,38143.09
1093,2010/12/28,37866.52
1094,2010/12/29,37412.88
1095,2010/12/30,38968.88
1096,2010/12/31,39395.48
1097,2011/01/01,33764.17
1098,2011/01/02,35099.2
1099,2011/01/03,37797
1100,2011/01/04,41463.31
1101,2011/01/05,43031.96
1102,2011/01/06,42925.05
1103,2011/01/07,43005.77
1104,2011/01/08,39520.03
1105,2011/01/09,38614.27
1106,2011/01/10,42535
1107,2011/01/11,43855.19
1108,2011/01/12,43244.03
1109,2011/01/13,42551.91
1110,2011/01/14,42074.31
1111,2011/01/15,40538.64
1112,2011/01/16,39965.63
1113,2011/01/17,43817.57
1114,2011/01/18,44735.94
1115,2011/01/19,44461.73
1116,2011/01/20,44429.3
1117,2011/01/21,43164.35
1118,2011/01/22,39755.9
1119,2011/01/23,38758
1120,2011/01/24,40942
1121,2011/01/25,40389
1122,2011/01/26,39935.77
1123,2011/01/27,39091.95
1124,2011/01/28,38595.44
1125,2011/01/29,35410.4
1126,2011/01/30,35720.49
1127,2011/01/31,33763.8
1128,2011/02/01,31048.19
1129,2011/02/02,26645
1130,2011/02/03,24761.12
1131,2011/02/04,24184.6
1132,2011/02/05,24463.64
1133,2011/02/06,25074.9
1134,2011/02/07,25819.85
1135,2011/02/08,26205
1136,2011/02/09,30740.88
1137,2011/02/10,34414
1138,2011/02/11,35730.51
1139,2011/02/12,36557.88
1140,2011/02/13,35499.86
1141,2011/02/14,39433.88
1142,2011/02/15,39734.42
1143,2011/02/16,40027.05
1144,2011/02/17,39653.88
1145,2011/02/18,39969.37
1146,2011/02/19,37168.32
1147,2011/02/20,34568.15
1148,2011/02/21,36994.26
1149,2011/02/22,36353.58
1150,2011/02/23,35073.32
1151,2011/02/24,34654.6
1152,2011/02/25,36034.51
1153,2011/02/26,34147
1154,2011/02/27,31791.07
1155,2011/02/28,37013.15
1156,2011/03/01,39399.35
1157,2011/03/02,38943
1158,2011/03/03,38168.37
1159,2011/03/04,37971.55
1160,2011/03/05,35704.3
1161,2011/03/06,34262.9
1162,2011/03/07,36915.98
1163,2011/03/08,36455.52
1164,2011/03/09,36736
1165,2011/03/10,36012.97
1166,2011/03/11,35868.9
1167,2011/03/12,33733.37
1168,2011/03/13,31612.8
1169,2011/03/14,35017.16
1170,2011/03/15,37760.71
1171,2011/03/16,36602.52
1172,2011/03/17,35749.74
1173,2011/03/18,36117.9
1174,2011/03/19,33994.53
1175,2011/03/20,32333.46
1176,2011/03/21,37007.43
1177,2011/03/22,37715.74
1178,2011/03/23,36882.92
1179,2011/03/24,35863.8
1180,2011/03/25,35815.8
1181,2011/03/26,33744.82
1182,2011/03/27,31644.85
1183,2011/03/28,34036.32
1184,2011/03/29,34808.98
1185,2011/03/30,35023.28
1186,2011/03/31,34445.05
1187,2011/04/01,33876.52
1188,2011/04/02,33841.05
1189,2011/04/03,32350
1190,2011/04/04,30674.62
1191,2011/04/05,28236.02
1192,2011/04/06,33239
1193,2011/04/07,34913.11
1194,2011/04/08,34225.98
1195,2011/04/09,32504.56
1196,2011/04/10,30777.07
1197,2011/04/11,33230.15
1198,2011/04/12,33551.85
1199,2011/04/13,33712.45
1200,2011/04/14,33741.35
1201,2011/04/15,34136.17
1202,2011/04/16,31961.82
1203,2011/04/17,30140.62
1204,2011/04/18,32766.25
1205,2011/04/19,33358.21
1206,2011/04/20,33288.35
1207,2011/04/21,33703.89
1208,2011/04/22,33965.05
1209,2011/04/23,32143.17
1210,2011/04/24,30417.49
1211,2011/04/25,33000.43
1212,2011/04/26,33853.61
1213,2011/04/27,33575.42
1214,2011/04/28,33264.3
1215,2011/04/29,33276.92
1216,2011/04/30,30679.41
1217,2011/05/01,26223.38
1218,2011/05/02,27010.45
1219,2011/05/03,31213.3
1220,2011/05/04,32469.85
1221,2011/05/05,32860.48
1222,2011/05/06,33787.68
1223,2011/05/07,33237.36
1224,2011/05/08,32168.85
1225,2011/05/09,36010.11
1226,2011/05/10,38404.77
1227,2011/05/11,35446.9
1228,2011/05/12,34625.32
1229,2011/05/13,34534
1230,2011/05/14,32654.72
1231,2011/05/15,30872.76
1232,2011/05/16,34296.41
1233,2011/05/17,35439.36
1234,2011/05/18,35423.56
1235,2011/05/19,36401.04
1236,2011/05/20,38060.82
1237,2011/05/21,33847.73
1238,2011/05/22,30485.65
1239,2011/05/23,32126.18
1240,2011/05/24,32515.27
1241,2011/05/25,32969.13
1242,2011/05/26,33341.73
1243,2011/05/27,33260.4
1244,2011/05/28,31450.2
1245,2011/05/29,29922.91
1246,2011/05/30,33124.62
1247,2011/05/31,33961.42
1248,2011/06/01,33979.72
1249,2011/06/02,35150.77
1250,2011/06/03,35118.34
1251,2011/06/04,32383.22
1252,2011/06/05,30185.46
1253,2011/06/06,27268.1
1254,2011/06/07,31980.73
1255,2011/06/08,34785.46
1256,2011/06/09,37938.13
1257,2011/06/10,37214.6
1258,2011/06/11,33939.76
1259,2011/06/12,31513.89
1260,2011/06/13,35351.62
1261,2011/06/14,34607.99
1262,2011/06/15,33981.06
1263,2011/06/16,34339.49
1264,2011/06/17,34793.39
1265,2011/06/18,33005.03
1266,2011/06/19,30337.8
1267,2011/06/20,33683.52
1268,2011/06/21,35536.75
1269,2011/06/22,38973.15
1270,2011/06/23,40028.51
1271,2011/06/24,42118.56
1272,2011/06/25,37399.96
1273,2011/06/26,32837.75
1274,2011/06/27,38574.1
1275,2011/06/28,41540.58
1276,2011/06/29,41540.34
1277,2011/06/30,40917.13
1278,2011/07/01,42095.8
1279,2011/07/02,43193.57
1280,2011/07/03,43821.37
1281,2011/07/04,46968.7
1282,2011/07/05,45720.64
1283,2011/07/06,48721.31
1284,2011/07/07,50693.61
1285,2011/07/08,47613.2
1286,2011/07/09,43397.46
1287,2011/07/10,40531.33
1288,2011/07/11,43454.58
1289,2011/07/12,43457.82
1290,2011/07/13,43528.88
1291,2011/07/14,44268.28
1292,2011/07/15,44463
1293,2011/07/16,42819.41
1294,2011/07/17,40274.15
1295,2011/07/18,44576.21
1296,2011/07/19,45864.19
1297,2011/07/20,45738.15
1298,2011/07/21,46872.09
1299,2011/07/22,48432.9
1300,2011/07/23,47222.94
1301,2011/07/24,44807.1
1302,2011/07/25,49472.6
1303,2011/07/26,50559.38
1304,2011/07/27,50140.52
1305,2011/07/28,49574.06
1306,2011/07/29,50279.34
1307,2011/07/30,48625.62
1308,2011/07/31,45058.65
1309,2011/08/01,46146.23
1310,2011/08/02,48200.56
1311,2011/08/03,47313.71
1312,2011/08/04,45678.36
1313,2011/08/05,46024.57
1314,2011/08/06,42515.23
1315,2011/08/07,35475.64
1316,2011/08/08,43955.47
1317,2011/08/09,47329.85
1318,2011/08/10,48262.29
1319,2011/08/11,47339.1
1320,2011/08/12,44035.7
1321,2011/08/13,42730.85
1322,2011/08/14,38821.16
1323,2011/08/15,45246.13
1324,2011/08/16,48198
1325,2011/08/17,45613.84
1326,2011/08/18,43026.03
1327,2011/08/19,44724.62
1328,2011/08/20,44992.06
1329,2011/08/21,39770.4
1330,2011/08/22,41813.54
1331,2011/08/23,39741.64
1332,2011/08/24,37782.68
1333,2011/08/25,37712.71
1334,2011/08/26,38339.24
1335,2011/08/27,37252.09
1336,2011/08/28,37209
1337,2011/08/29,42167.62
1338,2011/08/30,42906.16
1339,2011/08/31,42685.62
1340,2011/09/01,42355.02
1341,2011/09/02,41653.45
1342,2011/09/03,37896.13
1343,2011/09/04,35776.75
1344,2011/09/05,38558
1345,2011/09/06,38032.33
1346,2011/09/07,38258.6
1347,2011/09/08,41657.47
1348,2011/09/09,38702.75
1349,2011/09/10,34737.46
1350,2011/09/11,33027.01
1351,2011/09/12,30864.23
1352,2011/09/13,38427.25
1353,2011/09/14,41782.84
1354,2011/09/15,43489.14
1355,2011/09/16,43376
1356,2011/09/17,40175.99
1357,2011/09/18,33331.64
1358,2011/09/19,34235.4
1359,2011/09/20,33764.45
1360,2011/09/21,33567.21
1361,2011/09/22,33824.12
1362,2011/09/23,33995.03
1363,2011/09/24,32622.16
1364,2011/09/25,31431.6
1365,2011/09/26,34786.59
1366,2011/09/27,35871.98
1367,2011/09/28,37197.21
1368,2011/09/29,37280.31
1369,2011/09/30,32494.63
1370,2011/10/01,25573.3
1371,2011/10/02,24674.3
1372,2011/10/03,25061.55
1373,2011/10/04,27468.59
1374,2011/10/05,28860.8
1375,2011/10/06,30165.12
1376,2011/10/07,30921.93
1377,2011/10/08,32668.42
1378,2011/10/09,32911.48
1379,2011/10/10,34736.86
1380,2011/10/11,34425.21
1381,2011/10/12,34492.02
1382,2011/10/13,34505.21
1383,2011/10/14,33881.05
1384,2011/10/15,31669.34
1385,2011/10/16,29865.28
1386,2011/10/17,32937.11
1387,2011/10/18,32968.69
1388,2011/10/19,33018.89
1389,2011/10/20,33482.8
1390,2011/10/21,33372
1391,2011/10/22,31384.14
1392,2011/10/23,29756.49
1393,2011/10/24,32686
1394,2011/10/25,32697.04
1395,2011/10/26,32837.1
1396,2011/10/27,33000.06
1397,2011/10/28,32770.57
1398,2011/10/29,30972.1
1399,2011/10/30,28992.85
1400,2011/10/31,31450.85
1401,2011/11/01,32767.54
1402,2011/11/02,33312.54
1403,2011/11/03,33654.17
1404,2011/11/04,34313.17
1405,2011/11/05,32399.2
1406,2011/11/06,30248.94
1407,2011/11/07,32700.48
1408,2011/11/08,33247.23
1409,2011/11/09,33298.81
1410,2011/11/10,32519.15
1411,2011/11/11,33213.59
1412,2011/11/12,31349.13
1413,2011/11/13,29709.23
1414,2011/11/14,32614.06
1415,2011/11/15,32930.67
1416,2011/11/16,33402
1417,2011/11/17,34037.47
1418,2011/11/18,34389.74
1419,2011/11/19,31901.15
1420,2011/11/20,29837.27
1421,2011/11/21,32689.65
1422,2011/11/22,33402.25
1423,2011/11/23,33904.07
1424,2011/11/24,34269.25
1425,2011/11/25,33689.15
1426,2011/11/26,31600.8
1427,2011/11/27,29747.68
1428,2011/11/28,32553.54
1429,2011/11/29,33314.41
1430,2011/11/30,33558.38
1431,2011/12/01,34248.07
1432,2011/12/02,35454.58
1433,2011/12/03,33787.6
1434,2011/12/04,31827.5
1435,2011/12/05,34499.94
1436,2011/12/06,35050.13
1437,2011/12/07,35261.67
1438,2011/12/08,37175.14
1439,2011/12/09,38331.19
1440,2011/12/10,37134.15
1441,2011/12/11,35175.06
1442,2011/12/12,38762.35
1443,2011/12/13,39025.3
1444,2011/12/14,38406.39
1445,2011/12/15,39381.62
1446,2011/12/16,40489.48
1447,2011/12/17,38275.14
1448,2011/12/18,36873.13
1449,2011/12/19,39246.62
1450,2011/12/20,39861.45
1451,2011/12/21,39848.94
1452,2011/12/22,40150.72
1453,2011/12/23,40650
1454,2011/12/24,38562.85
1455,2011/12/25,36760.54
1456,2011/12/26,39585.55
1457,2011/12/27,39294.01
1458,2011/12/28,38547.66
1459,2011/12/29,38277.17
1460,2011/12/30,38396.49
1461,2011/12/31,36681.83
1462,2012/01/01,31858.2
1463,2012/01/02,33812.14
1464,2012/01/03,37888.4
1465,2012/01/04,41910.33
1466,2012/01/05,42539.79
1467,2012/01/06,42082.18
1468,2012/01/07,38926.3
1469,2012/01/08,37438.5
1470,2012/01/09,39514.71
1471,2012/01/10,39488.38
1472,2012/01/11,39705.7
1473,2012/01/12,39525.38
1474,2012/01/13,38810.85
1475,2012/01/14,36892.12
1476,2012/01/15,34957.58
1477,2012/01/16,36658.34
1478,2012/01/17,35098.31
1479,2012/01/18,34618.92
1480,2012/01/19,33064.99
1481,2012/01/20,31203.8
1482,2012/01/21,28920.39
1483,2012/01/22,27821.65
1484,2012/01/23,26940.6
1485,2012/01/24,26903
1486,2012/01/25,27418.18
1487,2012/01/26,27617.09
1488,2012/01/27,28286.25
1489,2012/01/28,29301.18
1490,2012/01/29,31422.67
1491,2012/01/30,33695.35
1492,2012/01/31,33871.79
1493,2012/02/01,36529.11
1494,2012/02/02,39041.35
1495,2012/02/03,39053.81
1496,2012/02/04,36477.82
1497,2012/02/05,34441.86
1498,2012/02/06,37789.36
1499,2012/02/07,41007.66
1500,2012/02/08,42507.51
1501,2012/02/09,42189.2
1502,2012/02/10,42952.91
1503,2012/02/11,39537.71
1504,2012/02/12,37187.15
1505,2012/02/13,40330.7
1506,2012/02/14,40870.25
1507,2012/02/15,41120.27
1508,2012/02/16,41146
1509,2012/02/17,40519.25
1510,2012/02/18,38695.74
1511,2012/02/19,36458.82
1512,2012/02/20,40553.65
1513,2012/02/21,40185.26
1514,2012/02/22,39120.51
1515,2012/02/23,39778.63
1516,2012/02/24,40586
1517,2012/02/25,39464.19
1518,2012/02/26,37344.85
1519,2012/02/27,41644.44
1520,2012/02/28,42365.36
1521,2012/02/29,41005.78
1522,2012/03/01,40215.64
1523,2012/03/02,40752.67
1524,2012/03/03,38361.8
1525,2012/03/04,36016.29
1526,2012/03/05,40501.37
1527,2012/03/06,40059.7
1528,2012/03/07,40856.13
1529,2012/03/08,40674.92
1530,2012/03/09,40602.57
1531,2012/03/10,37450.5
1532,2012/03/11,35836.65
1533,2012/03/12,39824.41
1534,2012/03/13,38993.3
1535,2012/03/14,37727.34
1536,2012/03/15,38255.79
1537,2012/03/16,36419.77
1538,2012/03/17,34318.05
1539,2012/03/18,32478.96
1540,2012/03/19,37294.87
1541,2012/03/20,38519.56
1542,2012/03/21,37279.65
1543,2012/03/22,36093.9
1544,2012/03/23,38000.03
1545,2012/03/24,33967.9
1546,2012/03/25,31427.08
1547,2012/03/26,34152.54
1548,2012/03/27,34059.41
1549,2012/03/28,33675.16
1550,2012/03/29,33500.75
1551,2012/03/30,33993.25
1552,2012/03/31,32933.15
1553,2012/04/01,31772.9
1554,2012/04/02,30276.65
1555,2012/04/03,29040.96
1556,2012/04/04,26580.55
1557,2012/04/05,31519.38
1558,2012/04/06,32735.53
1559,2012/04/07,31547.4
1560,2012/04/08,30205.4
1561,2012/04/09,32971.44
1562,2012/04/10,33738.6
1563,2012/04/11,33711.3
1564,2012/04/12,33403.47
1565,2012/04/13,33942.03
1566,2012/04/14,32008.53
1567,2012/04/15,30125.9
1568,2012/04/16,32862.14
1569,2012/04/17,33240.31
1570,2012/04/18,33610.7
1571,2012/04/19,33615.08
1572,2012/04/20,33715.11
1573,2012/04/21,32178.75
1574,2012/04/22,30267.35
1575,2012/04/23,33098.11
1576,2012/04/24,34087.82
1577,2012/04/25,33786.4
1578,2012/04/26,33464.14
1579,2012/04/27,33429.12
1580,2012/04/28,33143.88
1581,2012/04/29,30908.84
1582,2012/04/30,28192.18
1583,2012/05/01,25949.55
1584,2012/05/02,30914.04
1585,2012/05/03,33152.92
1586,2012/05/04,33691.55
1587,2012/05/05,32483.55
1588,2012/05/06,31501.85
1589,2012/05/07,35020.74
1590,2012/05/08,34222.8
1591,2012/05/09,34101.87
1592,2012/05/10,33982.54
1593,2012/05/11,33774.04
1594,2012/05/12,32012.75
1595,2012/05/13,30128.69
1596,2012/05/14,33372.27
1597,2012/05/15,33636.97
1598,2012/05/16,34252.75
1599,2012/05/17,34876.48
1600,2012/05/18,34977.88
1601,2012/05/19,32179
1602,2012/05/20,29894.5
1603,2012/05/21,33169.33
1604,2012/05/22,33886.62
1605,2012/05/23,33993.42
1606,2012/05/24,34054.98
1607,2012/05/25,33586.03
1608,2012/05/26,31614.6
1609,2012/05/27,29542.7
1610,2012/05/28,33042.73
1611,2012/05/29,33987.16
1612,2012/05/30,33117.81
1613,2012/05/31,33180.22
1614,2012/06/01,33311.5
1615,2012/06/02,31712.75
1616,2012/06/03,29980.98
1617,2012/06/04,33719.65
1618,2012/06/05,34665
1619,2012/06/06,34724.23
1620,2012/06/07,36140.03
1621,2012/06/08,38164.94
1622,2012/06/09,36919.81
1623,2012/06/10,35525.55
1624,2012/06/11,38222.68
1625,2012/06/12,38467.19
1626,2012/06/13,38213.31
1627,2012/06/14,38162.65
1628,2012/06/15,37530.51
1629,2012/06/16,34576.55
1630,2012/06/17,32013.19
1631,2012/06/18,35108.01
1632,2012/06/19,35444.78
1633,2012/06/20,35558.41
1634,2012/06/21,36097.01
1635,2012/06/22,33070.77
1636,2012/06/23,28022.21
1637,2012/06/24,30074.75
1638,2012/06/25,37165.77
1639,2012/06/26,36530.06
1640,2012/06/27,36455.37
1641,2012/06/28,37689.66
1642,2012/06/29,40586.65
1643,2012/06/30,40380.54
1644,2012/07/01,40689.36
1645,2012/07/02,47844.63
1646,2012/07/03,47525.34
1647,2012/07/04,48388.55
1648,2012/07/05,49716.12
1649,2012/07/06,50149
1650,2012/07/07,43200.94
1651,2012/07/08,40420.14
1652,2012/07/09,47643.78
1653,2012/07/10,50921.77
1654,2012/07/11,49678.05
1655,2012/07/12,48650
1656,2012/07/13,45579.23
1657,2012/07/14,42188.69
1658,2012/07/15,36730.8
1659,2012/07/16,40977.83
1660,2012/07/17,40831.76
1661,2012/07/18,41995.1
1662,2012/07/19,44575.25
1663,2012/07/20,46996.19
1664,2012/07/21,45110.7
1665,2012/07/22,43361.72
1666,2012/07/23,48192.51
1667,2012/07/24,48821.06
1668,2012/07/25,47992.2
1669,2012/07/26,48104.2
1670,2012/07/27,49349.4
1671,2012/07/28,46992.75
1672,2012/07/29,44762
1673,2012/07/30,48903.63
1674,2012/07/31,49159.53
1675,2012/08/01,48041.51
1676,2012/08/02,46404.43
1677,2012/08/03,46141.03
1678,2012/08/04,43659.3
1679,2012/08/05,41935.31
1680,2012/08/06,46638.54
1681,2012/08/07,45287.17
1682,2012/08/08,38594.55
1683,2012/08/09,42117.45
1684,2012/08/10,45674.71
1685,2012/08/11,44287.6
1686,2012/08/12,43828.43
1687,2012/08/13,48774.12
1688,2012/08/14,50796.82
1689,2012/08/15,49636.29
1690,2012/08/16,49960.03
1691,2012/08/17,50315.05
1692,2012/08/18,47817.89
1693,2012/08/19,45885.13
1694,2012/08/20,48357.41
1695,2012/08/21,48514.2
1696,2012/08/22,42988.23
1697,2012/08/23,39278.2
1698,2012/08/24,41480.7
1699,2012/08/25,39654.66
1700,2012/08/26,38856.27
1701,2012/08/27,43443.8
1702,2012/08/28,42845.83
1703,2012/08/29,44038
1704,2012/08/30,43786.72
1705,2012/08/31,42545.21
1706,2012/09/01,38438.17
1707,2012/09/02,36751.34
1708,2012/09/03,42044.24
1709,2012/09/04,38557.97
1710,2012/09/05,37875.61
1711,2012/09/06,38902.2
1712,2012/09/07,39717.53
1713,2012/09/08,37179.13
1714,2012/09/09,34539.25
1715,2012/09/10,36970.99
1716,2012/09/11,37659.27
1717,2012/09/12,40042.38
1718,2012/09/13,36741.18
1719,2012/09/14,35128.19
1720,2012/09/15,33018.52
1721,2012/09/16,31035.16
1722,2012/09/17,33883.97
1723,2012/09/18,34796.58
1724,2012/09/19,35348.55
1725,2012/09/20,36426.85
1726,2012/09/21,36442.98
1727,2012/09/22,33065.67
1728,2012/09/23,31752.48
1729,2012/09/24,35121.6
1730,2012/09/25,35663.59
1731,2012/09/26,36126.77
1732,2012/09/27,36195.25
1733,2012/09/28,35096.63
1734,2012/09/29,31456.38
1735,2012/09/30,25020.88
1736,2012/10/01,23981.68
1737,2012/10/02,24593.27
1738,2012/10/03,25317.1
1739,2012/10/04,27273.73
1740,2012/10/05,28807.64
1741,2012/10/06,29933.16
1742,2012/10/07,30038.96
1743,2012/10/08,33066.35
1744,2012/10/09,33821.41
1745,2012/10/10,33708.92
1746,2012/10/11,33447.86
1747,2012/10/12,33649.99
1748,2012/10/13,32000.45
1749,2012/10/14,30380.42
1750,2012/10/15,33235.33
1751,2012/10/16,34018.36
1752,2012/10/17,33031.55
1753,2012/10/18,32461.68
1754,2012/10/19,32791.64
1755,2012/10/20,31296.67
1756,2012/10/21,29925.67
1757,2012/10/22,32910.2
1758,2012/10/23,32870.71
1759,2012/10/24,32875.46
1760,2012/10/25,33254.84
1761,2012/10/26,33572
1762,2012/10/27,31659.16
1763,2012/10/28,29476.8
1764,2012/10/29,32496.4
1765,2012/10/30,33131.27
1766,2012/10/31,32404.53
1767,2012/11/01,32580.34
1768,2012/11/02,32681.99
1769,2012/11/03,31004
1770,2012/11/04,29249.86
1771,2012/11/05,32401.97
1772,2012/11/06,33338.71
1773,2012/11/07,33269.62
1774,2012/11/08,33456.46
1775,2012/11/09,33833.59
1776,2012/11/10,32119.4
1777,2012/11/11,30015.45
1778,2012/11/12,33085.15
1779,2012/11/13,33659.15
1780,2012/11/14,33880.69
1781,2012/11/15,33974.89
1782,2012/11/16,34325.05
1783,2012/11/17,32550.21
1784,2012/11/18,30271.29
1785,2012/11/19,33471.77
1786,2012/11/20,34035.99
1787,2012/11/21,34670.92
1788,2012/11/22,34707.75
1789,2012/11/23,35589.88
1790,2012/11/24,33266
1791,2012/11/25,31667.98
1792,2012/11/26,36094.27
1793,2012/11/27,36482.24
1794,2012/11/28,35860.18
1795,2012/11/29,35775.32
1796,2012/11/30,35860.5
1797,2012/12/01,34103.95
1798,2012/12/02,32601.17
1799,2012/12/03,36655.11
1800,2012/12/04,37780.05
1801,2012/12/05,37926.89
1802,2012/12/06,38380.44
1803,2012/12/07,37612.05
1804,2012/12/08,35774.27
1805,2012/12/09,34931.62
1806,2012/12/10,39539.39
1807,2012/12/11,39806.7
1808,2012/12/12,39797.83
1809,2012/12/13,38990.53
1810,2012/12/14,36418.21
1811,2012/12/15,36020.18
1812,2012/12/16,34090.86
1813,2012/12/17,38446.41
1814,2012/12/18,40798.79
1815,2012/12/19,41307.69
1816,2012/12/20,40870.54
1817,2012/12/21,40860.78
1818,2012/12/22,38946.08
1819,2012/12/23,38437.15
1820,2012/12/24,42892.73
1821,2012/12/25,42283.77
1822,2012/12/26,43103.92
1823,2012/12/27,42260.41
1824,2012/12/28,41367.71
1825,2012/12/29,39807
1826,2012/12/30,39997.36
1827,2012/12/31,39598.94
1828,2013/01/01,33434.37
1829,2013/01/02,36813.72
1830,2013/01/03,42056.27
1831,2013/01/04,45582.74
1832,2013/01/05,45683.47
1833,2013/01/06,44708.8
1834,2013/01/07,46122.64
1835,2013/01/08,44941.26
1836,2013/01/09,44721.93
1837,2013/01/10,44522.93
1838,2013/01/11,44037.53
1839,2013/01/12,39906.67
1840,2013/01/13,38508.11
1841,2013/01/14,41805.96
1842,2013/01/15,41849.72
1843,2013/01/16,43901.69
1844,2013/01/17,44426.96
1845,2013/01/18,44213.58
1846,2013/01/19,39714.44
1847,2013/01/20,36345.43
1848,2013/01/21,40562.97
1849,2013/01/22,42655.17
1850,2013/01/23,42578.58
1851,2013/01/24,42029.6
1852,2013/01/25,41412.81
1853,2013/01/26,38242.98
1854,2013/01/27,36337.03
1855,2013/01/28,39081.12
1856,2013/01/29,37652.24
1857,2013/01/30,36325.15
1858,2013/01/31,34915
1859,2013/02/01,34234.77
1860,2013/02/02,33309.68
1861,2013/02/03,31795.27
1862,2013/02/04,33912.98
1863,2013/02/05,34135.59
1864,2013/02/06,33676.83
1865,2013/02/07,33802.68
1866,2013/02/08,32900.79
1867,2013/02/09,28517.12
1868,2013/02/10,26618.7
1869,2013/02/11,26262.05
1870,2013/02/12,26748.64
1871,2013/02/13,26811.19
1872,2013/02/14,27925.15
1873,2013/02/15,28197.86
1874,2013/02/16,31033.37
1875,2013/02/17,32433.61
1876,2013/02/18,35912.49
1877,2013/02/19,38705.85
1878,2013/02/20,37893.47
1879,2013/02/21,37451.69
1880,2013/02/22,36894.83
1881,2013/02/23,33831.1
1882,2013/02/24,33199.67
1883,2013/02/25,35318.87
1884,2013/02/26,35918.1
1885,2013/02/27,35840.86
1886,2013/02/28,34641.11
1887,2013/03/01,37701.47
1888,2013/03/02,35865
1889,2013/03/03,34287.81
1890,2013/03/04,36137.54
1891,2013/03/05,35573.21
1892,2013/03/06,34745.77
1893,2013/03/07,34181.3
1894,2013/03/08,33662.66
1895,2013/03/09,31666.08
1896,2013/03/10,30804.56
1897,2013/03/11,35802.64
1898,2013/03/12,34739.06
1899,2013/03/13,37301.79
1900,2013/03/14,37758.14
1901,2013/03/15,36443.2
1902,2013/03/16,33481.16
1903,2013/03/17,31435.89
1904,2013/03/18,33775.66
1905,2013/03/19,34082.73
1906,2013/03/20,36210.02
1907,2013/03/21,36216.09
1908,2013/03/22,35232.04
1909,2013/03/23,34197.96
1910,2013/03/24,33043.52
1911,2013/03/25,36469.59
1912,2013/03/26,38025.13
1913,2013/03/27,37194.3
1914,2013/03/28,35655.37
1915,2013/03/29,36045.35
1916,2013/03/30,33500.22
1917,2013/03/31,31691.79
1918,2013/04/01,34296.54
1919,2013/04/02,34738.06
1920,2013/04/03,33964
1921,2013/04/04,28091.45
1922,2013/04/05,29938.3
1923,2013/04/06,32360.15
1924,2013/04/07,34139.56
1925,2013/04/08,34678.64
1926,2013/04/09,34532.99
1927,2013/04/10,34552.9
1928,2013/04/11,34182.18
1929,2013/04/12,34201.19
1930,2013/04/13,32426.45
1931,2013/04/14,30472.66
1932,2013/04/15,33324.13
1933,2013/04/16,33812.97
1934,2013/04/17,33771.64
1935,2013/04/18,33884.33
1936,2013/04/19,34021.71
1937,2013/04/20,33383.84
1938,2013/04/21,31097.8
1939,2013/04/22,33830.35
1940,2013/04/23,34741.71
1941,2013/04/24,34429.33
1942,2013/04/25,34319.43
1943,2013/04/26,33817.76
1944,2013/04/27,33604.11
1945,2013/04/28,32994.95
1946,2013/04/29,30970.99
1947,2013/04/30,28818.33
1948,2013/05/01,26578.68
1949,2013/05/02,31382.98
1950,2013/05/03,32793.87
1951,2013/05/04,31309
1952,2013/05/05,30544.3
1953,2013/05/06,33360.72
1954,2013/05/07,33768.62
1955,2013/05/08,33996.67
1956,2013/05/09,34678.28
1957,2013/05/10,34457.43
1958,2013/05/11,32939.33
1959,2013/05/12,31183.88
1960,2013/05/13,35040.37
1961,2013/05/14,35776.69
1962,2013/05/15,35546.93
1963,2013/05/16,34693.08
1964,2013/05/17,34586.05
1965,2013/05/18,31814
1966,2013/05/19,30933.59
1967,2013/05/20,34750.07
1968,2013/05/21,35827.93
1969,2013/05/22,36777.39
1970,2013/05/23,36109.58
1971,2013/05/24,36553.54
1972,2013/05/25,34498.6
1973,2013/05/26,31754.9
1974,2013/05/27,35615.3
1975,2013/05/28,36392.04
1976,2013/05/29,37657.58
1977,2013/05/30,35988.58
1978,2013/05/31,34546.95
1979,2013/06/01,32368.14
1980,2013/06/02,30356.35
1981,2013/06/03,35342.16
1982,2013/06/04,35384.17
1983,2013/06/05,35907.64
1984,2013/06/06,36817.65
1985,2013/06/07,36288.1
1986,2013/06/08,35768.83
1987,2013/06/09,34742.83
1988,2013/06/10,32226.56
1989,2013/06/11,30837.43
1990,2013/06/12,27835.4
1991,2013/06/13,33481.68
1992,2013/06/14,34658.66
1993,2013/06/15,34175.83
1994,2013/06/16,33909.14
1995,2013/06/17,39574.53
1996,2013/06/18,44937.32
1997,2013/06/19,45327.28
1998,2013/06/20,43593.7
1999,2013/06/21,40873.86
2000,2013/06/22,35224.2
2001,2013/06/23,34817.53
2002,2013/06/24,40452.52
2003,2013/06/25,41219.67
2004,2013/06/26,39226.02
2005,2013/06/27,38604.73
2006,2013/06/28,36907.52
2007,2013/06/29,34003.32
2008,2013/06/30,35711.77
2009,2013/07/01,43159.34
2010,2013/07/02,47386.79
2011,2013/07/03,49269
2012,2013/07/04,51678.94
2013,2013/07/05,49011.49
2014,2013/07/06,40355.26
2015,2013/07/07,39261.49
2016,2013/07/08,47736.31
2017,2013/07/09,52942.38
2018,2013/07/10,53531.59
2019,2013/07/11,53607.77
2020,2013/07/12,50869.12
2021,2013/07/13,42121.41
2022,2013/07/14,42167.84
2023,2013/07/15,49822.13
2024,2013/07/16,51468.64
2025,2013/07/17,51706.58
2026,2013/07/18,51362.36
2027,2013/07/19,50092.64
2028,2013/07/20,47797.08
2029,2013/07/21,44764.26
2030,2013/07/22,50475.4
2031,2013/07/23,53637.24
2032,2013/07/24,55841.3
2033,2013/07/25,56789.13
2034,2013/07/26,56739.75
2035,2013/07/27,50357.97
2036,2013/07/28,49231.15
2037,2013/07/29,55789.83
2038,2013/07/30,58423.69
2039,2013/07/31,56915.38
2040,2013/08/01,56945.49
2041,2013/08/02,56352.16
2042,2013/08/03,49936.25
2043,2013/08/04,48940.18
2044,2013/08/05,54971.01
2045,2013/08/06,57920.59
2046,2013/08/07,58946.49
2047,2013/08/08,59467.95
2048,2013/08/09,59643.07
2049,2013/08/10,54093.78
2050,2013/08/11,50585.78
2051,2013/08/12,54679.32
2052,2013/08/13,54602.37
2053,2013/08/14,54568.68
2054,2013/08/15,53822.51
2055,2013/08/16,52758.78
2056,2013/08/17,48441.29
2057,2013/08/18,45902.92
2058,2013/08/19,51523.43
2059,2013/08/20,52861.92
2060,2013/08/21,51681.96
2061,2013/08/22,50891.24
2062,2013/08/23,51421.84
2063,2013/08/24,49824.68
2064,2013/08/25,45469.53
2065,2013/08/26,48864.56
2066,2013/08/27,48909.05
2067,2013/08/28,49510.31
2068,2013/08/29,51374.06
2069,2013/08/30,48320.11
2070,2013/08/31,42538.27
2071,2013/09/01,41363.85
2072,2013/09/02,43072.86
2073,2013/09/03,39482.66
2074,2013/09/04,38484.78
2075,2013/09/05,37767.04
2076,2013/09/06,36855.23
2077,2013/09/07,34908.54
2078,2013/09/08,33264.91
2079,2013/09/09,38425.45
2080,2013/09/10,41172.97
2081,2013/09/11,43028.73
2082,2013/09/12,45076.12
2083,2013/09/13,44795.42
2084,2013/09/14,40112.64
2085,2013/09/15,36799.95
2086,2013/09/16,40238.55
2087,2013/09/17,42163.4
2088,2013/09/18,39935.08
2089,2013/09/19,32924.52
2090,2013/09/20,34266.66
2091,2013/09/21,34481.32
2092,2013/09/22,40442.99
2093,2013/09/23,41528.54
2094,2013/09/24,43454.68
2095,2013/09/25,37463.46
2096,2013/09/26,36041.74
2097,2013/09/27,35814.65
2098,2013/09/28,34298.99
2099,2013/09/29,34642.73
2100,2013/09/30,34817.23
2101,2013/10/01,25980.53
2102,2013/10/02,25775.22
2103,2013/10/03,26443.33
2104,2013/10/04,28756.11
2105,2013/10/05,30190.55
2106,2013/10/06,31000.89
2107,2013/10/07,31851.94
2108,2013/10/08,33650.91
2109,2013/10/09,34442.03
2110,2013/10/10,34928.87
2111,2013/10/11,35742.53
2112,2013/10/12,35223.88
2113,2013/10/13,32343.57
2114,2013/10/14,35857.21
2115,2013/10/15,34806.24
2116,2013/10/16,33638.67
2117,2013/10/17,34133.87
2118,2013/10/18,34281.09
2119,2013/10/19,32647.41
2120,2013/10/20,30755.25
2121,2013/10/21,33549.56
2122,2013/10/22,34278.41
2123,2013/10/23,34344.03
2124,2013/10/24,34236.71
2125,2013/10/25,34244.23
2126,2013/10/26,32291.1
2127,2013/10/27,30495.82
2128,2013/10/28,33526.14
2129,2013/10/29,34472.3
2130,2013/10/30,34719.94
2131,2013/10/31,34312.36
2132,2013/11/01,34347.4
2133,2013/11/02,32888.42
2134,2013/11/03,31019.37
2135,2013/11/04,33631.04
2136,2013/11/05,34328.14
2137,2013/11/06,34446.36
2138,2013/11/07,34339.57
2139,2013/11/08,34358.91
2140,2013/11/09,33283.98
2141,2013/11/10,30977.36
2142,2013/11/11,33707.05
2143,2013/11/12,34439.13
2144,2013/11/13,34142.58
2145,2013/11/14,34691.56
2146,2013/11/15,34492.06
2147,2013/11/16,33014.08
2148,2013/11/17,31530.84
2149,2013/11/18,35177.72
2150,2013/11/19,36155.44
2151,2013/11/20,35853.44
2152,2013/11/21,35995.03
2153,2013/11/22,35615.71
2154,2013/11/23,33593.27
2155,2013/11/24,32052.93
2156,2013/11/25,35440.16
2157,2013/11/26,36288.57
2158,2013/11/27,37354.97
2159,2013/11/28,38853.01
2160,2013/11/29,39170.66
2161,2013/11/30,36043.08
2162,2013/12/01,34144.4
2163,2013/12/02,37830.53
2164,2013/12/03,37669.78
2165,2013/12/04,37179.72
2166,2013/12/05,37056.77
2167,2013/12/06,37618.16
2168,2013/12/07,35619.08
2169,2013/12/08,33201.43
2170,2013/12/09,38208.35
2171,2013/12/10,39365.7
2172,2013/12/11,39963.51
2173,2013/12/12,40063.97
2174,2013/12/13,39834.51
2175,2013/12/14,36466.18
2176,2013/12/15,35208.28
2177,2013/12/16,40684.68
2178,2013/12/17,41845.05
2179,2013/12/18,41654.37
2180,2013/12/19,42362.6
2181,2013/12/20,43286.39
2182,2013/12/21,38505.39
2183,2013/12/22,38278.43
2184,2013/12/23,42664.78
2185,2013/12/24,43229.19
2186,2013/12/25,42757.89
2187,2013/12/26,44116.12
2188,2013/12/27,45046
2189,2013/12/28,43196.44
2190,2013/12/29,41460.95
2191,2013/12/30,43264.64
2192,2013/12/31,41862.37
2193,2014/01/01,35233.01
2194,2014/01/02,39881.06
2195,2014/01/03,40366.15
2196,2014/01/04,37774.35
2197,2014/01/05,37552.61
2198,2014/01/06,41287.9
2199,2014/01/07,40742.45
2200,2014/01/08,42354.27
2201,2014/01/09,43731.73
2202,2014/01/10,43389.41
2203,2014/01/11,41205.93
2204,2014/01/12,38978.4
2205,2014/01/13,43056.91
2206,2014/01/14,43281.75
2207,2014/01/15,42674.42
2208,2014/01/16,41688.86
2209,2014/01/17,38682.16
2210,2014/01/18,39183.53
2211,2014/01/19,37281.9
2212,2014/01/20,40311.1
2213,2014/01/21,41334.25
2214,2014/01/22,40950.99
2215,2014/01/23,40378.44
2216,2014/01/24,39328.99
2217,2014/01/25,35818.3
2218,2014/01/26,35152.8
2219,2014/01/27,34616.96
2220,2014/01/28,32271.34
2221,2014/01/29,30054.81
2222,2014/01/30,27346.18
2223,2014/01/31,24552.36
2224,2014/02/01,24226
2225,2014/02/02,22825.31
2226,2014/02/03,25065.74
2227,2014/02/04,26767
2228,2014/02/05,28263.06
2229,2014/02/06,29724.75
2230,2014/02/07,32586.12
2231,2014/02/08,35735.62
2232,2014/02/09,34204.78
2233,2014/02/10,40176.46
2234,2014/02/11,43209.47
2235,2014/02/12,43687.51
2236,2014/02/13,42833.64
2237,2014/02/14,42228.05
2238,2014/02/15,37945.76
2239,2014/02/16,37398.88
2240,2014/02/17,41124.02
2241,2014/02/18,43228.41
2242,2014/02/19,43832.35
2243,2014/02/20,42702.65
2244,2014/02/21,42061.43
2245,2014/02/22,38570.86
2246,2014/02/23,36552.23
2247,2014/02/24,40642.84
2248,2014/02/25,41797.41
2249,2014/02/26,40545.03
2250,2014/02/27,39793.17
2251,2014/02/28,39942.03
2252,2014/03/01,38733.04
2253,2014/03/02,36144.96
2254,2014/03/03,39604.37
2255,2014/03/04,40081.33
2256,2014/03/05,40120.43
2257,2014/03/06,41203.36
2258,2014/03/07,40615.42
2259,2014/03/08,38717.48
2260,2014/03/09,36842.97
2261,2014/03/10,38685.87
2262,2014/03/11,38357.51
2263,2014/03/12,38901.04
2264,2014/03/13,39713.65
2265,2014/03/14,38369.09
2266,2014/03/15,35457.79
2267,2014/03/16,33200.92
2268,2014/03/17,36847.22
2269,2014/03/18,34849.32
2270,2014/03/19,36033.63
2271,2014/03/20,37259.82
2272,2014/03/21,36703.5
2273,2014/03/22,34283.28
2274,2014/03/23,33180.02
2275,2014/03/24,35478.06
2276,2014/03/25,35612.07
2277,2014/03/26,35106.85
2278,2014/03/27,34957.95
2279,2014/03/28,35112.58
2280,2014/03/29,33311.15
2281,2014/03/30,30985.57
2282,2014/03/31,33791.71
2283,2014/04/01,34346.1
2284,2014/04/02,34281.33
2285,2014/04/03,33988.2
2286,2014/04/04,33584.5
2287,2014/04/05,28120.61
2288,2014/04/06,28376.41
2289,2014/04/07,31106.72
2290,2014/04/08,33543.87
2291,2014/04/09,33985.28
2292,2014/04/10,33923.62
2293,2014/04/11,33700.45
2294,2014/04/12,32800.23
2295,2014/04/13,31138.12
2296,2014/04/14,33486.74
2297,2014/04/15,34196.44
2298,2014/04/16,34409.43
2299,2014/04/17,34027.14
2300,2014/04/18,34599.6
2301,2014/04/19,33071.01
2302,2014/04/20,31451.26
2303,2014/04/21,33921.32
2304,2014/04/22,34163.11
2305,2014/04/23,34895.61
2306,2014/04/24,34879.23
2307,2014/04/25,34774.02
2308,2014/04/26,33558.6
2309,2014/04/27,31424.05
2310,2014/04/28,34587.62
2311,2014/04/29,34417.07
2312,2014/04/30,33695.4
2313,2014/05/01,26955.28
2314,2014/05/02,27491.44
2315,2014/05/03,29474.42
2316,2014/05/04,32907.31
2317,2014/05/05,33916.47
2318,2014/05/06,34147.64
2319,2014/05/07,34321.07
2320,2014/05/08,34700.18
2321,2014/05/09,34346.06
2322,2014/05/10,31716.32
2323,2014/05/11,31160.45
2324,2014/05/12,34422.8
2325,2014/05/13,34882.86
2326,2014/05/14,35103.13
2327,2014/05/15,35440.93
2328,2014/05/16,35436.62
2329,2014/05/17,33480.48
2330,2014/05/18,31280.84
2331,2014/05/19,34460.44
2332,2014/05/20,35565.19
2333,2014/05/21,34991.92
2334,2014/05/22,35885.35
2335,2014/05/23,36103.48
2336,2014/05/24,33961.22
2337,2014/05/25,32133.21
2338,2014/05/26,35857.83
2339,2014/05/27,38123.04
2340,2014/05/28,38305.95
2341,2014/05/29,39029.74
2342,2014/05/30,38945.32
2343,2014/05/31,35469.85
2344,2014/06/01,31411.91
2345,2014/06/02,28804.86
2346,2014/06/03,34066.12
2347,2014/06/04,35571.67
2348,2014/06/05,36201.21
2349,2014/06/06,36782.84
2350,2014/06/07,35422.63
2351,2014/06/08,33004.6
2352,2014/06/09,36715.32
2353,2014/06/10,37640.03
2354,2014/06/11,37990.84
2355,2014/06/12,38163.26
2356,2014/06/13,39027
2357,2014/06/14,37050.24
2358,2014/06/15,34520.38
2359,2014/06/16,37712.66
2360,2014/06/17,37894.82
2361,2014/06/18,36982.05
2362,2014/06/19,37806.71
2363,2014/06/20,38296.25
2364,2014/06/21,35683.25
2365,2014/06/22,33854.44
2366,2014/06/23,36602.86
2367,2014/06/24,38429.18
2368,2014/06/25,37419.32
2369,2014/06/26,37001.52
2370,2014/06/27,36827.45
2371,2014/06/28,35197.73
2372,2014/06/29,33521.04
2373,2014/06/30,36099.62
2374,2014/07/01,36874.01
2375,2014/07/02,37511.62
2376,2014/07/03,38065.14
2377,2014/07/04,38387.71
2378,2014/07/05,36510.99
2379,2014/07/06,34336.58
2380,2014/07/07,39058.41
2381,2014/07/08,40134.7
2382,2014/07/09,40869.58
2383,2014/07/10,42683.13
2384,2014/07/11,45729.51
2385,2014/07/12,40629.73
2386,2014/07/13,36608.46
2387,2014/07/14,40649.18
2388,2014/07/15,42088.63
2389,2014/07/16,44026
2390,2014/07/17,46118.94
2391,2014/07/18,47023.83
2392,2014/07/19,44298.67
2393,2014/07/20,44028.12
2394,2014/07/21,48756.57
2395,2014/07/22,50163.98
2396,2014/07/23,51565.7
2397,2014/07/24,51035.72
2398,2014/07/25,49217.88
2399,2014/07/26,45218.93
2400,2014/07/27,43731.11
2401,2014/07/28,48416.47
2402,2014/07/29,49653.01
2403,2014/07/30,50778.68
2404,2014/07/31,50582.55
2405,2014/08/01,47784.43
2406,2014/08/02,41384.05
2407,2014/08/03,41977.85
2408,2014/08/04,50571.7
2409,2014/08/05,51616.41
2410,2014/08/06,52564.96
2411,2014/08/07,51689.88
2412,2014/08/08,50535.6
2413,2014/08/09,43393.91
2414,2014/08/10,41236.73
2415,2014/08/11,46166.27
2416,2014/08/12,42271.09
2417,2014/08/13,43085.3
2418,2014/08/14,41637.08
2419,2014/08/15,42064.48
2420,2014/08/16,39580.24
2421,2014/08/17,37000.7
2422,2014/08/18,40094.78
2423,2014/08/19,38080.52
2424,2014/08/20,37935.35
2425,2014/08/21,39033.22
2426,2014/08/22,39979.1
2427,2014/08/23,39079.98
2428,2014/08/24,38200.58
2429,2014/08/25,39862.2
2430,2014/08/26,42846.29
2431,2014/08/27,40964.9
2432,2014/08/28,40852.25
2433,2014/08/29,39653.65
2434,2014/08/30,38555.94
2435,2014/08/31,38884.27
2436,2014/09/01,40942.56
2437,2014/09/02,41252.84
2438,2014/09/03,40300.74
2439,2014/09/04,39764.1
2440,2014/09/05,40332.24
2441,2014/09/06,35107.79
2442,2014/09/07,32889.52
2443,2014/09/08,31703.92
2444,2014/09/09,39108.16
2445,2014/09/10,40558.55
2446,2014/09/11,39268.52
2447,2014/09/12,38770.04
2448,2014/09/13,36526.17
2449,2014/09/14,34838.57
2450,2014/09/15,37885.86
2451,2014/09/16,38166.84
2452,2014/09/17,38004.68
2453,2014/09/18,36802.91
2454,2014/09/19,36079.88
2455,2014/09/20,34457.6
2456,2014/09/21,33913.66
2457,2014/09/22,36297.14
2458,2014/09/23,36468.23
2459,2014/09/24,36822.17
2460,2014/09/25,36957.17
2461,2014/09/26,37233.73
2462,2014/09/27,35530.97
2463,2014/09/28,36447.45
2464,2014/09/29,36960.7
2465,2014/09/30,33869.31
2466,2014/10/01,26208.71
2467,2014/10/02,26023.12
2468,2014/10/03,26226.64
2469,2014/10/04,28245.08
2470,2014/10/05,29462.55
2471,2014/10/06,30671.28
2472,2014/10/07,31667.7
2473,2014/10/08,33774.43
2474,2014/10/09,34536.99
2475,2014/10/10,34949.4
2476,2014/10/11,34938.97
2477,2014/10/12,32766.84
2478,2014/10/13,33794.88
2479,2014/10/14,33735.22
2480,2014/10/15,33966.17
2481,2014/10/16,34053
2482,2014/10/17,34175.31
2483,2014/10/18,32203.13
2484,2014/10/19,31079.11
2485,2014/10/20,33757.38
2486,2014/10/21,34423.12
2487,2014/10/22,34355.01
2488,2014/10/23,34478.29
2489,2014/10/24,34520.38
2490,2014/10/25,32693.77
2491,2014/10/26,31244.66
2492,2014/10/27,33792.22
2493,2014/10/28,34078.92
2494,2014/10/29,34441.87
2495,2014/10/30,34417.5
2496,2014/10/31,34415.64
2497,2014/11/01,32487.15
2498,2014/11/02,30603.56
2499,2014/11/03,33223.16
2500,2014/11/04,33961.18
2501,2014/11/05,34291.57
2502,2014/11/06,34624.56
2503,2014/11/07,34388.71
2504,2014/11/08,32888.38
2505,2014/11/09,30592.12
2506,2014/11/10,34212.25
2507,2014/11/11,34737.99
2508,2014/11/12,35106.52
2509,2014/11/13,35236.33
2510,2014/11/14,35346.86
2511,2014/11/15,33399.64
2512,2014/11/16,31726.75
2513,2014/11/17,35184.92
2514,2014/11/18,35933.26
2515,2014/11/19,35848.42
2516,2014/11/20,35648.78
2517,2014/11/21,35346.31
2518,2014/11/22,33068.96
2519,2014/11/23,31212.85
2520,2014/11/24,34833.69
2521,2014/11/25,35876.98
2522,2014/11/26,35677.64
2523,2014/11/27,35500.68
2524,2014/11/28,35663.65
2525,2014/11/29,33674.48
2526,2014/11/30,32119
2527,2014/12/01,37084.24
2528,2014/12/02,38814.43
2529,2014/12/03,40648.74
2530,2014/12/04,41177.12
2531,2014/12/05,42182.99
2532,2014/12/06,39590.82
2533,2014/12/07,37443.16
2534,2014/12/08,40704.17
2535,2014/12/09,41376.77
2536,2014/12/10,41499.57
2537,2014/12/11,42472.45
2538,2014/12/12,43318.31
2539,2014/12/13,40831.75
2540,2014/12/14,38208.46
2541,2014/12/15,42059.03
2542,2014/12/16,44770.64
2543,2014/12/17,45418.06
2544,2014/12/18,45186.92
2545,2014/12/19,43997.19
2546,2014/12/20,40406.38
2547,2014/12/21,39203.56
2548,2014/12/22,44565.81
2549,2014/12/23,43844.43
2550,2014/12/24,43299.54
2551,2014/12/25,43038.08
2552,2014/12/26,43076.21
2553,2014/12/27,39982.23
2554,2014/12/28,38748.08
2555,2014/12/29,41545.15
2556,2014/12/30,41267.78
2557,2014/12/31,40479.13
2558,2015/01/01,34920.1
2559,2015/01/02,37008.27
2560,2015/01/03,38611.69
2561,2015/01/04,40780.85
2562,2015/01/05,39729.67
2563,2015/01/06,42404.91
2564,2015/01/07,43629.51
2565,2015/01/08,44356.97
2566,2015/01/09,43699.1
2567,2015/01/10,40063.92
2568,2015/01/11,37686.21
2569,2015/01/12,41630.63
2570,2015/01/13,42953.88
2571,2015/01/14,43870.77
2572,2015/01/15,43475.31
2573,2015/01/16,43515.55
2574,2015/01/17,39463.45
2575,2015/01/18,37877.24
2576,2015/01/19,42507.21
2577,2015/01/20,43052.15
2578,2015/01/21,42130.11
2579,2015/01/22,43003.36
2580,2015/01/23,42812.77
2581,2015/01/24,39946.1
2582,2015/01/25,38552.49
2583,2015/01/26,41030.83
2584,2015/01/27,41808.89
2585,2015/01/28,44142.13
2586,2015/01/29,45819.42
2587,2015/01/30,45760.62
2588,2015/01/31,42465.75
2589,2015/02/01,40622.62
2590,2015/02/02,43983.75
2591,2015/02/03,44016.63
2592,2015/02/04,44432.87
2593,2015/02/05,43985.15
2594,2015/02/06,42916.83
2595,2015/02/07,39688.58
2596,2015/02/08,38779.54
2597,2015/02/09,42707.41
2598,2015/02/10,43086.64
2599,2015/02/11,41564.45
2600,2015/02/12,37427.97
2601,2015/02/13,35639.67
2602,2015/02/14,32981.29
2603,2015/02/15,31884.31
2604,2015/02/16,29413.73
2605,2015/02/17,27526.81
2606,2015/02/18,25976.53
2607,2015/02/19,22912.84
2608,2015/02/20,23657.35
2609,2015/02/21,24384.35
2610,2015/02/22,25002.56
2611,2015/02/23,26278.16
2612,2015/02/24,28298.7
2613,2015/02/25,32272.04
2614,2015/02/26,34481.61
2615,2015/02/27,36668.78
2616,2015/02/28,38216.58
2617,2015/03/01,36079.57
2618,2015/03/02,39228.73
2619,2015/03/03,39862.41
2620,2015/03/04,39487.48
2621,2015/03/05,40282.05
2622,2015/03/06,40852.11
2623,2015/03/07,37217.93
2624,2015/03/08,36268.03
2625,2015/03/09,40073.81
2626,2015/03/10,41132.07
2627,2015/03/11,41702.69
2628,2015/03/12,41472.09
2629,2015/03/13,39547.36
2630,2015/03/14,35859.18
2631,2015/03/15,34396.81
2632,2015/03/16,37302.36
2633,2015/03/17,36981.07
2634,2015/03/18,36358.49
2635,2015/03/19,36860.71
2636,2015/03/20,36625.81
2637,2015/03/21,34634.27
2638,2015/03/22,32443.26
2639,2015/03/23,35844.14
2640,2015/03/24,36604.59
2641,2015/03/25,36450.16
2642,2015/03/26,36520.99
2643,2015/03/27,37294.28
2644,2015/03/28,34002.19
2645,2015/03/29,31819
2646,2015/03/30,35001.71
2647,2015/03/31,35300.08
2648,2015/04/01,34841.06
2649,2015/04/02,34793.58
2650,2015/04/03,35174.37
2651,2015/04/04,28202.99
2652,2015/04/05,27968.15
2653,2015/04/06,31152.87
2654,2015/04/07,34138.21
2655,2015/04/08,38114.39
2656,2015/04/09,36818.8
2657,2015/04/10,35665.13
2658,2015/04/11,33067.93
2659,2015/04/12,31466.45
2660,2015/04/13,34724.44
2661,2015/04/14,34823.52
2662,2015/04/15,34738.24
2663,2015/04/16,34222.32
2664,2015/04/17,34423.88
2665,2015/04/18,33035.53
2666,2015/04/19,30885.98
2667,2015/04/20,34260.86
2668,2015/04/21,34201.51
2669,2015/04/22,34828
2670,2015/04/23,34838
2671,2015/04/24,35045.13
2672,2015/04/25,33052.28
2673,2015/04/26,31216.54
2674,2015/04/27,33910.28
2675,2015/04/28,35798.28
2676,2015/04/29,36252.32
2677,2015/04/30,35587.76
2678,2015/05/01,27349.24
2679,2015/05/02,28440.13
2680,2015/05/03,30324.01
2681,2015/05/04,34018.44
2682,2015/05/05,34679.8
2683,2015/05/06,34810.52
2684,2015/05/07,34887.74
2685,2015/05/08,35653.41
2686,2015/05/09,33692.44
2687,2015/05/10,31799.53
2688,2015/05/11,34761.57
2689,2015/05/12,35276.68
2690,2015/05/13,35883.97
2691,2015/05/14,36270.6
2692,2015/05/15,36209.25
2693,2015/05/16,33617.23
2694,2015/05/17,31824.92
2695,2015/05/18,35829.78
2696,2015/05/19,36787.21
2697,2015/05/20,36456.44
2698,2015/05/21,35469.98
2699,2015/05/22,35677.6
2700,2015/05/23,33827.23
2701,2015/05/24,31950.22
2702,2015/05/25,35487.98
2703,2015/05/26,35554.4
2704,2015/05/27,36383.73
2705,2015/05/28,36599.89
2706,2015/05/29,36388.45
2707,2015/05/30,34228.38
2708,2015/05/31,31830.32
2709,2015/06/01,36439.51
2710,2015/06/02,38133.58
2711,2015/06/03,36827.15
2712,2015/06/04,36757.85
2713,2015/06/05,37125.76
2714,2015/06/06,34562.69
2715,2015/06/07,32769.57
2716,2015/06/08,36392.76
2717,2015/06/09,37066.96
2718,2015/06/10,37444.85
2719,2015/06/11,38439.59
2720,2015/06/12,40250.08
2721,2015/06/13,38211.67
2722,2015/06/14,36535.46
2723,2015/06/15,38499.85
2724,2015/06/16,39006.72
2725,2015/06/17,38787.63
2726,2015/06/18,38059.46
2727,2015/06/19,38207.16
2728,2015/06/20,27196.56
2729,2015/06/21,30627.68
2730,2015/06/22,33552.61
2731,2015/06/23,39150.13
2732,2015/06/24,41044.18
2733,2015/06/25,43734.88
2734,2015/06/26,47809.1
2735,2015/06/27,45085.25
2736,2015/06/28,33118.53
2737,2015/06/29,40648.82
2738,2015/06/30,44038.02
2739,2015/07/01,39690.18
2740,2015/07/02,39455.16
2741,2015/07/03,39640.41
2742,2015/07/04,35440.83
2743,2015/07/05,33298.59
2744,2015/07/06,37923.81
2745,2015/07/07,35931.71
2746,2015/07/08,36837.83
2747,2015/07/09,38525.03
2748,2015/07/10,38761.08
2749,2015/07/11,33433.06
2750,2015/07/12,32724.78
2751,2015/07/13,41471.36
2752,2015/07/14,44006.66
2753,2015/07/15,44758.97
2754,2015/07/16,44286.61
2755,2015/07/17,42951.62
2756,2015/07/18,37422.69
2757,2015/07/19,36264.19
2758,2015/07/20,42152.26
2759,2015/07/21,44904.65
2760,2015/07/22,46299.46
2761,2015/07/23,47587.16
2762,2015/07/24,48485.33
2763,2015/07/25,46094.61
2764,2015/07/26,45304.74
2765,2015/07/27,51493.55
2766,2015/07/28,56047.35
2767,2015/07/29,58257.9
2768,2015/07/30,57661.1
2769,2015/07/31,56095.28
2770,2015/08/01,52105.58
2771,2015/08/02,50972.22
2772,2015/08/03,57800.62
2773,2015/08/04,58166.73
2774,2015/08/05,57425.94
2775,2015/08/06,55220.38
2776,2015/08/07,54534.63
2777,2015/08/08,48347.49
2778,2015/08/09,45514.51
2779,2015/08/10,50660.29
2780,2015/08/11,49849.55
2781,2015/08/12,46949.14
2782,2015/08/13,47159.03
2783,2015/08/14,47302.15
2784,2015/08/15,44222.66
2785,2015/08/16,41961.91
2786,2015/08/17,45746.86
2787,2015/08/18,46432.95
2788,2015/08/19,47099.55
2789,2015/08/20,47793.1
2790,2015/08/21,46193.17
2791,2015/08/22,40705.66
2792,2015/08/23,38197.47
2793,2015/08/24,43059.32
2794,2015/08/25,40971.11
2795,2015/08/26,41639.37
2796,2015/08/27,41941.39
2797,2015/08/28,42856.86
2798,2015/08/29,39550.12
2799,2015/08/30,37339.93
2800,2015/08/31,41146.62
2801,2015/09/01,43468.77
2802,2015/09/02,43741.58
2803,2015/09/03,32796.98
2804,2015/09/04,36263.13
2805,2015/09/05,36172.39
2806,2015/09/06,40120.92
2807,2015/09/07,42533.49
2808,2015/09/08,42334.43
2809,2015/09/09,41991.08
2810,2015/09/10,41078.1
2811,2015/09/11,41006.83
2812,2015/09/12,36579.17
2813,2015/09/13,33862.57
2814,2015/09/14,37993.87
2815,2015/09/15,38468.45
2816,2015/09/16,37759.6
2817,2015/09/17,37867.03
2818,2015/09/18,37674.58
2819,2015/09/19,35603.23
2820,2015/09/20,34068.99
2821,2015/09/21,37663.33
2822,2015/09/22,38292.63
2823,2015/09/23,38502.44
2824,2015/09/24,38823.46
2825,2015/09/25,38588.44
2826,2015/09/26,34631.43
2827,2015/09/27,31902.3
2828,2015/09/28,35706.05
2829,2015/09/29,36184.34
2830,2015/09/30,34449.96
2831,2015/10/01,26885.32
2832,2015/10/02,26496.31
2833,2015/10/03,27013.75
2834,2015/10/04,28609.92
2835,2015/10/05,29772.33
2836,2015/10/06,31007.05
2837,2015/10/07,32820.44
2838,2015/10/08,34931.5
2839,2015/10/09,35383.07
2840,2015/10/10,35032.28
2841,2015/10/11,31959.78
2842,2015/10/12,34471.07
2843,2015/10/13,35308.04
2844,2015/10/14,35636.09
2845,2015/10/15,35965.02
2846,2015/10/16,35862.03
2847,2015/10/17,33923.28
2848,2015/10/18,31877.59
2849,2015/10/19,35002.7
2850,2015/10/20,35777.49
2851,2015/10/21,35812.67
2852,2015/10/22,36167.32
2853,2015/10/23,36167.43
2854,2015/10/24,34174.29
2855,2015/10/25,32021.47
2856,2015/10/26,35326.17
2857,2015/10/27,35359.82
2858,2015/10/28,35137.61
2859,2015/10/29,35439.59
2860,2015/10/30,35204.27
2861,2015/10/31,32628.37
2862,2015/11/01,31408.7
2863,2015/11/02,34493.47
2864,2015/11/03,34889.71
2865,2015/11/04,35212.98
2866,2015/11/05,35790.32
2867,2015/11/06,35840.83
2868,2015/11/07,33993.51
2869,2015/11/08,31907.64
2870,2015/11/09,35470.17
2871,2015/11/10,35960.4
2872,2015/11/11,36245.57
2873,2015/11/12,36427.78
2874,2015/11/13,36432.68
2875,2015/11/14,33980.63
2876,2015/11/15,31635.82
2877,2015/11/16,35208
2878,2015/11/17,36175.77
2879,2015/11/18,36328.64
2880,2015/11/19,36595.22
2881,2015/11/20,36593.13
2882,2015/11/21,34677.31
2883,2015/11/22,32602.26
2884,2015/11/23,36104
2885,2015/11/24,37286.16
2886,2015/11/25,39355.7
2887,2015/11/26,42661.7
2888,2015/11/27,43366.16
2889,2015/11/28,39515.86
2890,2015/11/29,36629.64
2891,2015/11/30,39560.9
2892,2015/12/01,38805.03
2893,2015/12/02,39145.88
2894,2015/12/03,40138.09
2895,2015/12/04,41281.6
2896,2015/12/05,39602.55
2897,2015/12/06,37972.44
2898,2015/12/07,40610.43
2899,2015/12/08,41856.32
2900,2015/12/09,41252.5
2901,2015/12/10,41233.06
2902,2015/12/11,41569.26
2903,2015/12/12,39063.62
2904,2015/12/13,37916.84
2905,2015/12/14,42125.34
2906,2015/12/15,43504.33
2907,2015/12/16,45024.68
2908,2015/12/17,46546.51
2909,2015/12/18,46379.15
2910,2015/12/19,41654.52
2911,2015/12/20,39173.51
2912,2015/12/21,42595.48
2913,2015/12/22,42360.3
2914,2015/12/23,42818.33
2915,2015/12/24,43054.01
2916,2015/12/25,42516.51
2917,2015/12/26,40389.27
2918,2015/12/27,38665.68
2919,2015/12/28,43419.85
2920,2015/12/29,43657.29
2921,2015/12/30,43150.8
2922,2015/12/31,42373.19
2923,2016/01/01,34891.9
2924,2016/01/02,35224.73
2925,2016/01/03,37283.66
2926,2016/01/04,40449.48
2927,2016/01/05,41718.84
2928,2016/01/06,42856.62
2929,2016/01/07,43556.75
2930,2016/01/08,43988.47
2931,2016/01/09,41191.71
2932,2016/01/10,39464.11
2933,2016/01/11,44062.72
2934,2016/01/12,45166.53
2935,2016/01/13,47294.07
2936,2016/01/14,47320.9
2937,2016/01/15,47409.92
2938,2016/01/16,42416.17
2939,2016/01/17,40883.82
2940,2016/01/18,47424.57
2941,2016/01/19,49247.23
2942,2016/01/20,49810.84
2943,2016/01/21,50580.9
2944,2016/01/22,49798.82
2945,2016/01/23,48722.77
2946,2016/01/24,48715.5
2947,2016/01/25,52489.4
2948,2016/01/26,51521.69
2949,2016/01/27,49778.34
2950,2016/01/28,47230.99
2951,2016/01/29,45577.37
2952,2016/01/30,42122.26
2953,2016/01/31,40005.22
2954,2016/02/01,42445.19
2955,2016/02/02,44030.48
2956,2016/02/03,41553.69
2957,2016/02/04,39717.82
2958,2016/02/05,34500.67
2959,2016/02/06,30561.98
2960,2016/02/07,26598.07
2961,2016/02/08,25210.95
2962,2016/02/09,24794.33
2963,2016/02/10,25321.26
2964,2016/02/11,25600.83
2965,2016/02/12,26491.91
2966,2016/02/13,27566.41
2967,2016/02/14,33251.23
2968,2016/02/15,36285.16
2969,2016/02/16,38327.18
2970,2016/02/17,38946.6
2971,2016/02/18,38056.25
2972,2016/02/19,39090.57
2973,2016/02/20,36691.77
2974,2016/02/21,35767.38
2975,2016/02/22,40071.07
2976,2016/02/23,41550.79
2977,2016/02/24,42719.47
2978,2016/02/25,41922.74
2979,2016/02/26,40571.63
2980,2016/02/27,37288.54
2981,2016/02/28,34501.48
2982,2016/02/29,39380.39
2983,2016/03/01,41121.91
2984,2016/03/02,39575.17
2985,2016/03/03,38971.32
2986,2016/03/04,38104.18
2987,2016/03/05,34274.89
2988,2016/03/06,33166.53
2989,2016/03/07,36524.32
2990,2016/03/08,38716.67
2991,2016/03/09,41554.69
2992,2016/03/10,43980.67
2993,2016/03/11,44232.14
2994,2016/03/12,38919.42
2995,2016/03/13,36546.05
2996,2016/03/14,38692.05
2997,2016/03/15,40937.26
2998,2016/03/16,38486.77
2999,2016/03/17,38346.28
3000,2016/03/18,37112.48
3001,2016/03/19,35274.16
3002,2016/03/20,33671.44
3003,2016/03/21,37202.31
3004,2016/03/22,38129.39
3005,2016/03/23,38773.78
3006,2016/03/24,39607.38
3007,2016/03/25,39303.01
3008,2016/03/26,36013.44
3009,2016/03/27,33687.47
3010,2016/03/28,36437.06
3011,2016/03/29,36298.14
3012,2016/03/30,36545.3
3013,2016/03/31,36659.88
3014,2016/04/01,36173.83
3015,2016/04/02,32938.26
3016,2016/04/03,31164.94
3017,2016/04/04,28824.55
3018,2016/04/05,34811.84
3019,2016/04/06,36859.01
3020,2016/04/07,36706.51
3021,2016/04/08,36138.62
3022,2016/04/09,34309.47
3023,2016/04/10,32505.76
3024,2016/04/11,35308.39
3025,2016/04/12,35929.04
3026,2016/04/13,35586.58
3027,2016/04/14,35834.66
3028,2016/04/15,35705.71
3029,2016/04/16,33590.73
3030,2016/04/17,31119.23
3031,2016/04/18,34253.32
3032,2016/04/19,34990.88
3033,2016/04/20,35623.56
3034,2016/04/21,35501.27
3035,2016/04/22,35910.03
3036,2016/04/23,33724.64
3037,2016/04/24,32131.6
3038,2016/04/25,35288.5
3039,2016/04/26,36267.9
3040,2016/04/27,36170.25
3041,2016/04/28,35882.43
3042,2016/04/29,35320.32
3043,2016/04/30,31264.84
3044,2016/05/01,27842.24
3045,2016/05/02,29430.97
3046,2016/05/03,33658.3
3047,2016/05/04,35995.01
3048,2016/05/05,36584.37
3049,2016/05/06,37010.3
3050,2016/05/07,34348.86
3051,2016/05/08,32006.27
3052,2016/05/09,35796.77
3053,2016/05/10,36201.83
3054,2016/05/11,36663.92
3055,2016/05/12,36470.72
3056,2016/05/13,36636.81
3057,2016/05/14,34109.89
3058,2016/05/15,32381.19
3059,2016/05/16,34995.82
3060,2016/05/17,36170.18
3061,2016/05/18,35983.56
3062,2016/05/19,36586.16
3063,2016/05/20,36490.45
3064,2016/05/21,34371.06
3065,2016/05/22,32573.78
3066,2016/05/23,36129
3067,2016/05/24,36831.81
3068,2016/05/25,37299.41
3069,2016/05/26,37612.2
3070,2016/05/27,37480.93
3071,2016/05/28,34364.15
3072,2016/05/29,32866.25
3073,2016/05/30,36279.32
3074,2016/05/31,37822.46
3075,2016/06/01,37235.75
3076,2016/06/02,37381.15
3077,2016/06/03,36208.74
3078,2016/06/04,34188.99
3079,2016/06/05,32735.3
3080,2016/06/06,36804.93
3081,2016/06/07,38007.89
3082,2016/06/08,37907.96
3083,2016/06/09,30809.63
3084,2016/06/10,31811.12
3085,2016/06/11,34667.98
3086,2016/06/12,36707.87
3087,2016/06/13,38659.33
3088,2016/06/14,40497.43
3089,2016/06/15,42283.07
3090,2016/06/16,40766.71
3091,2016/06/17,41598.61
3092,2016/06/18,39371.82
3093,2016/06/19,38113.71
3094,2016/06/20,43918.83
3095,2016/06/21,46355.71
3096,2016/06/22,46204.06
3097,2016/06/23,48533.4
3098,2016/06/24,49165.31
3099,2016/06/25,41806.48
3100,2016/06/26,37858.13
3101,2016/06/27,40106.74
3102,2016/06/28,39363.43
3103,2016/06/29,40272.75
3104,2016/06/30,43196.8
3105,2016/07/01,45157.28
3106,2016/07/02,40909.79
3107,2016/07/03,39967.15
3108,2016/07/04,46803
3109,2016/07/05,48963.75
3110,2016/07/06,50871.77
3111,2016/07/07,51026.26
3112,2016/07/08,52063.41
3113,2016/07/09,42795.89
3114,2016/07/10,39780.1
3115,2016/07/11,45468.24
3116,2016/07/12,49747.53
3117,2016/07/13,51196.65
3118,2016/07/14,51945.29
3119,2016/07/15,53467.49
3120,2016/07/16,46191.02
3121,2016/07/17,43634.64
3122,2016/07/18,51139.91
3123,2016/07/19,52811.87
3124,2016/07/20,55787.01
3125,2016/07/21,58489.97
3126,2016/07/22,60162.74
3127,2016/07/23,57628.12
3128,2016/07/24,55443.57
