date,max_load,temperature,weekday,holiday
2011/01/01,16544,4.0,6,-1
2011/01/02,17685,4.0,7,1
2011/01/03,19185,4.5,1,1
2011/01/04,20386,3.5,2,0
2011/01/05,21077,2.5,3,0
2011/01/06,21172,3.0,4,0
2011/01/07,21068,4.5,5,0
2011/01/08,18982,5.5,6,1
2011/01/09,19348,3.5,7,1
2011/01/10,20971,2.5,1,0
2011/01/11,21435,4.0,2,0
2011/01/12,21061,5.0,3,0
2011/01/13,20534,3.0,4,0
2011/01/14,20497,1.5,5,0
2011/01/15,20303,1.0,6,1
2011/01/16,20067,2.0,7,1
2011/01/17,21325,2.0,1,0
2011/01/18,21858,2.0,2,0
2011/01/19,21786,2.0,3,0
2011/01/20,21922,2.0,4,0
2011/01/21,20934,2.0,5,0
2011/01/22,19115,2.0,6,1
2011/01/23,18610,2.0,7,1
2011/01/24,20128,2.0,1,0
2011/01/25,19514,2.0,2,0
2011/01/26,19509,4.5,3,0
2011/01/27,18597,4.5,4,0
2011/01/28,18832,4.5,5,0
2011/01/29,17189,1.0,6,1
2011/01/30,17139,0.5,7,0
2011/01/31,15964,2.5,1,0
2011/02/01,14640,5.0,2,0
2011/02/02,12790,6.5,3,-1
2011/02/03,12152,8.0,4,-1
2011/02/04,11797,9.0,5,-1
2011/02/05,11900,10.0,6,1
2011/02/06,12049,10.5,7,1
2011/02/07,12408,12.5,1,1
2011/02/08,12590,12.5,2,1
2011/02/09,14822,6.5,3,0
2011/02/10,17306,3.0,4,0
2011/02/11,17546,2.5,5,0
2011/02/12,17848,2.5,6,0
2011/02/13,17487,2.0,7,1
2011/02/14,19231,1.5,1,0
2011/02/15,19428,4.5,2,0
2011/02/16,19714,7.0,3,0
2011/02/17,19852,4.0,4,0
2011/02/18,19706,4.0,5,0
2011/02/19,17849,5.5,6,1
2011/02/20,16814,6.5,7,1
2011/02/21,18746,8.5,1,0
2011/02/22,18087,10.0,2,0
2011/02/23,17225,12.0,3,0
2011/02/24,16888,13.5,4,0
2011/02/25,17780,11.0,5,0
2011/02/26,16256,13.0,6,1
2011/02/27,15252,13.5,7,1
2011/02/28,18655,5.5,1,0
2011/03/01,19727,3.0,2,0
2011/03/02,19129,4.5,3,0
2011/03/03,18637,5.0,4,0
2011/03/04,18556,6.5,5,0
2011/03/05,16852,10.0,6,1
2011/03/06,16609,7.0,7,1
2011/03/07,18442,6.0,1,0
2011/03/08,17812,10.0,2,0
2011/03/09,17873,8.5,3,0
2011/03/10,17420,9.5,4,0
2011/03/11,17235,13.0,5,0
2011/03/12,16029,13.5,6,1
2011/03/13,15165,13.0,7,1
2011/03/14,17657,9.0,1,0
2011/03/15,18450,5.5,2,0
2011/03/16,17927,8.0,3,0
2011/03/17,16882,11.0,4,0
2011/03/18,17486,12.0,5,0
2011/03/19,16009,14.0,6,1
2011/03/20,15469,11.5,7,1
2011/03/21,18532,6.5,1,0
2011/03/22,18891,6.0,2,0
2011/03/23,17850,9.5,3,0
2011/03/24,17159,10.5,4,0
2011/03/25,17392,9.0,5,0
2011/03/26,15913,11.0,6,1
2011/03/27,15103,12.5,7,1
2011/03/28,16688,14.0,1,0
2011/03/29,16766,10.0,2,0
2011/03/30,16793,11.5,3,0
2011/03/31,16484,14.0,4,0
2011/04/01,16218,15.5,5,0
2011/04/02,16321,11.5,6,0
2011/04/03,15298,7.5,7,1
2011/04/04,14435,10.5,1,1
2011/04/05,13811,12.5,2,-1
2011/04/06,16363,15.0,3,0
2011/04/07,16990,13.0,4,0
2011/04/08,16344,14.0,5,0
2011/04/09,15323,16.5,6,1
2011/04/10,14454,17.5,7,1
2011/04/11,16396,13.0,1,0
2011/04/12,16132,16.5,2,0
2011/04/13,16241,17.5,3,0
2011/04/14,16194,22.0,4,0
2011/04/15,16457,20.0,5,0
2011/04/16,15307,14.5,6,1
2011/04/17,14262,17.0,7,1
2011/04/18,15979,15.0,1,0
2011/04/19,16039,15.0,2,0
2011/04/20,16028,18.0,3,0
2011/04/21,16288,16.5,4,0
2011/04/22,16536,13.5,5,0
2011/04/23,15077,17.0,6,1
2011/04/24,14556,18.5,7,1
2011/04/25,16124,22.0,1,0
2011/04/26,16256,24.5,2,0
2011/04/27,16399,17.0,3,0
2011/04/28,15800,18.0,4,0
2011/04/29,16076,23.0,5,0
2011/04/30,14421,23.0,6,1
2011/05/01,12289,20.5,7,-1
2011/05/02,13225,18.0,1,1
2011/05/03,16115,15.5,2,0
2011/05/04,15705,17.5,3,0
2011/05/05,15843,21.0,4,0
2011/05/06,16360,23.5,5,0
2011/05/07,15858,26.0,6,1
2011/05/08,15380,27.5,7,1
2011/05/09,18070,28.5,1,0
2011/05/10,19334,26.5,2,0
2011/05/11,17288,20.0,3,0
2011/05/12,16934,20.5,4,0
2011/05/13,16928,23.0,5,0
2011/05/14,15472,23.5,6,1
2011/05/15,14618,24.0,7,1
2011/05/16,17070,23.5,1,0
2011/05/17,17561,25.5,2,0
2011/05/18,17457,26.5,3,0
2011/05/19,18060,27.5,4,0
2011/05/20,19311,28.0,5,0
2011/05/21,16118,22.0,6,1
2011/05/22,14295,18.0,7,1
2011/05/23,15940,17.0,1,0
2011/05/24,15883,20.0,2,0
2011/05/25,16127,21.0,3,0
2011/05/26,16214,21.5,4,0
2011/05/27,16107,22.0,5,0
2011/05/28,15042,19.5,6,1
2011/05/29,14139,22.5,7,1
2011/05/30,16333,25.5,1,0
2011/05/31,16961,26.0,2,0
2011/06/01,16690,24.5,3,0
2011/06/02,17685,26.5,4,0
2011/06/03,17472,26.0,5,0
2011/06/04,15405,22.0,6,1
2011/06/05,13901,22.0,7,1
2011/06/06,12942,20.0,1,-1
2011/06/07,16019,23.0,2,0
2011/06/08,17448,27.0,3,0
2011/06/09,19371,29.5,4,0
2011/06/10,18528,24.5,5,0
2011/06/11,16179,22.5,6,1
2011/06/12,14700,24.0,7,1
2011/06/13,17954,24.5,1,0
2011/06/14,16953,22.0,2,0
2011/06/15,16547,20.0,3,0
2011/06/16,16647,22.5,4,0
2011/06/17,16798,22.5,5,0
2011/06/18,15764,23.0,6,1
2011/06/19,14181,21.5,7,1
2011/06/20,16683,25.0,1,0
2011/06/21,17516,24.5,2,0
2011/06/22,19934,28.5,3,0
2011/06/23,20696,28.5,4,0
2011/06/24,21379,29.5,5,0
2011/06/25,18081,26.5,6,1
2011/06/26,15721,26.0,7,1
2011/06/27,19646,28.0,1,0
2011/06/28,21091,29.0,2,0
2011/06/29,21082,29.0,3,0
2011/06/30,20288,29.0,4,0
2011/07/01,21266,29.5,5,0
2011/07/02,20781,32.0,6,1
2011/07/03,21557,33.0,7,1
2011/07/04,24129,31.5,1,0
2011/07/05,22710,29.0,2,0
2011/07/06,24193,32.5,3,0
2011/07/07,24908,32.0,4,0
2011/07/08,23183,29.5,5,0
2011/07/09,20294,28.5,6,1
2011/07/10,18686,29.0,7,1
2011/07/11,21595,29.0,1,0
2011/07/12,21453,28.5,2,0
2011/07/13,21667,29.5,3,0
2011/07/14,22318,29.5,4,0
2011/07/15,22151,29.5,5,0
2011/07/16,20667,30.5,6,1
2011/07/17,18682,30.0,7,1
2011/07/18,22656,29.5,1,0
2011/07/19,22774,29.5,2,0
2011/07/20,22560,30.5,3,0
2011/07/21,23120,31.0,4,0
2011/07/22,24091,31.0,5,0
2011/07/23,22988,32.0,6,1
2011/07/24,22128,31.5,7,1
2011/07/25,25082,32.0,1,0
2011/07/26,25489,32.5,2,0
2011/07/27,24914,32.5,3,0
2011/07/28,24461,32.0,4,0
2011/07/29,25079,32.5,5,0
2011/07/30,23711,32.5,6,1
2011/07/31,21869,32.0,7,1
2011/08/01,23719,30.5,1,0
2011/08/02,24172,31.0,2,0
2011/08/03,24441,31.0,3,0
2011/08/04,22877,29.5,4,0
2011/08/05,22792,28.5,5,0
2011/08/06,20131,28.5,6,1
2011/08/07,17775,27.0,7,1
2011/08/08,22699,30.5,1,0
2011/08/09,23696,30.5,2,0
2011/08/10,24487,32.0,3,0
2011/08/11,24608,30.0,4,0
2011/08/12,23094,29.0,5,0
2011/08/13,20562,31.0,6,1
2011/08/14,19930,29.5,7,1
2011/08/15,24052,30.5,1,0
2011/08/16,23845,31.5,2,0
2011/08/17,23640,27.5,3,0
2011/08/18,22980,30.0,4,0
2011/08/19,22470,30.5,5,0
2011/08/20,21740,31.5,6,1
2011/08/21,19488,28.5,7,1
2011/08/22,20710,26.5,1,0
2011/08/23,20515,26.0,2,0
2011/08/24,19544,24.0,3,0
2011/08/25,18451,24.5,4,0
2011/08/26,18978,26.0,5,0
2011/08/27,17922,27.5,6,1
2011/08/28,17418,28.5,7,1
2011/08/29,20333,28.0,1,0
2011/08/30,21509,28.0,2,0
2011/08/31,22185,28.5,3,0
2011/09/01,21419,28.0,4,0
2011/09/02,21206,27.5,5,0
2011/09/03,18843,27.0,6,1
2011/09/04,17440,26.0,7,1
2011/09/05,19927,26.0,1,0
2011/09/06,19325,25.5,2,0
2011/09/07,18786,27.0,3,0
2011/09/08,19245,29.0,4,0
2011/09/09,18789,25.5,5,0
2011/09/10,17425,24.0,6,1
2011/09/11,15760,26.0,7,1
2011/09/12,14801,27.5,1,-1
2011/09/13,20044,28.0,2,0
2011/09/14,20893,29.0,3,0
2011/09/15,21961,29.0,4,0
2011/09/16,22021,28.5,5,0
2011/09/17,18270,26.0,6,1
2011/09/18,16915,23.5,7,1
2011/09/19,17509,22.0,1,0
2011/09/20,17000,19.0,2,0
2011/09/21,16673,19.5,3,0
2011/09/22,16336,20.0,4,0
2011/09/23,16556,22.0,5,0
2011/09/24,15561,23.5,6,1
2011/09/25,14537,24.5,7,1
2011/09/26,17409,25.0,1,0
2011/09/27,17594,25.5,2,0
2011/09/28,18216,26.0,3,0
2011/09/29,19355,24.0,4,0
2011/09/30,16163,20.0,5,0
2011/10/01,12634,20.0,6,-1
2011/10/02,12217,19.0,7,-1
2011/10/03,12006,19.0,1,-1
2011/10/04,12606,20.5,2,1
2011/10/05,13801,20.5,3,1
2011/10/06,14519,20.5,4,1
2011/10/07,15008,21.0,5,1
2011/10/08,15935,22.0,6,0
2011/10/09,15750,23.5,7,0
2011/10/10,16926,23.0,1,0
2011/10/11,16896,22.0,2,0
2011/10/12,16598,22.5,3,0
2011/10/13,16826,20.5,4,0
2011/10/14,16466,19.0,5,0
2011/10/15,15362,19.0,6,1
2011/10/16,14382,19.5,7,1
2011/10/17,16187,20.5,1,0
2011/10/18,16097,19.0,2,0
2011/10/19,16064,20.0,3,0
2011/10/20,16286,20.5,4,0
2011/10/21,16346,19.5,5,0
2011/10/22,14918,20.0,6,1
2011/10/23,14233,20.5,7,1
2011/10/24,16235,17.5,1,0
2011/10/25,15841,16.5,2,0
2011/10/26,15822,17.5,3,0
2011/10/27,15898,19.0,4,0
2011/10/28,15829,19.0,5,0
2011/10/29,14558,17.5,6,1
2011/10/30,13976,18.5,7,1
2011/10/31,15624,19.5,1,0
2011/11/01,16002,21.5,2,0
2011/11/02,16389,20.5,3,0
2011/11/03,16450,22.0,4,0
2011/11/04,16683,22.5,5,0
2011/11/05,15564,21.5,6,1
2011/11/06,14800,18.0,7,1
2011/11/07,16190,18.0,1,0
2011/11/08,16133,17.0,2,0
2011/11/09,16162,16.0,3,0
2011/11/10,16158,13.0,4,0
2011/11/11,16152,14.0,5,0
2011/11/12,14921,15.5,6,1
2011/11/13,14273,17.0,7,1
2011/11/14,16174,16.0,1,0
2011/11/15,15893,17.5,2,0
2011/11/16,16201,19.5,3,0
2011/11/17,16559,21.5,4,0
2011/11/18,16658,21.5,5,0
2011/11/19,14798,13.5,6,1
2011/11/20,14310,12.0,7,1
2011/11/21,16102,13.5,1,0
2011/11/22,16123,14.0,2,0
2011/11/23,16303,11.5,3,0
2011/11/24,16601,12.0,4,0
2011/11/25,16391,15.5,5,0
2011/11/26,14997,18.0,6,1
2011/11/27,14450,18.0,7,1
2011/11/28,16182,19.0,1,0
2011/11/29,16220,18.0,2,0
2011/11/30,16490,13.5,3,0
2011/12/01,16976,8.0,4,0
2011/12/02,17750,6.5,5,0
2011/12/03,16000,7.5,6,1
2011/12/04,14982,11.0,7,1
2011/12/05,16945,14.0,1,0
2011/12/06,16969,14.5,2,0
2011/12/07,17192,12.0,3,0
2011/12/08,18444,6.5,4,0
2011/12/09,18690,3.5,5,0
2011/12/10,17996,2.0,6,1
2011/12/11,17507,5.0,7,1
2011/12/12,19294,8.0,1,0
2011/12/13,19158,8.5,2,0
2011/12/14,18748,9.0,3,0
2011/12/15,19183,5.5,4,0
2011/12/16,19748,3.0,5,0
2011/12/17,18533,4.5,6,1
2011/12/18,17793,6.0,7,1
2011/12/19,19444,8.5,1,0
2011/12/20,19510,8.5,2,0
2011/12/21,19358,8.5,3,0
2011/12/22,19491,4.0,4,0
2011/12/23,19717,3.5,5,0
2011/12/24,18450,4.0,6,1
2011/12/25,17778,5.0,7,1
2011/12/26,19601,6.5,1,0
2011/12/27,19438,9.5,2,0
2011/12/28,18839,10.0,3,0
2011/12/29,18506,9.0,4,0
2011/12/30,18574,7.5,5,0
2011/12/31,17657,6.5,6,1
2012/01/01,15488,6.5,7,-1
2012/01/02,16920,5.5,1,1
2012/01/03,19275,3.0,2,1
2012/01/04,20582,1.5,3,0
2012/01/05,20996,3.0,4,0
2012/01/06,20905,5.5,5,0
2012/01/07,18739,6.5,6,1
2012/01/08,18027,6.5,7,1
2012/01/09,19707,7.0,1,0
2012/01/10,19448,7.0,2,0
2012/01/11,19425,5.0,3,0
2012/01/12,19327,6.0,4,0
2012/01/13,18987,7.0,5,0
2012/01/14,17588,5.0,6,1
2012/01/15,16807,5.0,7,1
2012/01/16,18028,6.5,1,0
2012/01/17,16955,7.5,2,0
2012/01/18,16881,8.5,3,0
2012/01/19,15933,7.5,4,0
2012/01/20,14960,7.0,5,0
2012/01/21,13724,3.5,6,0
2012/01/22,13450,1.5,7,-1
2012/01/23,13537,1.0,1,-1
2012/01/24,13393,1.0,2,-1
2012/01/25,13731,1.5,3,1
2012/01/26,13365,3.0,4,1
2012/01/27,13956,7.0,5,1
2012/01/28,13834,6.0,6,1
2012/01/29,15835,6.0,7,0
2012/01/30,16309,5.0,1,0
2012/01/31,16514,6.0,2,0
2012/02/01,17513,4.0,3,0
2012/02/02,19049,1.0,4,0
2012/02/03,19277,2.0,5,0
2012/02/04,17939,5.0,6,1
2012/02/05,17173,8.5,7,1
2012/02/06,18980,5.0,1,0
2012/02/07,20304,0.5,2,0
2012/02/08,21177,1.0,3,0
2012/02/09,20680,2.5,4,0
2012/02/10,21354,3.0,5,0
2012/02/11,18945,5.0,6,1
2012/02/12,17961,7.0,7,1
2012/02/13,20280,8.5,1,0
2012/02/14,20399,6.0,2,0
2012/02/15,20539,5.0,3,0
2012/02/16,20545,4.0,4,0
2012/02/17,20084,6.0,5,0
2012/02/18,18323,3.0,6,1
2012/02/19,17861,5.0,7,1
2012/02/20,20297,6.0,1,0
2012/02/21,20087,9.5,2,0
2012/02/22,19245,10.0,3,0
2012/02/23,19728,7.5,4,0
2012/02/24,20238,5.5,5,0
2012/02/25,18567,4.0,6,1
2012/02/26,18453,3.5,7,1
2012/02/27,21023,5.5,1,0
2012/02/28,21241,5.0,2,0
2012/02/29,20061,8.5,3,0
2012/03/01,19938,8.0,4,0
2012/03/02,20284,7.0,5,0
2012/03/03,18711,7.0,6,1
2012/03/04,18183,8.0,7,1
2012/03/05,20358,6.5,1,0
2012/03/06,20019,8.5,2,0
2012/03/07,20429,6.0,3,0
2012/03/08,20306,6.0,4,0
2012/03/09,20032,6.0,5,0
2012/03/10,17887,7.0,6,1
2012/03/11,17079,6.5,7,1
2012/03/12,19863,6.0,1,0
2012/03/13,19335,8.0,2,0
2012/03/14,18488,11.0,3,0
2012/03/15,18629,11.5,4,0
2012/03/16,17703,14.0,5,0
2012/03/17,16801,12.5,6,1
2012/03/18,16613,9.5,7,1
2012/03/19,18889,7.0,1,0
2012/03/20,19487,7.0,2,0
2012/03/21,18170,11.0,3,0
2012/03/22,17520,13.0,4,0
2012/03/23,19087,8.0,5,0
2012/03/24,15966,10.5,6,1
2012/03/25,14989,12.5,7,1
2012/03/26,17224,13.5,1,0
2012/03/27,16686,17.0,2,0
2012/03/28,16302,18.0,3,0
2012/03/29,16161,19.0,4,0
2012/03/30,16449,13.0,5,0
2012/03/31,15926,13.0,6,0
2012/04/01,15375,15.0,7,0
2012/04/02,14931,15.0,1,1
2012/04/03,14654,15.0,2,1
2012/04/04,14217,15.0,3,-1
2012/04/05,15709,15.0,4,0
2012/04/06,15874,15.0,5,0
2012/04/07,14965,15.0,6,1
2012/04/08,14115,15.0,7,1
2012/04/09,16161,15.0,1,0
2012/04/10,16310,15.0,2,0
2012/04/11,16405,15.0,3,0
2012/04/12,16153,15.0,4,0
2012/04/13,16679,16.0,5,0
2012/04/14,15122,17.5,6,1
2012/04/15,14451,18.0,7,1
2012/04/16,16159,16.5,1,0
2012/04/17,16109,16.0,2,0
2012/04/18,16266,17.0,3,0
2012/04/19,16304,17.5,4,0
2012/04/20,16405,18.0,5,0
2012/04/21,15331,20.5,6,1
2012/04/22,14311,21.5,7,1
2012/04/23,16325,21.5,1,0
2012/04/24,16760,19.5,2,0
2012/04/25,16599,18.5,3,0
2012/04/26,16185,21.0,4,0
2012/04/27,16310,22.0,5,0
2012/04/28,16132,20.5,6,0
2012/04/29,14438,22.0,7,1
2012/04/30,13634,19.0,1,1
2012/05/01,12724,19.5,2,-1
2012/05/02,15597,21.5,3,0
2012/05/03,16243,22.0,4,0
2012/05/04,16477,24.5,5,0
2012/05/05,15510,26.0,6,1
2012/05/06,14800,27.0,7,1
2012/05/07,17825,24.0,1,0
2012/05/08,16853,22.0,2,0
2012/05/09,16665,22.0,3,0
2012/05/10,16626,22.5,4,0
2012/05/11,16542,22.5,5,0
2012/05/12,15238,20.0,6,1
2012/05/13,14358,22.0,7,1
2012/05/14,16545,23.5,1,0
2012/05/15,16360,24.5,2,0
2012/05/16,17061,25.5,3,0
2012/05/17,17385,23.5,4,0
2012/05/18,17394,21.5,5,0
2012/05/19,15303,18.5,6,1
2012/05/20,14388,20.5,7,1
2012/05/21,16437,22.0,1,0
2012/05/22,16426,21.5,2,0
2012/05/23,16568,21.0,3,0
2012/05/24,16696,20.5,4,0
2012/05/25,16426,21.5,5,0
2012/05/26,15201,23.0,6,1
2012/05/27,14218,24.0,7,1
2012/05/28,16659,24.0,1,0
2012/05/29,16928,21.0,2,0
2012/05/30,16142,21.5,3,0
2012/05/31,16203,22.0,4,0
2012/06/01,16209,23.0,5,0
2012/06/02,15117,23.0,6,1
2012/06/03,13973,22.5,7,1
2012/06/04,16696,23.5,1,0
2012/06/05,17126,24.0,2,0
2012/06/06,16998,25.5,3,0
2012/06/07,17682,28.5,4,0
2012/06/08,19137,28.5,5,0
2012/06/09,16781,28.0,6,1
2012/06/10,15382,26.0,7,1
2012/06/11,19363,27.0,1,0
2012/06/12,19348,28.0,2,0
2012/06/13,19365,26.5,3,0
2012/06/14,19136,25.5,4,0
2012/06/15,18907,25.5,5,0
2012/06/16,17414,24.5,6,1
2012/06/17,16437,22.5,7,1
2012/06/18,17648,24.0,1,0
2012/06/19,17578,24.5,2,0
2012/06/20,17634,24.5,3,0
2012/06/21,17900,25.0,4,0
2012/06/22,16145,23.0,5,1
2012/06/23,14561,23.5,6,-1
2012/06/24,13850,26.0,7,1
2012/06/25,19027,24.0,1,0
2012/06/26,18521,24.0,2,0
2012/06/27,18526,25.5,3,0
2012/06/28,18475,28.5,4,0
2012/06/29,19812,29.5,5,0
2012/06/30,18638,29.0,6,1
2012/07/01,18146,31.0,7,1
2012/07/02,24095,32.0,1,0
2012/07/03,24044,32.5,2,0
2012/07/04,24457,33.0,3,0
2012/07/05,25049,33.0,4,0
2012/07/06,25739,30.5,5,0
2012/07/07,22706,28.5,6,1
2012/07/08,20836,30.5,7,1
2012/07/09,24399,32.5,1,0
2012/07/10,25284,31.0,2,0
2012/07/11,24234,31.0,3,0
2012/07/12,24865,30.5,4,0
2012/07/13,24646,27.5,5,0
2012/07/14,20281,26.0,6,1
2012/07/15,19066,26.0,7,1
2012/07/16,20657,27.5,1,0
2012/07/17,21228,27.0,2,0
2012/07/18,20599,29.5,3,0
2012/07/19,22319,30.5,4,0
2012/07/20,23904,31.0,5,0
2012/07/21,22409,30.5,6,1
2012/07/22,21507,31.0,7,1
2012/07/23,24481,30.5,1,0
2012/07/24,24415,30.5,2,0
2012/07/25,24203,30.5,3,0
2012/07/26,24022,30.5,4,0
2012/07/27,24740,31.5,5,0
2012/07/28,22682,31.5,6,1
2012/07/29,21291,31.5,7,1
2012/07/30,24760,31.5,1,0
2012/07/31,24471,30.5,2,0
2012/08/01,23738,29.5,3,0
2012/08/02,22589,29.5,4,0
2012/08/03,22301,30.0,5,0
2012/08/04,21872,30.0,6,1
2012/08/05,19952,29.5,7,1
2012/08/06,23618,28.0,1,0
2012/08/07,22618,26.5,2,0
2012/08/08,20524,27.5,3,0
2012/08/09,20140,29.5,4,0
2012/08/10,23248,30.0,5,0
2012/08/11,21381,31.0,6,1
2012/08/12,20880,31.0,7,1
2012/08/13,24834,31.5,1,0
2012/08/14,25701,32.0,2,0
2012/08/15,25756,31.5,3,0
2012/08/16,25074,31.5,4,0
2012/08/17,25278,31.5,5,0
2012/08/18,23212,31.5,6,1
2012/08/19,21942,31.5,7,1
2012/08/20,24413,30.0,1,0
2012/08/21,24261,27.0,2,0
2012/08/22,21938,27.0,3,0
2012/08/23,21503,26.5,4,0
2012/08/24,20521,29.0,5,0
2012/08/25,20549,28.5,6,1
2012/08/26,18231,27.0,7,1
2012/08/27,21100,29.5,1,0
2012/08/28,22677,27.5,2,0
2012/08/29,22294,29.0,3,0
2012/08/30,22164,29.0,4,0
2012/08/31,22014,28.5,5,0
2012/09/01,20348,28.5,6,1
2012/09/02,19530,27.5,7,1
2012/09/03,21353,25.0,1,0
2012/09/04,19862,24.0,2,0
2012/09/05,18784,25.5,3,0
2012/09/06,19420,26.5,4,0
2012/09/07,20512,27.0,5,0
2012/09/08,18131,25.5,6,1
2012/09/09,17250,25.0,7,1
2012/09/10,18490,26.0,1,0
2012/09/11,18989,26.5,2,0
2012/09/12,20041,24.0,3,0
2012/09/13,18326,22.0,4,0
2012/09/14,17625,23.5,5,0
2012/09/15,16507,23.5,6,1
2012/09/16,15268,22.5,7,1
2012/09/17,16854,22.5,1,0
2012/09/18,17238,23.0,2,0
2012/09/19,17452,24.5,3,0
2012/09/20,18006,24.0,4,0
2012/09/21,17967,23.5,5,0
2012/09/22,16027,23.0,6,1
2012/09/23,14911,23.5,7,1
2012/09/24,17570,23.5,1,0
2012/09/25,17726,24.0,2,0
2012/09/26,17913,23.5,3,0
2012/09/27,17953,24.0,4,0
2012/09/28,17578,20.5,5,0
2012/09/29,16019,21.0,6,0
2012/09/30,12553,20.5,7,-1
2012/10/01,11760,21.5,1,-1
2012/10/02,11972,22.0,2,-1
2012/10/03,12253,23.0,3,-1
2012/10/04,13509,22.5,4,1
2012/10/05,13849,22.5,5,1
2012/10/06,14545,22.0,6,1
2012/10/07,14854,21.0,7,1
2012/10/08,16378,22.0,1,0
2012/10/09,16661,22.0,2,0
2012/10/10,16638,20.0,3,0
2012/10/11,16279,21.0,4,0
2012/10/12,16404,21.0,5,0
2012/10/13,15209,22.0,6,1
2012/10/14,14454,22.5,7,1
2012/10/15,16491,22.5,1,0
2012/10/16,16588,19.5,2,0
2012/10/17,15973,18.5,3,0
2012/10/18,15872,18.5,4,0
2012/10/19,16014,21.5,5,0
2012/10/20,14717,22.5,6,1
2012/10/21,14261,21.0,7,1
2012/10/22,16367,18.5,1,0
2012/10/23,15870,19.0,2,0
2012/10/24,16031,21.5,3,0
2012/10/25,16214,23.0,4,0
2012/10/26,16341,22.0,5,0
2012/10/27,15101,20.0,6,1
2012/10/28,14214,18.5,7,1
2012/10/29,15998,16.5,1,0
2012/10/30,16330,14.0,2,0
2012/10/31,15834,13.5,3,0
2012/11/01,15725,15.0,4,0
2012/11/02,15992,17.5,5,0
2012/11/03,14808,14.0,6,1
2012/11/04,14310,12.5,7,1
2012/11/05,16039,13.5,1,0
2012/11/06,16131,13.5,2,0
2012/11/07,16142,14.5,3,0
2012/11/08,16312,16.0,4,0
2012/11/09,16565,17.0,5,0
2012/11/10,15211,12.0,6,1
2012/11/11,14501,11.5,7,1
2012/11/12,16368,12.5,1,0
2012/11/13,16431,11.5,2,0
2012/11/14,16480,12.5,3,0
2012/11/15,16543,13.5,4,0
2012/11/16,16906,12.0,5,0
2012/11/17,15559,12.0,6,1
2012/11/18,14604,12.0,7,1
2012/11/19,16620,13.5,1,0
2012/11/20,16731,13.5,2,0
2012/11/21,17148,14.5,3,0
2012/11/22,16940,11.5,4,0
2012/11/23,17499,9.5,5,0
2012/11/24,15952,11.0,6,1
2012/11/25,14906,10.5,7,1
2012/11/26,18104,8.0,1,0
2012/11/27,17823,11.5,2,0
2012/11/28,17518,11.5,3,0
2012/11/29,17526,11.0,4,0
2012/11/30,17906,10.5,5,0
2012/12/01,16131,11.0,6,1
2012/12/02,15578,9.5,7,1
2012/12/03,18005,7.0,1,0
2012/12/04,18630,8.0,2,0
2012/12/05,18407,5.5,3,0
2012/12/06,18893,9.0,4,0
2012/12/07,18438,7.0,5,0
2012/12/08,17105,4.0,6,1
2012/12/09,17295,4.0,7,1
2012/12/10,19860,8.0,1,0
2012/12/11,19449,8.0,2,0
2012/12/12,19462,10.0,3,0
2012/12/13,19522,15.5,4,0
2012/12/14,18649,10.0,5,0
2012/12/15,16803,8.5,6,1
2012/12/16,16425,8.5,7,1
2012/12/17,19329,5.0,1,0
2012/12/18,20310,3.0,2,0
2012/12/19,20442,7.5,3,0
2012/12/20,20161,9.5,4,0
2012/12/21,20027,6.0,5,0
2012/12/22,18624,1.5,6,1
2012/12/23,18608,1.0,7,1
2012/12/24,21498,4.5,1,0
2012/12/25,20803,6.0,2,0
2012/12/26,21479,7.5,3,0
2012/12/27,20998,8.5,4,0
2012/12/28,20501,6.0,5,0
2012/12/29,19371,0.0,6,1
2012/12/30,19381,0.5,7,1
2012/12/31,20417,4.5,1,0
2013/01/01,16693,4.0,2,-1
2013/01/02,17929,2.0,3,1
2013/01/03,19840,0.5,4,1
2013/01/04,22392,2.5,5,0
2013/01/05,22664,4.0,6,0
2013/01/06,21625,3.0,7,0
2013/01/07,22903,3.5,1,0
2013/01/08,22248,4.0,2,0
2013/01/09,22092,3.0,3,0
2013/01/10,21723,5.0,4,0
2013/01/11,21442,6.0,5,0
2013/01/12,19949,6.0,6,1
2013/01/13,19696,6.5,7,1
2013/01/14,20824,6.0,1,0
2013/01/15,20698,6.0,2,0
2013/01/16,21584,3.0,3,0
2013/01/17,21895,2.5,4,0
2013/01/18,22043,5.0,5,0
2013/01/19,19391,9.0,6,1
2013/01/20,18716,9.5,7,1
2013/01/21,20141,5.5,1,0
2013/01/22,21210,5.5,2,0
2013/01/23,21336,7.0,3,0
2013/01/24,20303,5.0,4,0
2013/01/25,20493,6.0,5,0
2013/01/26,18245,5.0,6,1
2013/01/27,17673,6.0,7,1
2013/01/28,19910,10.0,1,0
2013/01/29,18733,10.5,2,0
2013/01/30,17836,13.0,3,0
2013/01/31,17251,13.0,4,0
2013/02/01,16565,9.0,5,0
2013/02/02,15788,9.5,6,1
2013/02/03,14841,10.0,7,1
2013/02/04,16580,7.5,1,0
2013/02/05,16701,5.5,2,0
2013/02/06,16485,2.0,3,0
2013/02/07,16069,1.5,4,0
2013/02/08,15228,2.0,5,0
2013/02/09,14870,4.0,6,-1
2013/02/10,13648,4.5,7,-1
2013/02/11,13752,5.0,1,-1
2013/02/12,13483,5.5,2,1
2013/02/13,13575,6.5,3,1
2013/02/14,13991,7.0,4,1
2013/02/15,13889,6.5,5,1
2013/02/16,14987,9.0,6,0
2013/02/17,15739,7.0,7,0
2013/02/18,17688,1.5,1,0
2013/02/19,19414,4.0,2,0
2013/02/20,18906,6.5,3,0
2013/02/21,18292,8.5,4,0
2013/02/22,18488,8.0,5,0
2013/02/23,16436,9.5,6,1
2013/02/24,15865,12.0,7,1
2013/02/25,17652,12.5,1,0
2013/02/26,17969,10.0,2,0
2013/02/27,17885,12.5,3,0
2013/02/28,17193,8.5,4,0
2013/03/01,18870,5.0,5,0
2013/03/02,16884,6.0,6,1
2013/03/03,16156,10.0,7,1
2013/03/04,18009,11.5,1,0
2013/03/05,17555,15.0,2,0
2013/03/06,16916,17.0,3,0
2013/03/07,16617,18.5,4,0
2013/03/08,16431,21.5,5,0
2013/03/09,14997,14.0,6,1
2013/03/10,15001,8.5,7,1
2013/03/11,18217,15.0,1,0
2013/03/12,17054,10.5,2,0
2013/03/13,18323,7.0,3,0
2013/03/14,19064,7.5,4,0
2013/03/15,18067,13.0,5,0
2013/03/16,15814,15.5,6,1
2013/03/17,14960,16.5,7,1
2013/03/18,16889,16.5,1,0
2013/03/19,16367,10.0,2,0
2013/03/20,17534,8.0,3,0
2013/03/21,17698,13.5,4,0
2013/03/22,17134,11.0,5,0
2013/03/23,16280,10.0,6,1
2013/03/24,15648,8.0,7,1
2013/03/25,18093,8.5,1,0
2013/03/26,18684,11.5,2,0
2013/03/27,18021,13.0,3,0
2013/03/28,17195,10.5,4,0
2013/03/29,17808,12.0,5,0
2013/03/30,16061,12.5,6,1
2013/03/31,15507,12.5,7,1
2013/04/01,17275,12.5,1,0
2013/04/02,16916,11.5,2,0
2013/04/03,16531,15.0,3,0
2013/04/04,13573,15.0,4,-1
2013/04/05,14560,10.0,5,1
2013/04/06,15492,11.0,6,1
2013/04/07,16517,14.0,7,0
2013/04/08,16932,14.0,1,0
2013/04/09,16657,13.5,2,0
2013/04/10,16734,14.0,3,0
2013/04/11,16653,16.0,4,0
2013/04/12,16474,20.0,5,0
2013/04/13,15340,20.0,6,1
2013/04/14,14603,21.5,7,1
2013/04/15,16365,23.5,1,0
2013/04/16,16543,20.5,2,0
2013/04/17,16398,17.5,3,0
2013/04/18,16434,12.5,4,0
2013/04/19,16566,11.5,5,0
2013/04/20,15748,11.5,6,1
2013/04/21,15074,13.5,7,1
2013/04/22,16469,17.0,1,0
2013/04/23,17103,18.0,2,0
2013/04/24,16603,19.5,3,0
2013/04/25,16615,18.5,4,0
2013/04/26,16460,20.0,5,0
2013/04/27,16138,21.0,6,0
2013/04/28,15864,23.0,7,0
2013/04/29,15087,16.0,1,1
2013/04/30,14134,17.0,2,1
2013/05/01,13280,17.5,3,-1
2013/05/02,16266,19.0,4,0
2013/05/03,15944,20.0,5,0
2013/05/04,14572,20.0,6,1
2013/05/05,13985,19.5,7,1
2013/05/06,16363,19.5,1,0
2013/05/07,16491,18.5,2,0
2013/05/08,16446,20.0,3,0
2013/05/09,16896,22.5,4,0
2013/05/10,16792,23.5,5,0
2013/05/11,15443,24.5,6,1
2013/05/12,14581,24.5,7,1
2013/05/13,17560,24.5,1,0
2013/05/14,17621,22.5,2,0
2013/05/15,17500,20.0,3,0
2013/05/16,17001,20.5,4,0
2013/05/17,16761,20.5,5,0
2013/05/18,14924,23.0,6,1
2013/05/19,14459,24.0,7,1
2013/05/20,17436,25.5,1,0
2013/05/21,17816,24.5,2,0
2013/05/22,18485,24.0,3,0
2013/05/23,17651,23.5,4,0
2013/05/24,17994,24.5,5,0
2013/05/25,16124,24.0,6,1
2013/05/26,14687,24.0,7,1
2013/05/27,17949,26.0,1,0
2013/05/28,18274,27.5,2,0
2013/05/29,19086,22.5,3,0
2013/05/30,18132,20.5,4,0
2013/05/31,17631,21.0,5,0
2013/06/01,15615,21.5,6,1
2013/06/02,14284,23.0,7,1
2013/06/03,18206,24.0,1,0
2013/06/04,17552,24.0,2,0
2013/06/05,17459,25.0,3,0
2013/06/06,17695,22.5,4,0
2013/06/07,18022,21.5,5,0
2013/06/08,17920,22.0,6,0
2013/06/09,17382,22.0,7,0
2013/06/10,15869,23.0,1,1
2013/06/11,14663,22.5,2,1
2013/06/12,13271,22.0,3,-1
2013/06/13,17400,22.0,4,0
2013/06/14,17033,23.5,5,0
2013/06/15,16185,26.0,6,1
2013/06/16,16014,29.5,7,1
2013/06/17,21693,30.5,1,0
2013/06/18,22967,29.0,2,0
2013/06/19,23931,27.5,3,0
2013/06/20,21623,26.5,4,0
2013/06/21,21100,26.5,5,0
2013/06/22,18137,26.5,6,1
2013/06/23,18154,26.0,7,1
2013/06/24,20598,26.0,1,0
2013/06/25,20587,25.5,2,0
2013/06/26,20267,23.0,3,0
2013/06/27,19499,24.0,4,0
2013/06/28,19333,25.5,5,0
2013/06/29,16385,26.0,6,1
2013/06/30,17643,30.5,7,1
2013/07/01,22612,33.0,1,0
2013/07/02,24551,33.5,2,0
2013/07/03,24834,33.0,3,0
2013/07/04,25845,32.0,4,0
2013/07/05,25289,32.0,5,0
2013/07/06,18727,30.0,6,1
2013/07/07,18822,32.0,7,1
2013/07/08,25741,33.0,1,0
2013/07/09,26480,33.5,2,0
2013/07/10,26921,33.0,3,0
2013/07/11,27330,31.0,4,0
2013/07/12,25391,30.0,5,0
2013/07/13,19635,31.0,6,1
2013/07/14,19767,31.5,7,1
2013/07/15,25881,32.0,1,0
2013/07/16,26212,32.5,2,0
2013/07/17,26123,31.5,3,0
2013/07/18,26537,31.5,4,0
2013/07/19,26307,31.5,5,0
2013/07/20,22698,31.0,6,1
2013/07/21,20924,32.0,7,1
2013/07/22,25641,33.0,1,0
2013/07/23,26714,34.5,2,0
2013/07/24,27685,34.5,3,0
2013/07/25,28172,35.0,4,0
2013/07/26,28545,34.5,5,0
2013/07/27,24000,33.5,6,1
2013/07/28,24168,34.5,7,1
2013/07/29,28620,35.0,1,0
2013/07/30,28685,34.5,2,0
2013/07/31,28603,34.0,3,0
2013/08/01,28046,33.5,4,0
2013/08/02,27804,32.0,5,0
2013/08/03,24370,32.5,6,1
2013/08/04,23818,33.0,7,1
2013/08/05,28009,34.5,1,0
2013/08/06,28715,35.5,2,0
2013/08/07,29303,35.5,3,0
2013/08/08,29080,35.5,4,0
2013/08/09,29242,34.5,5,0
2013/08/10,25381,34.0,6,1
2013/08/11,24130,33.0,7,1
2013/08/12,27683,32.0,1,0
2013/08/13,27604,32.0,2,0
2013/08/14,27351,31.5,3,0
2013/08/15,27044,31.0,4,0
2013/08/16,26470,31.5,5,0
2013/08/17,23103,31.5,6,1
2013/08/18,22042,30.0,7,1
2013/08/19,25891,31.0,1,0
2013/08/20,26435,30.0,2,0
2013/08/21,25523,30.0,3,0
2013/08/22,25149,31.0,4,0
2013/08/23,26013,32.0,5,0
2013/08/24,24066,29.0,6,1
2013/08/25,20740,27.0,7,1
2013/08/26,24813,28.5,1,0
2013/08/27,24222,31.0,2,0
2013/08/28,25443,32.0,3,0
2013/08/29,26274,29.5,4,0
2013/08/30,23741,25.5,5,0
2013/08/31,20762,26.0,6,1
2013/09/01,20130,26.0,7,1
2013/09/02,22814,27.0,1,0
2013/09/03,20319,26.0,2,0
2013/09/04,20033,24.5,3,0
2013/09/05,19445,22.5,4,0
2013/09/06,18395,23.0,5,0
2013/09/07,16855,24.5,6,1
2013/09/08,15780,27.5,7,1
2013/09/09,19198,29.0,1,0
2013/09/10,22240,28.5,2,0
2013/09/11,21981,29.0,3,0
2013/09/12,22272,30.0,4,0
2013/09/13,22910,27.5,5,0
2013/09/14,19223,27.5,6,1
2013/09/15,17607,27.5,7,1
2013/09/16,20619,25.5,1,0
2013/09/17,21910,27.0,2,0
2013/09/18,20228,27.5,3,0
2013/09/19,15616,26.5,4,-1
2013/09/20,16144,27.0,5,1
2013/09/21,16309,27.0,6,1
2013/09/22,20302,28.5,7,0
2013/09/23,21029,28.0,1,0
2013/09/24,21636,23.5,2,0
2013/09/25,18671,22.5,3,0
2013/09/26,17852,22.5,4,0
2013/09/27,17710,23.5,5,0
2013/09/28,16026,23.5,6,1
2013/09/29,17248,23.0,7,0
2013/09/30,17147,23.5,1,0
2013/10/01,12639,23.0,2,-1
2013/10/02,12386,21.5,3,-1
2013/10/03,12729,22.0,4,-1
2013/10/04,13761,23.0,5,1
2013/10/05,14387,23.5,6,1
2013/10/06,14784,24.0,7,1
2013/10/07,14992,23.5,1,1
2013/10/08,16988,22.5,2,0
2013/10/09,17018,24.0,3,0
2013/10/10,17322,23.5,4,0
2013/10/11,17747,23.0,5,0
2013/10/12,17443,23.5,6,0
2013/10/13,15410,23.5,7,1
2013/10/14,17887,22.5,1,0
2013/10/15,16718,17.0,2,0
2013/10/16,16524,17.5,3,0
2013/10/17,16564,19.5,4,0
2013/10/18,16713,21.0,5,0
2013/10/19,15421,20.5,6,1
2013/10/20,14450,18.5,7,1
2013/10/21,16590,19.0,1,0
2013/10/22,16634,19.5,2,0
2013/10/23,16687,18.0,3,0
2013/10/24,16621,16.0,4,0
2013/10/25,16703,16.0,5,0
2013/10/26,15441,16.0,6,1
2013/10/27,14636,18.0,7,1
2013/10/28,16403,19.5,1,0
2013/10/29,16595,20.0,2,0
2013/10/30,16819,19.0,3,0
2013/10/31,16729,20.5,4,0
2013/11/01,16542,20.5,5,0
2013/11/02,15516,20.0,6,1
2013/11/03,14675,17.5,7,1
2013/11/04,16500,17.0,1,0
2013/11/05,16560,18.0,2,0
2013/11/06,16689,18.0,3,0
2013/11/07,16669,19.5,4,0
2013/11/08,16698,22.0,5,0
2013/11/09,15822,17.5,6,1
2013/11/10,14818,14.0,7,1
2013/11/11,16620,14.5,1,0
2013/11/12,16825,14.5,2,0
2013/11/13,16519,14.5,3,0
2013/11/14,16884,14.5,4,0
2013/11/15,16669,15.0,5,0
2013/11/16,15661,11.0,6,1
2013/11/17,14915,10.0,7,1
2013/11/18,17187,10.0,1,0
2013/11/19,17514,11.5,2,0
2013/11/20,17406,13.5,3,0
2013/11/21,17274,15.0,4,0
2013/11/22,17140,16.5,5,0
2013/11/23,15593,14.5,6,1
2013/11/24,15380,11.0,7,1
2013/11/25,17420,9.5,1,0
2013/11/26,17602,9.5,2,0
2013/11/27,17923,4.5,3,0
2013/11/28,19093,5.0,4,0
2013/11/29,19344,8.0,5,0
2013/11/30,17173,9.0,6,1
2013/12/01,16949,8.5,7,1
2013/12/02,18663,12.0,1,0
2013/12/03,18457,13.0,2,0
2013/12/04,17991,13.0,3,0
2013/12/05,17913,12.0,4,0
2013/12/06,18220,11.5,5,0
2013/12/07,17074,13.0,6,1
2013/12/08,16250,14.0,7,1
2013/12/09,18821,6.0,1,0
2013/12/10,19201,6.0,2,0
2013/12/11,19585,8.0,3,0
2013/12/12,19617,7.5,4,0
2013/12/13,19375,9.5,5,0
2013/12/14,17223,9.5,6,1
2013/12/15,17090,9.0,7,1
2013/12/16,20057,7.0,1,0
2013/12/17,20420,7.5,2,0
2013/12/18,20379,5.0,3,0
2013/12/19,20723,4.0,4,0
2013/12/20,21302,3.5,5,0
2013/12/21,18174,4.5,6,1
2013/12/22,17928,6.0,7,1
2013/12/23,21139,6.0,1,0
2013/12/24,21202,6.0,2,0
2013/12/25,20774,5.5,3,0
2013/12/26,21568,2.0,4,0
2013/12/27,21611,1.5,5,0
2013/12/28,20359,2.5,6,1
2013/12/29,19633,5.0,7,1
2013/12/30,21516,5.5,1,0
2013/12/31,21086,9.0,2,0
2014/01/01,17484,10.0,3,-1
2014/01/02,20109,12.0,4,0
2014/01/03,19658,8.0,5,0
2014/01/04,18073,7.0,6,1
2014/01/05,18807,8.0,7,1
2014/01/06,21366,9.0,1,0
2014/01/07,20174,7.5,2,0
2014/01/08,20911,4.0,3,0
2014/01/09,21643,3.5,4,0
2014/01/10,22070,6.0,5,0
2014/01/11,19685,6.0,6,1
2014/01/12,18674,5.0,7,1
2014/01/13,21457,4.5,1,0
2014/01/14,21092,5.0,2,0
2014/01/15,21141,6.5,3,0
2014/01/16,20880,7.0,4,0
2014/01/17,20631,6.0,5,0
2014/01/18,18604,6.0,6,1
2014/01/19,17878,6.5,7,1
2014/01/20,20024,5.5,1,0
2014/01/21,20118,3.0,2,0
2014/01/22,20104,5.5,3,0
2014/01/23,19732,10.5,4,0
2014/01/24,19175,13.0,5,0
2014/01/25,17271,7.5,6,1
2014/01/26,16600,7.5,7,0
2014/01/27,16633,9.5,1,0
2014/01/28,15221,10.5,2,0
2014/01/29,14123,13.0,3,0
2014/01/30,13057,14.0,4,0
2014/01/31,12267,17.5,5,-1
2014/02/01,11935,16.0,6,-1
2014/02/02,11055,16.0,7,-1
2014/02/03,12501,7.0,1,1
2014/02/04,13214,5.0,2,1
2014/02/05,13746,7.5,3,1
2014/02/06,14424,6.0,4,1
2014/02/07,15827,5.0,5,0
2014/02/08,17595,3.0,6,0
2014/02/09,12683,2.5,7,1
2014/02/10,20004,2.0,1,0
2014/02/11,21098,1.5,2,0
2014/02/12,21506,5.0,3,0
2014/02/13,21152,6.5,4,0
2014/02/14,20825,6.0,5,0
2014/02/15,18065,7.0,6,1
2014/02/16,17785,7.5,7,1
2014/02/17,20637,7.0,1,0
2014/02/18,21706,5.0,2,0
2014/02/19,21902,5.0,3,0
2014/02/20,20978,5.5,4,0
2014/02/21,20809,7.0,5,0
2014/02/22,18203,8.5,6,1
2014/02/23,17675,9.5,7,1
2014/02/24,20421,9.5,1,0
2014/02/25,20815,11.0,2,0
2014/02/26,20279,10.0,3,0
2014/02/27,19970,9.5,4,0
2014/02/28,19911,7.5,5,0
2014/03/01,18359,7.5,6,1
2014/03/02,17460,8.5,7,1
2014/03/03,19801,10.0,1,0
2014/03/04,19898,8.5,2,0
2014/03/05,19967,6.5,3,0
2014/03/06,20624,7.0,4,0
2014/03/07,20053,7.0,5,0
2014/03/08,18380,8.0,6,1
2014/03/09,17755,8.5,7,1
2014/03/10,19208,10.5,1,0
2014/03/11,18894,13.0,2,0
2014/03/12,19153,8.5,3,0
2014/03/13,19532,9.5,4,0
2014/03/14,18858,13.0,5,0
2014/03/15,17008,15.5,6,1
2014/03/16,16031,17.5,7,1
2014/03/17,18139,18.5,1,0
2014/03/18,16749,12.5,2,0
2014/03/19,17471,10.5,3,0
2014/03/20,17999,9.5,4,0
2014/03/21,17834,11.0,5,0
2014/03/22,16136,13.0,6,1
2014/03/23,15650,15.5,7,1
2014/03/24,17386,16.5,1,0
2014/03/25,17425,18.5,2,0
2014/03/26,17097,17.0,3,0
2014/03/27,17050,16.5,4,0
2014/03/28,17522,16.5,5,0
2014/03/29,15693,15.5,6,1
2014/03/30,14732,13.5,7,1
2014/03/31,16699,15.0,1,0
2014/04/01,16565,15.0,2,0
2014/04/02,16765,15.5,3,0
2014/04/03,16670,13.5,4,0
2014/04/04,16302,14.5,5,0
2014/04/05,13543,12.0,6,-1
2014/04/06,13919,15.5,7,1
2014/04/07,15054,16.5,1,1
2014/04/08,16606,18.5,2,0
2014/04/09,16629,18.5,3,0
2014/04/10,16354,17.5,4,0
2014/04/11,16322,15.5,5,0
2014/04/12,15490,16.0,6,1
2014/04/13,14552,16.5,7,1
2014/04/14,16369,16.5,1,0
2014/04/15,16388,16.5,2,0
2014/04/16,16438,20.0,3,0
2014/04/17,16514,17.5,4,0
2014/04/18,16702,14.0,5,0
2014/04/19,15782,15.5,6,1
2014/04/20,14707,15.0,7,1
2014/04/21,16545,15.5,1,0
2014/04/22,16502,17.5,2,0
2014/04/23,16623,18.0,3,0
2014/04/24,16711,19.0,4,0
2014/04/25,16903,18.0,5,0
2014/04/26,15865,19.0,6,1
2014/04/27,14697,17.5,7,1
2014/04/28,16912,17.5,1,0
2014/04/29,16643,18.5,2,0
2014/04/30,16383,21.5,3,0
2014/05/01,12772,23.5,4,-1
2014/05/02,13352,19.5,5,1
2014/05/03,14473,17.5,6,1
2014/05/04,16296,17.0,7,0
2014/05/05,16540,18.0,1,0
2014/05/06,16631,20.5,2,0
2014/05/07,16549,22.0,3,0
2014/05/08,16933,18.0,4,0
2014/05/09,16689,19.5,5,0
2014/05/10,14960,21.0,6,1
2014/05/11,14748,22.0,7,1
2014/05/12,16940,21.5,1,0
2014/05/13,16931,21.0,2,0
2014/05/14,17085,23.0,3,0
2014/05/15,17193,21.5,4,0
2014/05/16,17250,19.5,5,0
2014/05/17,15926,19.5,6,1
2014/05/18,14554,20.5,7,1
2014/05/19,17091,23.5,1,0
2014/05/20,17355,23.5,2,0
2014/05/21,16897,23.5,3,0
2014/05/22,17548,23.0,4,0
2014/05/23,17690,24.0,5,0
2014/05/24,16149,25.5,6,1
2014/05/25,15045,27.0,7,1
2014/05/26,17994,28.5,1,0
2014/05/27,19077,29.0,2,0
2014/05/28,19423,28.5,3,0
2014/05/29,19250,27.5,4,0
2014/05/30,19555,25.0,5,0
2014/05/31,17012,23.0,6,1
2014/06/01,14826,23.5,7,1
2014/06/02,13561,22.5,1,-1
2014/06/03,17308,23.0,2,0
2014/06/04,17538,23.5,3,0
2014/06/05,17725,25.0,4,0
2014/06/06,18192,25.5,5,0
2014/06/07,17230,25.5,6,1
2014/06/08,15417,25.5,7,1
2014/06/09,18264,24.0,1,0
2014/06/10,18463,24.5,2,0
2014/06/11,18723,24.0,3,0
2014/06/12,18958,26.5,4,0
2014/06/13,19566,27.0,5,0
2014/06/14,17525,27.0,6,1
2014/06/15,16071,25.0,7,1
2014/06/16,19142,24.5,1,0
2014/06/17,18897,25.0,2,0
2014/06/18,18273,25.0,3,0
2014/06/19,18867,25.5,4,0
2014/06/20,18727,24.0,5,0
2014/06/21,17055,23.5,6,1
2014/06/22,15860,23.5,7,1
2014/06/23,18144,24.5,1,0
2014/06/24,19054,24.5,2,0
2014/06/25,18460,22.5,3,0
2014/06/26,18231,23.0,4,0
2014/06/27,18051,24.5,5,0
2014/06/28,16858,26.0,6,1
2014/06/29,15592,25.0,7,1
2014/06/30,17895,23.5,1,0
2014/07/01,18285,24.5,2,0
2014/07/02,18877,25.5,3,0
2014/07/03,19228,25.0,4,0
2014/07/04,19066,24.5,5,0
2014/07/05,17298,26.0,6,1
2014/07/06,15993,26.5,7,1
2014/07/07,19815,27.0,1,0
2014/07/08,20329,27.0,2,0
2014/07/09,20752,29.5,3,0
2014/07/10,22030,30.0,4,0
2014/07/11,23394,28.5,5,0
2014/07/12,18895,26.5,6,1
2014/07/13,17133,26.5,7,1
2014/07/14,20796,25.5,1,0
2014/07/15,21313,28.0,2,0
2014/07/16,22141,30.0,3,0
2014/07/17,23239,30.0,4,0
2014/07/18,23371,30.5,5,0
2014/07/19,21460,31.0,6,1
2014/07/20,21209,31.0,7,1
2014/07/21,25401,31.0,1,0
2014/07/22,25704,30.5,2,0
2014/07/23,26306,30.5,3,0
2014/07/24,25713,29.5,4,0
2014/07/25,24454,30.5,5,0
2014/07/26,21783,30.0,6,1
2014/07/27,20741,29.5,7,1
2014/07/28,24744,30.5,1,0
2014/07/29,25097,30.5,2,0
2014/07/30,25765,30.5,3,0
2014/07/31,25449,30.5,4,0
2014/08/01,23156,28.0,5,0
2014/08/02,20192,30.0,6,1
2014/08/03,20571,31.0,7,1
2014/08/04,26209,32.0,1,0
2014/08/05,26775,31.5,2,0
2014/08/06,26838,30.0,3,0
2014/08/07,26008,29.0,4,0
2014/08/08,25275,28.0,5,0
2014/08/09,20736,26.5,6,1
2014/08/10,19688,27.5,7,1
2014/08/11,23373,27.0,1,0
2014/08/12,20570,25.5,2,0
2014/08/13,21651,26.0,3,0
2014/08/14,21393,27.0,4,0
2014/08/15,20502,26.5,5,0
2014/08/16,19096,24.5,6,1
2014/08/17,17546,25.0,7,1
2014/08/18,20083,23.5,1,0
2014/08/19,18686,22.5,2,0
2014/08/20,18658,25.0,3,0
2014/08/21,19457,27.0,4,0
2014/08/22,20478,28.0,5,0
2014/08/23,19229,29.0,6,1
2014/08/24,18500,27.5,7,1
2014/08/25,20713,28.0,1,0
2014/08/26,21383,25.5,2,0
2014/08/27,20304,26.0,3,0
2014/08/28,20649,25.5,4,0
2014/08/29,19615,26.0,5,0
2014/08/30,18604,26.0,6,1
2014/08/31,18920,26.0,7,1
2014/09/01,20450,28.0,1,0
2014/09/02,20872,26.0,2,0
2014/09/03,20284,24.5,3,0
2014/09/04,19592,26.0,4,0
2014/09/05,20234,27.0,5,0
2014/09/06,16339,26.5,6,1
2014/09/07,14942,26.0,7,1
2014/09/08,14388,25.5,1,-1
2014/09/09,19899,26.0,2,0
2014/09/10,19865,25.5,3,0
2014/09/11,19576,24.5,4,0
2014/09/12,19266,24.0,5,0
2014/09/13,17501,24.5,6,1
2014/09/14,16480,25.5,7,1
2014/09/15,19089,25.5,1,0
2014/09/16,18935,25.5,2,0
2014/09/17,18894,23.0,3,0
2014/09/18,18239,21.5,4,0
2014/09/19,17835,22.0,5,0
2014/09/20,16725,23.0,6,1
2014/09/21,16292,24.5,7,1
2014/09/22,18565,23.5,1,0
2014/09/23,17770,24.0,2,0
2014/09/24,18321,24.0,3,0
2014/09/25,18302,24.5,4,0
2014/09/26,18456,25.5,5,0
2014/09/27,17129,26.0,6,1
2014/09/28,17996,27.0,7,0
2014/09/29,18049,22.5,1,0
2014/09/30,16985,22.0,2,0
2014/10/01,12460,22.0,3,-1
2014/10/02,12241,22.5,4,-1
2014/10/03,12635,22.0,5,-1
2014/10/04,13662,23.0,6,1
2014/10/05,14113,21.0,7,1
2014/10/06,14662,20.0,1,1
2014/10/07,15326,21.5,2,1
2014/10/08,16726,22.0,3,0
2014/10/09,17048,23.0,4,0
2014/10/10,17256,23.5,5,0
2014/10/11,17250,22.0,6,0
2014/10/12,16266,19.0,7,1
2014/10/13,16834,17.5,1,0
2014/10/14,16465,17.5,2,0
2014/10/15,16624,19.5,3,0
2014/10/16,16718,20.0,4,0
2014/10/17,16640,21.0,5,0
2014/10/18,15113,22.5,6,1
2014/10/19,14864,24.0,7,1
2014/10/20,16660,23.0,1,0
2014/10/21,16666,20.5,2,0
2014/10/22,16747,19.0,3,0
2014/10/23,16840,20.5,4,0
2014/10/24,16743,21.0,5,0
2014/10/25,15513,22.5,6,1
2014/10/26,14928,19.5,7,1
2014/10/27,16751,19.0,1,0
2014/10/28,16596,19.0,2,0
2014/10/29,16769,20.0,3,0
2014/10/30,16734,20.5,4,0
2014/10/31,16730,20.5,5,0
2014/11/01,15495,17.0,6,1
2014/11/02,14665,14.0,7,1
2014/11/03,16349,14.5,1,0
2014/11/04,16495,17.0,2,0
2014/11/05,16496,18.5,3,0
2014/11/06,16672,16.0,4,0
2014/11/07,16515,14.5,5,0
2014/11/08,15496,14.5,6,1
2014/11/09,14439,14.5,7,1
2014/11/10,16767,15.5,1,0
2014/11/11,16778,14.5,2,0
2014/11/12,16919,11.5,3,0
2014/11/13,17031,12.0,4,0
2014/11/14,17149,13.5,5,0
2014/11/15,15998,15.5,6,1
2014/11/16,15235,13.0,7,1
2014/11/17,17291,13.0,1,0
2014/11/18,17237,13.0,2,0
2014/11/19,17270,15.5,3,0
2014/11/20,17250,17.5,4,0
2014/11/21,16973,17.5,5,0
2014/11/22,15688,18.5,6,1
2014/11/23,15023,18.5,7,1
2014/11/24,17258,13.5,1,0
2014/11/25,17311,14.0,2,0
2014/11/26,17207,15.0,3,0
2014/11/27,17391,16.5,4,0
2014/11/28,17374,14.5,5,0
2014/11/29,16079,15.0,6,1
2014/11/30,15517,8.0,7,1
2014/12/01,18544,5.5,1,0
2014/12/02,18797,5.0,2,0
2014/12/03,19796,4.0,3,0
2014/12/04,19904,4.0,4,0
2014/12/05,20767,5.5,5,0
2014/12/06,19238,8.5,6,1
2014/12/07,18374,7.5,7,1
2014/12/08,19916,9.5,1,0
2014/12/09,20386,11.0,2,0
2014/12/10,20111,8.0,3,0
2014/12/11,20585,5.0,4,0
2014/12/12,21296,4.0,5,0
2014/12/13,19554,6.0,6,1
2014/12/14,18633,9.0,7,1
2014/12/15,20753,5.0,1,0
2014/12/16,21879,2.5,2,0
2014/12/17,22185,5.0,3,0
2014/12/18,22203,8.0,4,0
2014/12/19,21737,6.5,5,0
2014/12/20,19485,4.0,6,1
2014/12/21,18931,3.5,7,1
2014/12/22,21805,7.0,1,0
2014/12/23,21708,8.5,2,0
2014/12/24,21413,7.0,3,0
2014/12/25,20897,7.5,4,0
2014/12/26,20923,8.5,5,0
2014/12/27,19111,8.0,6,1
2014/12/28,18807,8.5,7,1
2014/12/29,20511,10.0,1,0
2014/12/30,20257,7.0,2,0
2014/12/31,19876,2.0,3,0
2015/01/01,16711,3.5,4,-1
2015/01/02,18439,7.0,5,1
2015/01/03,19246,10.0,6,1
2015/01/04,20507,14.0,7,0
2015/01/05,19477,10.0,1,0
2015/01/06,20634,5.0,2,0
2015/01/07,21360,5.0,3,0
2015/01/08,21678,6.5,4,0
2015/01/09,21538,8.5,5,0
2015/01/10,19005,9.0,6,1
2015/01/11,18263,7.0,7,1
2015/01/12,20724,8.0,1,0
2015/01/13,20788,8.5,2,0
2015/01/14,21759,8.5,3,0
2015/01/15,21589,7.5,4,0
2015/01/16,21534,5.5,5,0
2015/01/17,18675,6.5,6,1
2015/01/18,18089,6.5,7,1
2015/01/19,21224,7.0,1,0
2015/01/20,21514,10.5,2,0
2015/01/21,20745,6.0,3,0
2015/01/22,21452,6.0,4,0
2015/01/23,21340,9.5,5,0
2015/01/24,19701,14.0,6,1
2015/01/25,18708,10.0,7,1
2015/01/26,20567,5.0,1,0
2015/01/27,20509,4.5,2,0
2015/01/28,21819,4.5,3,0
2015/01/29,22707,4.0,4,0
2015/01/30,22884,4.0,5,0
2015/01/31,20957,5.0,6,1
2015/02/01,19794,6.0,7,1
2015/02/02,22226,6.0,1,0
2015/02/03,21783,6.0,2,0
2015/02/04,23132,4.0,3,0
2015/02/05,22360,4.5,4,0
2015/02/06,21756,6.5,5,0
2015/02/07,19796,4.5,6,1
2015/02/08,19407,2.0,7,1
2015/02/09,21496,2.0,1,0
2015/02/10,21418,9.5,2,0
2015/02/11,20858,9.5,3,0
2015/02/12,18351,9.5,4,0
2015/02/13,17677,12.0,5,0
2015/02/14,15965,14.5,6,1
2015/02/15,15627,14.0,7,0
2015/02/16,14122,10.0,1,0
2015/02/17,13121,8.0,2,0
2015/02/18,12391,7.5,3,-1
2015/02/19,10818,8.0,4,-1
2015/02/20,11304,11.5,5,-1
2015/02/21,11682,11.5,6,1
2015/02/22,12032,8.0,7,1
2015/02/23,12913,8.5,1,1
2015/02/24,13848,8.5,2,1
2015/02/25,16156,8.0,3,0
2015/02/26,17046,5.5,4,0
2015/02/27,18008,5.5,5,0
2015/02/28,18766,6.5,6,0
2015/03/01,17645,7.5,7,1
2015/03/02,19789,10.5,1,0
2015/03/03,19689,5.0,2,0
2015/03/04,19933,4.5,3,0
2015/03/05,20509,6.0,4,0
2015/03/06,20483,7.5,5,0
2015/03/07,18065,9.5,6,1
2015/03/08,17699,7.5,7,1
2015/03/09,20363,4.5,1,0
2015/03/10,20661,7.0,2,0
2015/03/11,20594,10.5,3,0
2015/03/12,20745,13.5,4,0
2015/03/13,19852,13.0,5,0
2015/03/14,17296,12.0,6,1
2015/03/15,16620,12.5,7,1
2015/03/16,18812,15.5,1,0
2015/03/17,18241,19.5,2,0
2015/03/18,18155,13.5,3,0
2015/03/19,18338,12.0,4,0
2015/03/20,18351,15.0,5,0
2015/03/21,16531,13.5,6,1
2015/03/22,15767,13.0,7,1
2015/03/23,18096,12.0,1,0
2015/03/24,18115,12.0,2,0
2015/03/25,17928,13.5,3,0
2015/03/26,17790,12.5,4,0
2015/03/27,18218,14.5,5,0
2015/03/28,16228,17.5,6,1
2015/03/29,15199,15.5,7,1
2015/03/30,17753,20.5,1,0
2015/03/31,17222,20.5,2,0
2015/04/01,17070,23.5,3,0
2015/04/02,17070,18.0,4,0
2015/04/03,17322,17.5,5,0
2015/04/04,13402,15.5,6,1
2015/04/05,13790,11.5,7,-1
2015/04/06,15515,8.5,1,1
2015/04/07,16981,9.5,2,0
2015/04/08,18776,10.5,3,0
2015/04/09,18546,13.0,4,0
2015/04/10,17404,14.0,5,0
2015/04/11,16023,15.5,6,1
2015/04/12,15116,12.0,7,1
2015/04/13,17434,12.0,1,0
2015/04/14,17389,16.5,2,0
2015/04/15,17070,19.0,3,0
2015/04/16,16718,16.5,4,0
2015/04/17,17022,22.0,5,0
2015/04/18,15880,22.0,6,1
2015/04/19,14921,15.0,7,1
2015/04/20,17254,15.0,1,0
2015/04/21,17097,17.5,2,0
2015/04/22,16970,19.5,3,0
2015/04/23,16909,19.0,4,0
2015/04/24,17145,20.0,5,0
2015/04/25,15739,21.0,6,1
2015/04/26,14978,21.5,7,1
2015/04/27,17161,23.5,1,0
2015/04/28,17559,22.0,2,0
2015/04/29,17731,20.0,3,0
2015/04/30,17731,20.5,4,0
2015/05/01,13156,20.0,5,-1
2015/05/02,14040,20.0,6,1
2015/05/03,14720,19.0,7,1
2015/05/04,17095,19.5,1,0
2015/05/05,17159,19.5,2,0
2015/05/06,17202,22.0,3,0
2015/05/07,17165,22.0,4,0
2015/05/08,17428,21.0,5,0
2015/05/09,16167,21.0,6,1
2015/05/10,15114,20.5,7,1
2015/05/11,17458,18.0,1,0
2015/05/12,17521,22.0,2,0
2015/05/13,17696,25.5,3,0
2015/05/14,17850,23.5,4,0
2015/05/15,17852,22.5,5,0
2015/05/16,16081,20.0,6,1
2015/05/17,15220,21.5,7,1
2015/05/18,18234,22.0,1,0
2015/05/19,18114,22.5,2,0
2015/05/20,17967,21.5,3,0
2015/05/21,17827,21.0,4,0
2015/05/22,17640,22.5,5,0
2015/05/23,16406,21.5,6,1
2015/05/24,15217,21.0,7,1
2015/05/25,17919,23.0,1,0
2015/05/26,17781,23.0,2,0
2015/05/27,18031,22.0,3,0
2015/05/28,18300,23.0,4,0
2015/05/29,18244,22.0,5,0
2015/05/30,16489,22.0,6,1
2015/05/31,15115,23.5,7,1
2015/06/01,18285,25.5,1,0
2015/06/02,18976,23.0,2,0
2015/06/03,18556,22.5,3,0
2015/06/04,18492,22.5,4,0
2015/06/05,18303,24.0,5,0
2015/06/06,17021,26.0,6,1
2015/06/07,15411,23.5,7,1
2015/06/08,18725,22.0,1,0
2015/06/09,18536,23.0,2,0
2015/06/10,18743,24.5,3,0
2015/06/11,19578,27.0,4,0
2015/06/12,20560,29.0,5,0
2015/06/13,18762,27.5,6,1
2015/06/14,17375,26.5,7,1
2015/06/15,19790,24.5,1,0
2015/06/16,19567,22.0,2,0
2015/06/17,19567,22.0,3,0
2015/06/18,19083,22.0,4,0
2015/06/19,19398,24.5,5,0
2015/06/20,12897,25.5,6,-1
2015/06/21,14804,24.0,7,1
2015/06/22,16249,22.5,1,1
2015/06/23,20018,26.5,2,0
2015/06/24,21094,28.0,3,0
2015/06/25,24032,29.5,4,0
2015/06/26,23854,25.0,5,0
2015/06/27,22958,23.0,6,1
2015/06/28,16415,22.5,7,1
2015/06/29,20966,24.5,1,0
2015/06/30,23178,27.5,2,0
2015/07/01,20010,22.0,3,0
2015/07/02,19730,25.5,4,0
2015/07/03,20167,26.0,5,0
2015/07/04,17084,22.5,6,1
2015/07/05,16180,22.0,7,1
2015/07/06,19706,20.5,1,0
2015/07/07,17695,21.5,2,0
2015/07/08,18133,24.0,3,0
2015/07/09,19223,25.5,4,0
2015/07/10,19548,26.5,5,0
2015/07/11,16292,24.5,6,1
2015/07/12,15875,25.5,7,1
2015/07/13,21996,29.0,1,0
2015/07/14,23322,29.0,2,0
2015/07/15,23158,28.0,3,0
2015/07/16,22659,27.0,4,0
2015/07/17,22065,26.0,5,0
2015/07/18,17781,26.0,6,1
2015/07/19,17503,28.0,7,1
2015/07/20,22596,28.5,1,0
2015/07/21,22960,28.5,2,0
2015/07/22,23214,28.0,3,0
2015/07/23,23839,28.5,4,0
2015/07/24,24441,30.0,5,0
2015/07/25,22495,30.5,6,1
2015/07/26,22048,31.0,7,1
2015/07/27,26466,32.0,1,0
2015/07/28,28284,34.0,2,0
2015/07/29,28365,34.0,3,0
2015/07/30,28031,33.0,4,0
2015/07/31,27567,33.0,5,0
2015/08/01,25125,33.5,6,1
2015/08/02,24562,33.5,7,1
2015/08/03,29820,33.0,1,0
2015/08/04,29253,33.0,2,0
2015/08/05,29193,32.0,3,0
2015/08/06,27145,31.5,4,0
2015/08/07,26956,31.0,5,0
2015/08/08,22798,29.5,6,1
2015/08/09,20887,29.5,7,1
2015/08/10,24779,28.5,1,0
2015/08/11,24321,26.5,2,0
2015/08/12,22675,27.5,3,0
2015/08/13,23481,28.5,4,0
2015/08/14,23187,28.5,5,0
2015/08/15,21344,28.5,6,1
2015/08/16,19929,27.0,7,1
2015/08/17,23057,28.0,1,0
2015/08/18,23287,28.0,2,0
2015/08/19,23599,29.5,3,0
2015/08/20,23997,28.5,4,0
2015/08/21,22653,26.5,5,0
2015/08/22,18890,23.5,6,1
2015/08/23,17633,24.5,7,1
2015/08/24,21595,24.5,1,0
2015/08/25,20122,26.0,2,0
2015/08/26,20793,26.5,3,0
2015/08/27,21420,27.5,4,0
2015/08/28,21444,27.5,5,0
2015/08/29,18776,26.5,6,1
2015/08/30,17472,26.5,7,1
2015/08/31,20801,27.0,1,0
2015/09/01,21865,27.5,2,0
2015/09/02,22095,27.0,3,0
2015/09/03,15027,27.5,4,-1
2015/09/04,17698,27.5,5,1
2015/09/05,17520,26.0,6,1
2015/09/06,20574,26.0,7,0
2015/09/07,21221,26.0,1,0
2015/09/08,20942,25.5,2,0
2015/09/09,20615,25.5,3,0
2015/09/10,20166,25.5,4,0
2015/09/11,20574,26.0,5,0
2015/09/12,17511,22.5,6,1
2015/09/13,16073,23.5,7,1
2015/09/14,18908,24.5,1,0
2015/09/15,18782,21.5,2,0
2015/09/16,18528,23.0,3,0
2015/09/17,18643,24.5,4,0
2015/09/18,18858,24.0,5,0
2015/09/19,17096,24.5,6,1
2015/09/20,15842,24.0,7,1
2015/09/21,19116,25.5,1,0
2015/09/22,19170,25.0,2,0
2015/09/23,18768,23.0,3,0
2015/09/24,19211,24.5,4,0
2015/09/25,19163,24.5,5,0
2015/09/26,16481,25.0,6,1
2015/09/27,14893,25.0,7,-1
2015/09/28,18199,25.5,1,0
2015/09/29,18070,23.0,2,0
2015/09/30,17711,26.5,3,0
2015/10/01,12362,21.0,4,-1
2015/10/02,12664,21.5,5,1
2015/10/03,12689,23.5,6,1
2015/10/04,13600,22.5,7,1
2015/10/05,14080,19.5,1,1
2015/10/06,14735,22.0,2,1
2015/10/07,15502,22.0,3,1
2015/10/08,17235,20.0,4,0
2015/10/09,17212,20.5,5,0
2015/10/10,16927,18.5,6,0
2015/10/11,15185,17.0,7,1
2015/10/12,16999,19.0,1,0
2015/10/13,17168,20.0,2,0
2015/10/14,17259,20.5,3,0
2015/10/15,17632,22.0,4,0
2015/10/16,17683,22.0,5,0
2015/10/17,16140,21.5,6,1
2015/10/18,15146,21.0,7,1
2015/10/19,17395,21.5,1,0
2015/10/20,17523,21.5,2,0
2015/10/21,17622,22.5,3,0
2015/10/22,17701,23.0,4,0
2015/10/23,17718,23.0,5,0
2015/10/24,16360,22.0,6,1
2015/10/25,15224,21.0,7,1
2015/10/26,17450,21.0,1,0
2015/10/27,17255,17.0,2,0
2015/10/28,17026,18.0,3,0
2015/10/29,17376,16.0,4,0
2015/10/30,17098,17.0,5,0
2015/10/31,15588,15.5,6,1
2015/11/01,15009,13.0,7,1
2015/11/02,16993,15.0,1,0
2015/11/03,16883,16.0,2,0
2015/11/04,17191,19.0,3,0
2015/11/05,17338,21.5,4,0
2015/11/06,17547,21.5,5,0
2015/11/07,15945,20.5,6,1
2015/11/08,15314,14.5,7,1
2015/11/09,17498,13.5,1,0
2015/11/10,17392,13.5,2,0
2015/11/11,17475,15.0,3,0
2015/11/12,17651,16.5,4,0
2015/11/13,17772,15.5,5,0
2015/11/14,16118,14.5,6,1
2015/11/15,15303,16.0,7,1
2015/11/16,17276,18.5,1,0
2015/11/17,17488,15.5,2,0
2015/11/18,17580,15.5,3,0
2015/11/19,17822,14.5,4,0
2015/11/20,17904,15.5,5,0
2015/11/21,16371,16.5,6,1
2015/11/22,15418,17.5,7,1
2015/11/23,17908,16.0,1,0
2015/11/24,18099,11.0,2,0
2015/11/25,19340,6.5,3,0
2015/11/26,20815,2.5,4,0
2015/11/27,21500,3.0,5,0
2015/11/28,20411,9.5,6,1
2015/11/29,17731,11.0,7,1
2015/11/30,19719,12.0,1,0
2015/12/01,18497,14.5,2,0
2015/12/02,19106,10.0,3,0
2015/12/03,19446,7.5,4,0
2015/12/04,20580,7.0,5,0
2015/12/05,18744,6.0,6,1
2015/12/06,17979,7.0,7,1
2015/12/07,20092,9.0,1,0
2015/12/08,19995,11.0,2,0
2015/12/09,19850,13.5,3,0
2015/12/10,20207,12.0,4,0
2015/12/11,20348,9.0,5,0
2015/12/12,18510,8.5,6,1
2015/12/13,18373,9.5,7,1
2015/12/14,20970,8.0,1,0
2015/12/15,21154,6.5,2,0
2015/12/16,22005,3.5,3,0
2015/12/17,22777,3.0,4,0
2015/12/18,22403,4.5,5,0
2015/12/19,19619,8.5,6,1
2015/12/20,18567,9.5,7,1
2015/12/21,21297,8.5,1,0
2015/12/22,20819,11.5,2,0
2015/12/23,21039,9.5,3,0
2015/12/24,20709,9.5,4,0
2015/12/25,20740,8.0,5,0
2015/12/26,19471,9.0,6,1
2015/12/27,18919,8.5,7,1
2015/12/28,21459,6.0,1,0
2015/12/29,21255,6.5,2,0
2015/12/30,20594,8.0,3,0
2015/12/31,20252,6.5,4,0
2016/01/01,17320,8.0,5,-1
2016/01/02,17769,12.5,6,1
2016/01/03,18522,12.5,7,1
2016/01/04,19726,12.0,1,0
2016/01/05,20829,8.5,2,0
2016/01/06,21306,7.0,3,0
2016/01/07,21404,7.0,4,0
2016/01/08,21915,5.0,5,0
2016/01/09,19889,6.0,6,1
2016/01/10,18898,8.5,7,1
2016/01/11,22129,6.0,1,0
2016/01/12,22512,3.5,2,0
2016/01/13,23378,3.0,3,0
2016/01/14,23391,3.5,4,0
2016/01/15,23119,6.5,5,0
2016/01/16,20152,7.0,6,1
2016/01/17,19586,5.5,7,1
2016/01/18,23376,2.0,1,0
2016/01/19,23890,1.5,2,0
2016/01/20,23791,3.0,3,0
2016/01/21,24724,3.0,4,0
2016/01/22,24632,2.5,5,0
2016/01/23,23519,-4.0,6,1
2016/01/24,23518,-5.5,7,1
2016/01/25,25436,-1.5,1,0
2016/01/26,24252,2.0,2,0
2016/01/27,23881,5.5,3,0
2016/01/28,22806,8.0,4,0
2016/01/29,22448,5.5,5,0
2016/01/30,19967,5.0,6,1
2016/01/31,18934,3.0,7,1
2016/02/01,21023,1.0,1,0
2016/02/02,21079,2.5,2,0
2016/02/03,19609,4.0,3,0
2016/02/04,19038,3.5,4,0
2016/02/05,16660,4.5,5,0
2016/02/06,14595,2.5,6,0
2016/02/07,12793,5.0,7,-1
2016/02/08,12050,7.5,1,-1
2016/02/09,11820,11.5,2,-1
2016/02/10,11917,14.5,3,1
2016/02/11,12420,16.0,4,1
2016/02/12,13019,17.0,5,1
2016/02/13,13616,10.0,6,1
2016/02/14,16337,2.0,7,0
2016/02/15,17981,2.0,1,0
2016/02/16,19035,6.0,2,0
2016/02/17,18604,8.0,3,0
2016/02/18,18358,10.5,4,0
2016/02/19,19158,8.5,5,0
2016/02/20,17553,7.0,6,1
2016/02/21,17493,8.0,7,1
2016/02/22,20182,6.5,1,0
2016/02/23,21072,6.0,2,0
2016/02/24,20679,5.5,3,0
2016/02/25,20278,7.5,4,0
2016/02/26,19825,11.0,5,0
2016/02/27,17745,13.0,6,1
2016/02/28,16862,12.5,7,1
2016/02/29,19360,6.5,1,0
2016/03/01,20008,7.0,2,0
2016/03/02,19406,11.5,3,0
2016/03/03,18880,16.5,4,0
2016/03/04,18413,19.0,5,0
2016/03/05,16057,16.5,6,1
2016/03/06,15699,12.5,7,1
2016/03/07,18183,14.5,1,0
2016/03/08,19056,8.5,2,0
2016/03/09,20299,6.0,3,0
2016/03/10,21903,4.0,4,0
2016/03/11,21023,6.5,5,0
2016/03/12,18358,9.5,6,1
2016/03/13,16911,7.5,7,1
2016/03/14,18998,9.0,1,0
2016/03/15,19675,10.0,2,0
2016/03/16,18709,14.0,3,0
2016/03/17,18789,15.0,4,0
2016/03/18,18169,15.5,5,0
2016/03/19,16851,13.0,6,1
2016/03/20,15984,13.5,7,1
2016/03/21,18212,12.5,1,0
2016/03/22,18600,13.0,2,0
2016/03/23,19062,9.5,3,0
2016/03/24,19263,8.5,4,0
2016/03/25,19041,9.0,5,0
2016/03/26,16707,11.5,6,1
2016/03/27,15795,13.0,7,1
2016/03/28,17935,15.5,1,0
2016/03/29,17452,18.0,2,0
2016/03/30,17620,16.0,3,0
2016/03/31,17783,13.5,4,0
2016/04/01,17548,16.5,5,0
2016/04/02,15171,17.0,6,1
2016/04/03,14435,14.5,7,1
2016/04/04,13555,14.5,1,-1
2016/04/05,17201,15.5,2,0
2016/04/06,18094,15.5,3,0
2016/04/07,18141,14.5,4,0
2016/04/08,17481,17.5,5,0
2016/04/09,15983,18.5,6,1
2016/04/10,15213,18.0,7,1
2016/04/11,17364,17.5,1,0
2016/04/12,17683,16.5,2,0
2016/04/13,17470,20.0,3,0
2016/04/14,17380,20.5,4,0
2016/04/15,17122,19.0,5,0
2016/04/16,16172,18.0,6,1
2016/04/17,14799,17.5,7,1
2016/04/18,16931,16.5,1,0
2016/04/19,16850,18.5,2,0
2016/04/20,17393,18.0,3,0
2016/04/21,17465,19.5,4,0
2016/04/22,17482,21.5,5,0
2016/04/23,16237,15.5,6,1
2016/04/24,14925,16.5,7,1
2016/04/25,17422,16.0,1,0
2016/04/26,17751,16.0,2,0
2016/04/27,17595,14.5,3,0
2016/04/28,17341,18.0,4,0
2016/04/29,17048,21.0,5,0
2016/04/30,14532,22.5,6,1
2016/05/01,13155,23.5,7,-1
2016/05/02,13936,22.5,1,0
2016/05/03,16681,21.5,2,0
2016/05/04,17491,24.5,3,0
2016/05/05,17894,22.5,4,0
2016/05/06,18177,23.0,5,0
2016/05/07,16218,19.0,6,1
2016/05/08,14983,18.0,7,1
2016/05/09,17574,18.5,1,0
2016/05/10,17470,17.0,2,0
2016/05/11,17566,21.0,3,0
2016/05/12,17547,23.5,4,0
2016/05/13,17843,20.0,5,0
2016/05/14,16057,21.0,6,1
2016/05/15,15085,20.5,7,1
2016/05/16,17211,19.5,1,0
2016/05/17,17533,21.0,2,0
2016/05/18,17624,21.5,3,0
2016/05/19,17737,22.0,4,0
2016/05/20,17686,22.0,5,0
2016/05/21,16353,19.5,6,1
2016/05/22,15304,21.5,7,1
2016/05/23,17830,23.0,1,0
2016/05/24,17918,21.5,2,0
2016/05/25,18320,24.5,3,0
2016/05/26,18503,22.5,4,0
2016/05/27,18317,20.5,5,0
2016/05/28,16417,20.5,6,1
2016/05/29,15197,21.0,7,1
2016/05/30,18073,23.0,1,0
2016/05/31,18634,23.5,2,0
2016/06/01,17779,20.0,3,0
2016/06/02,17959,23.0,4,0
2016/06/03,17658,19.0,5,0
2016/06/04,16245,22.0,6,1
2016/06/05,15180,22.5,7,1
2016/06/06,18132,23.5,1,0
2016/06/07,18754,23.5,2,0
2016/06/08,18842,23.5,3,0
2016/06/09,14186,23.0,4,-1
2016/06/10,15248,24.5,5,1
2016/06/11,16748,26.5,6,1
2016/06/12,18258,22.5,7,0
2016/06/13,19022,24.5,1,0
2016/06/14,20106,27.0,2,0
2016/06/15,21318,27.0,3,0
2016/06/16,19819,23.5,4,0
2016/06/17,20620,27.0,5,0
2016/06/18,19045,27.0,6,1
2016/06/19,18369,28.5,7,1
2016/06/20,21988,27.0,1,0
2016/06/21,23280,28.5,2,0
2016/06/22,22745,27.5,3,0
2016/06/23,24307,30.0,4,0
2016/06/24,24823,28.0,5,0
2016/06/25,19688,21.0,6,1
2016/06/26,17588,23.5,7,1
2016/06/27,20400,22.5,1,0
2016/06/28,19487,23.5,2,0
2016/06/29,19573,24.5,3,0
2016/06/30,22342,30.0,4,0
2016/07/01,22610,30.0,5,0
2016/07/02,19539,30.0,6,1
2016/07/03,19054,30.0,7,1
2016/07/04,24435,30.0,1,0
2016/07/05,25414,30.0,2,0
2016/07/06,26245,30.0,3,0
2016/07/07,25188,30.0,4,0
2016/07/08,25340,30.0,5,0
2016/07/09,20258,30.0,6,1
2016/07/10,18411,30.0,7,1
2016/07/11,23190,30.0,1,0
2016/07/12,25173,30.0,2,0
2016/07/13,26445,30.0,3,0
2016/07/14,25888,30.0,4,0
2016/07/15,27338,30.0,5,0
2016/07/16,21339,30.0,6,1
2016/07/17,20429,30.0,7,1
2016/07/18,25947,30.0,1,0
2016/07/19,26100,30.0,2,0
2016/07/20,28242,30.0,3,0
2016/07/21,29476,30.0,4,0
2016/07/22,30028,30.0,5,0
2016/07/23,27483,30.0,6,1
2016/07/24,26764,30.0,7,1
